t_ms,ax,ay,az,gx,gy,gz,roll_acc,roll_filt
3,-0.0631,-0.0066,0.9906,-0.198,0.351,-0.214,-0.38,-0.01
20,-0.0652,-0.0063,0.9895,-0.107,0.412,-0.153,-0.37,-0.02
76,-0.0641,-0.0042,0.9880,0.031,0.443,-0.229,-0.24,-0.02
80,-0.0647,-0.0055,0.9895,-0.092,0.290,-0.183,-0.32,-0.03
85,-0.0646,-0.0038,0.9908,-0.198,0.305,-0.214,-0.22,-0.04
100,-0.0647,-0.0016,0.9884,-0.076,0.443,-0.214,-0.09,-0.04
120,-0.0648,0.0001,0.9902,-0.061,0.427,-0.076,0.01,-0.04
140,-0.0642,-0.0016,0.9902,-0.092,0.382,-0.183,-0.09,-0.05
160,-0.0621,-0.0031,0.9894,-0.092,0.489,-0.198,-0.18,-0.05
180,-0.0618,-0.0033,0.9890,-0.153,0.366,-0.214,-0.19,-0.06
200,-0.0637,-0.0043,0.9905,-0.198,0.321,-0.198,-0.25,-0.06
220,-0.0621,-0.0034,0.9888,-0.076,0.382,-0.229,-0.20,-0.07
240,-0.0618,-0.0040,0.9875,-0.183,0.412,-0.260,-0.23,-0.07
260,-0.0640,-0.0045,0.9884,-0.107,0.443,-0.260,-0.26,-0.08
280,-0.0635,-0.0046,0.9878,-0.153,0.412,-0.366,-0.27,-0.09
300,-0.0631,-0.0045,0.9882,-0.168,0.382,-0.198,-0.26,-0.09
320,-0.0646,-0.0068,0.9885,-0.031,0.336,-0.244,-0.40,-0.10
340,-0.0646,-0.0077,0.9897,-0.076,0.321,-0.290,-0.45,-0.11
360,-0.0642,-0.0055,0.9908,-0.137,0.336,-0.275,-0.32,-0.12
380,-0.0654,-0.0066,0.9880,-0.076,0.382,-0.137,-0.38,-0.12
400,-0.0626,-0.0067,0.9904,-0.168,0.412,-0.321,-0.39,-0.13
420,-0.0620,-0.0032,0.9900,-0.107,0.351,-0.168,-0.18,-0.13
440,-0.0623,-0.0052,0.9905,-0.214,0.290,-0.244,-0.30,-0.14
460,-0.0642,-0.0028,0.9889,-0.031,0.382,-0.214,-0.16,-0.14
480,-0.0609,-0.0043,0.9901,-0.153,0.504,-0.336,-0.25,-0.15
500,-0.0609,-0.0046,0.9886,-0.107,0.412,-0.260,-0.27,-0.15
520,-0.0635,-0.0040,0.9902,-0.168,0.366,-0.260,-0.23,-0.16
540,-0.0636,-0.0039,0.9895,-0.198,0.382,-0.198,-0.23,-0.16
560,-0.0646,-0.0044,0.9922,-0.107,0.458,-0.275,-0.25,-0.17
580,-0.0658,-0.0052,0.9897,-0.214,0.397,-0.229,-0.30,-0.17
600,-0.0648,-0.0040,0.9904,-0.122,0.351,-0.229,-0.23,-0.18
621,-0.0657,-0.0044,0.9905,-0.214,0.336,-0.168,-0.25,-0.18
640,-0.0641,-0.0044,0.9904,-0.153,0.382,-0.214,-0.25,-0.19
660,-0.0651,-0.0037,0.9907,-0.092,0.275,-0.275,-0.21,-0.19
680,-0.0609,-0.0035,0.9918,-0.183,0.366,-0.229,-0.20,-0.19
700,-0.0613,-0.0035,0.9896,-0.168,0.229,-0.153,-0.20,-0.20
720,-0.0621,-0.0049,0.9894,-0.153,0.412,-0.244,-0.28,-0.20
740,-0.0616,-0.0063,0.9896,-0.153,0.427,-0.214,-0.37,-0.21
760,-0.0625,-0.0076,0.9910,-0.153,0.351,-0.198,-0.44,-0.22
780,-0.0638,-0.0065,0.9878,-0.061,0.366,-0.214,-0.38,-0.22
800,-0.0636,-0.0061,0.9878,-0.107,0.382,-0.183,-0.35,-0.22
820,-0.0602,-0.0055,0.9860,-0.229,0.412,-0.168,-0.32,-0.23
840,-0.0627,-0.0042,0.9886,-0.107,0.443,-0.183,-0.24,-0.23
860,-0.0623,-0.0035,0.9926,-0.031,0.366,-0.168,-0.20,-0.23
880,-0.0631,-0.0037,0.9912,-0.122,0.412,-0.305,-0.21,-0.24
900,-0.0634,-0.0037,0.9933,-0.092,0.382,-0.366,-0.21,-0.24
920,-0.0634,-0.0042,0.9937,-0.122,0.412,-0.183,-0.24,-0.24
940,-0.0645,-0.0031,0.9918,-0.137,0.336,-0.275,-0.18,-0.24
960,-0.0643,-0.0029,0.9933,-0.198,0.443,-0.229,-0.17,-0.24
980,-0.0635,-0.0029,0.9908,-0.183,0.397,-0.260,-0.17,-0.25
1000,-0.0610,-0.0054,0.9902,-0.137,0.260,-0.290,-0.31,-0.25
1020,-0.0613,-0.0051,0.9884,-0.183,0.290,-0.321,-0.30,-0.25
1040,-0.0626,-0.0060,0.9871,-0.137,0.382,-0.198,-0.35,-0.26
1060,-0.0646,-0.0055,0.9895,-0.244,0.458,-0.244,-0.32,-0.26
1080,-0.0618,-0.0039,0.9906,-0.137,0.336,-0.275,-0.23,-0.27
1100,-0.0626,-0.0073,0.9891,-0.122,0.382,-0.183,-0.42,-0.27
1120,-0.0631,-0.0073,0.9906,-0.183,0.305,-0.336,-0.42,-0.28
1140,-0.0482,-0.0083,0.9945,1.588,1.038,0.183,-0.48,-0.25
1160,-0.0647,-0.0070,0.9996,-0.214,0.137,-0.244,-0.40,-0.26
1180,-0.0616,-0.0015,0.9813,0.015,0.443,-0.183,-0.09,-0.25
1201,-0.0641,-0.0070,0.9861,-0.107,0.580,-0.305,-0.40,-0.26
1220,-0.0619,-0.0046,0.9886,-0.137,0.351,-0.229,-0.27,-0.26
1240,-0.0635,-0.0004,0.9902,-0.229,0.321,-0.137,-0.02,-0.26
1260,-0.0632,-0.0033,0.9886,-0.092,0.427,-0.183,-0.19,-0.26
1280,-0.0638,-0.0023,0.9896,-0.229,0.519,-0.214,-0.13,-0.26
1300,-0.0635,-0.0050,0.9900,-0.260,0.443,-0.260,-0.29,-0.27
1320,-0.0653,-0.0042,0.9919,-0.092,0.397,-0.107,-0.24,-0.27
1341,-0.0656,-0.0039,0.9874,-0.321,0.031,-0.290,-0.23,-0.28
1361,-0.0660,-0.0051,0.9911,-0.382,0.366,-0.137,-0.30,-0.28
1399,-0.0643,-0.0063,0.9901,-0.046,0.656,-0.382,-0.37,-0.29
1403,-0.0642,-0.0045,0.9895,-0.107,0.626,-0.275,-0.26,-0.29
1420,-0.0626,-0.0021,0.9924,-0.244,0.336,-0.229,-0.12,-0.29
1440,-0.0620,-0.0018,0.9899,-0.275,0.244,-0.229,-0.11,-0.29
1460,-0.0598,-0.0045,0.9890,-0.092,0.366,-0.305,-0.26,-0.29
1480,-0.0602,-0.0054,0.9900,-0.046,0.550,-0.244,-0.31,-0.29
1500,-0.0608,-0.0071,0.9915,-0.122,0.534,-0.321,-0.41,-0.30
1520,-0.0601,-0.0039,0.9919,-0.137,0.504,-0.275,-0.23,-0.30
1540,-0.0630,-0.0034,0.9912,-0.122,0.473,-0.198,-0.20,-0.30
1560,-0.0591,-0.0057,0.9901,-0.168,0.626,-0.321,-0.33,-0.30
1580,-0.0632,-0.0048,0.9917,-0.076,0.443,-0.214,-0.28,-0.31
1600,-0.0659,-0.0038,0.9901,-0.061,0.550,-0.305,-0.22,-0.30
1620,-0.0643,-0.0038,0.9895,-0.015,0.580,-0.275,-0.22,-0.30
1640,-0.0656,-0.0024,0.9907,-0.092,0.580,-0.214,-0.14,-0.30
1660,-0.0667,-0.0028,0.9913,-0.168,0.611,-0.183,-0.16,-0.30
1680,-0.0662,-0.0017,0.9926,-0.260,0.412,-0.214,-0.10,-0.30
1700,-0.0640,-0.0018,0.9882,-0.260,0.672,-0.137,-0.11,-0.30
1720,-0.0643,-0.0017,0.9916,-0.305,1.069,0.000,-0.10,-0.31
1740,-0.0649,-0.0045,0.9927,-0.229,0.931,-0.214,-0.26,-0.31
1760,-0.0649,-0.0048,0.9910,-0.397,0.702,-0.214,-0.28,-0.32
1780,-0.0632,-0.0061,0.9845,-0.137,0.840,-0.244,-0.36,-0.32
1801,-0.0642,-0.0032,0.9916,-0.198,0.947,-0.137,-0.18,-0.32
1820,-0.0640,-0.0056,0.9919,-0.122,0.809,-0.183,-0.32,-0.32
1840,-0.0645,-0.0045,0.9941,-0.092,0.519,-0.137,-0.26,-0.32
1860,-0.0658,-0.0060,0.9945,-0.046,0.244,-0.092,-0.34,-0.33
1880,-0.0612,-0.0071,0.9907,-0.061,0.183,-0.183,-0.41,-0.33
1900,-0.0632,-0.0033,0.9946,-0.107,0.290,-0.168,-0.19,-0.33
1921,-0.0646,-0.0023,0.9932,-0.137,0.168,-0.168,-0.13,-0.33
1940,-0.0629,-0.0032,0.9893,-0.107,0.153,-0.260,-0.18,-0.33
1960,-0.0662,-0.0043,0.9871,-0.046,0.473,-0.107,-0.25,-0.33
1980,-0.0664,-0.0043,0.9915,-0.137,0.550,-0.137,-0.25,-0.33
2000,-0.0684,-0.0040,0.9926,-0.031,0.275,-0.137,-0.23,-0.33
2020,-0.0646,-0.0042,0.9899,-0.198,0.336,-0.122,-0.24,-0.33
2040,-0.0654,-0.0043,0.9924,-0.183,0.427,-0.198,-0.25,-0.33
2060,-0.0651,-0.0042,0.9912,-0.046,0.443,-0.290,-0.24,-0.33
2080,-0.0659,-0.0028,0.9941,-0.168,0.336,-0.244,-0.16,-0.33
2100,-0.0658,-0.0023,0.9884,-0.321,-0.244,-0.198,-0.13,-0.33
2120,-0.0619,-0.0032,0.9922,-0.076,0.168,-0.244,-0.18,-0.33
2140,-0.0642,-0.0043,0.9897,-0.107,0.366,-0.198,-0.25,-0.33
2160,-0.0634,-0.0027,0.9884,-0.107,0.550,-0.214,-0.16,-0.33
2180,-0.0637,-0.0042,0.9885,-0.198,0.473,-0.290,-0.24,-0.33
2200,-0.0632,-0.0050,0.9940,-0.305,0.443,-0.198,-0.29,-0.34
2220,-0.0629,-0.0044,0.9912,-0.305,0.046,-0.153,-0.25,-0.34
2240,-0.0631,-0.0031,0.9880,-0.168,0.137,-0.214,-0.18,-0.34
2260,-0.0635,-0.0079,0.9924,-0.244,0.336,-0.031,-0.46,-0.35
2280,-0.0634,-0.0112,0.9972,-0.122,-0.214,-0.107,-0.65,-0.36
2300,-0.0627,-0.0049,0.9841,-0.183,0.534,-0.321,-0.28,-0.36
2320,-0.0643,-0.0040,0.9950,-0.260,0.824,-0.168,-0.23,-0.36
2340,-0.0684,-0.0023,0.9941,-0.382,0.336,-0.244,-0.13,-0.36
2360,-0.0688,-0.0031,0.9960,-0.397,-0.214,-0.351,-0.18,-0.37
2380,-0.0630,-0.0020,0.9912,-0.427,-0.412,-0.092,-0.11,-0.37
2400,-0.0647,-0.0055,0.9857,-0.244,0.153,-0.153,-0.32,-0.37
2420,-0.0631,-0.0033,0.9884,-0.168,0.733,-0.290,-0.19,-0.37
2440,-0.0676,-0.0026,0.9945,-0.198,0.489,-0.198,-0.15,-0.37
2460,-0.0653,-0.0046,0.9937,-0.229,0.122,-0.153,-0.27,-0.38
2480,-0.0605,-0.0029,0.9886,-0.382,0.260,-0.214,-0.17,-0.38
2500,-0.0626,-0.0043,0.9908,-0.382,0.443,-0.061,-0.25,-0.38
2520,-0.0645,-0.0043,0.9905,-0.122,0.366,-0.198,-0.25,-0.38
2540,-0.0608,-0.0048,0.9910,-0.076,0.137,-0.244,-0.28,-0.38
2561,-0.0615,-0.0054,0.9924,-0.168,0.336,-0.214,-0.31,-0.38
2580,-0.0635,-0.0067,0.9929,-0.122,0.443,-0.153,-0.39,-0.39
2600,-0.0658,-0.0043,1.0001,-0.229,-0.107,-0.305,-0.24,-0.39
2620,-0.0574,0.0020,0.9969,-0.580,-0.779,0.092,0.11,-0.39
2640,-0.0574,0.0001,0.9899,-1.221,-0.244,0.748,0.01,-0.41
2660,-0.0618,0.0046,1.0005,-1.344,-0.305,1.618,0.27,-0.42
2680,-0.0623,0.0049,1.0148,-2.687,-1.023,2.779,0.28,-0.46
2700,-0.0696,-0.0018,1.0172,-5.954,-0.656,2.595,-0.10,-0.57
2720,-0.0597,-0.0007,1.0278,-11.359,1.053,1.542,-0.04,-0.78
2759,-0.0598,-0.0110,1.0011,-16.397,2.427,2.870,-0.63,-1.10
2763,-0.0648,-0.0121,1.0028,-16.611,2.321,2.992,-0.69,-1.42
2780,-0.0641,-0.0291,1.0183,-17.817,0.840,3.023,-1.63,-1.77
2800,-0.0441,-0.0350,1.0157,-18.855,-1.450,3.618,-1.98,-2.14
2820,-0.0610,-0.0365,1.0089,-20.107,-3.237,5.389,-2.07,-2.54
2840,-0.0906,-0.0436,1.0040,-21.695,-3.664,4.092,-2.49,-2.96
2860,-0.0679,-0.0529,1.0112,-23.359,-3.099,1.450,-2.99,-3.42
2880,-0.0428,-0.0593,1.0046,-24.687,-2.733,1.573,-3.38,-3.90
2900,-0.0448,-0.0718,0.9805,-24.641,-0.107,2.244,-4.19,-4.39
2920,-0.0686,-0.0751,0.9816,-23.038,2.137,2.718,-4.37,-4.84
2941,-0.0939,-0.0802,0.9983,-24.183,1.557,0.031,-4.59,-5.31
2960,-0.0458,-0.0996,0.9874,-25.420,4.046,-2.168,-5.76,-5.82
2980,-0.0393,-0.1046,0.9797,-23.954,9.328,-0.870,-6.09,-6.29
3000,-0.0807,-0.1124,0.9777,-22.702,9.664,-0.305,-6.56,-6.74
3020,-0.0934,-0.1243,0.9806,-22.473,1.985,-1.573,-7.22,-7.19
3040,-0.0840,-0.1257,0.9846,-20.321,-6.931,-0.885,-7.28,-7.59
3060,-0.0968,-0.1204,0.9890,-21.679,-9.267,-3.053,-6.94,-8.00
3080,-0.0436,-0.1460,0.9915,-22.550,-6.519,-4.550,-8.38,-8.45
3100,-0.0365,-0.1558,0.9926,-22.855,-4.336,-2.580,-8.92,-8.91
3120,-0.0656,-0.1566,0.9801,-23.053,-4.504,-1.878,-9.08,-9.37
3140,-0.0679,-0.1687,0.9763,-22.824,-4.046,-3.481,-9.80,-9.82
3160,-0.0743,-0.1741,0.9741,-21.511,-2.977,-4.977,-10.13,-10.25
3180,-0.0726,-0.1876,0.9858,-21.389,-2.275,-7.771,-10.78,-10.68
3200,-0.0269,-0.1906,0.9724,-20.977,-1.954,-7.664,-11.09,-11.10
3220,-0.0410,-0.1866,0.9813,-20.489,-4.519,-4.565,-10.77,-11.49
3240,-0.0454,-0.1947,0.9939,-22.397,-7.618,-3.863,-11.08,-11.93
3260,-0.0168,-0.2090,0.9855,-24.046,-5.725,-2.702,-11.97,-12.40
3280,0.0090,-0.2079,0.9675,-23.817,-2.366,0.595,-12.13,-12.86
3300,-0.0013,-0.2219,0.9590,-23.130,-2.641,5.878,-13.03,-13.32
3320,-0.0392,-0.2325,0.9698,-22.962,-4.427,8.458,-13.48,-13.77
3340,-0.0615,-0.2448,0.9891,-23.924,-4.153,7.679,-13.90,-14.24
3360,-0.0631,-0.2456,0.9663,-24.412,-1.359,5.008,-14.26,-14.72
3380,-0.0707,-0.2739,0.9890,-25.786,0.473,1.863,-15.48,-15.24
3400,-0.0718,-0.2540,0.9867,-28.443,1.511,-1.328,-14.44,-15.78
3420,-0.0754,-0.2593,0.9882,-33.023,5.725,-5.939,-14.70,-16.41
3440,-0.0415,-0.2659,1.0026,-39.313,10.733,-9.817,-14.85,-17.15
3460,-0.0016,-0.3170,0.9904,-42.061,15.573,-8.336,-17.75,-17.98
3480,0.0012,-0.3040,0.9678,-43.145,15.282,-3.420,-17.44,-18.82
3500,-0.0446,-0.3176,0.9600,-44.977,11.252,0.733,-18.31,-19.69
3520,-0.0564,-0.3420,0.9205,-45.450,7.511,1.191,-20.38,-20.59
3540,-0.0446,-0.3572,0.9069,-43.221,4.305,2.992,-21.50,-21.46
3560,-0.0453,-0.3879,0.9092,-40.962,0.290,5.603,-23.11,-22.29
3580,-0.0521,-0.3788,0.8998,-38.626,-2.672,7.893,-22.83,-23.06
3600,-0.0898,-0.3914,0.9054,-38.489,-4.198,7.603,-23.38,-23.82
3620,-0.0862,-0.4149,0.8969,-37.939,0.443,3.267,-24.83,-24.59
3640,-0.0315,-0.4294,0.8936,-36.611,6.153,2.519,-25.67,-25.33
3660,-0.0999,-0.4403,0.8800,-34.534,6.595,3.282,-26.58,-26.03
3680,-0.1268,-0.4448,0.8844,-33.817,6.885,-2.321,-26.70,-26.70
3700,-0.0710,-0.4709,0.8677,-31.618,6.824,-5.282,-28.49,-27.36
3720,-0.0723,-0.4749,0.8571,-28.305,2.977,-3.939,-28.99,-27.95
3740,-0.0745,-0.4755,0.8623,-25.878,-2.824,-4.000,-28.87,-28.47
3760,-0.0598,-0.4774,0.8687,-24.489,-7.908,-2.031,-28.79,-28.96
3780,-0.0776,-0.4785,0.8732,-25.069,-11.328,-1.450,-28.72,-29.45
3800,-0.0480,-0.5081,0.8691,-25.527,-5.725,-3.405,-30.31,-29.96
3820,-0.0269,-0.5125,0.8689,-25.176,0.321,-1.847,-30.53,-30.47
3840,-0.0431,-0.5120,0.8696,-25.557,-1.389,1.191,-30.49,-30.97
3860,-0.0469,-0.5201,0.8589,-25.847,-8.061,3.099,-31.20,-31.48
3880,-0.0514,-0.5226,0.8553,-26.504,-12.519,5.267,-31.42,-32.00
3900,-0.0488,-0.5361,0.8381,-25.908,-16.290,6.687,-32.61,-32.52
3920,-0.0397,-0.5491,0.8514,-25.786,-17.802,7.588,-32.82,-33.03
3940,-0.0764,-0.5419,0.8491,-26.885,-17.511,7.847,-32.54,-33.55
3960,-0.0181,-0.5720,0.8434,-28.351,-11.298,5.344,-34.15,-34.12
3980,-0.0240,-0.5585,0.8492,-29.374,-2.840,7.008,-33.33,-34.68
4000,-0.0499,-0.5687,0.8433,-32.565,6.855,3.985,-34.00,-35.30
4020,-0.0522,-0.5863,0.8115,-34.137,15.573,1.954,-35.85,-35.98
4040,-0.0610,-0.6055,0.7900,-33.115,17.023,0.260,-37.47,-36.66
4079,-0.0328,-0.6138,0.7739,-28.931,8.183,4.733,-38.42,-37.26
4083,-0.0374,-0.6169,0.7719,-28.412,6.321,5.756,-38.64,-37.85
4100,-0.0570,-0.6249,0.7587,-26.183,-0.092,8.137,-39.48,-38.39
4120,-0.0746,-0.6198,0.7700,-24.229,-2.550,8.382,-38.83,-38.87
4140,-0.0531,-0.6344,0.7813,-24.260,-1.573,7.893,-39.08,-39.35
4160,-0.0701,-0.6400,0.7605,-24.305,0.076,8.107,-40.08,-39.85
4180,-0.0835,-0.6511,0.7435,-22.565,-1.084,7.252,-41.21,-40.31
4200,-0.0620,-0.6674,0.7590,-19.924,-6.443,8.092,-41.32,-40.73
4220,-0.0793,-0.6422,0.7616,-20.000,-11.023,9.420,-40.14,-41.11
4240,-0.0686,-0.6461,0.7744,-22.305,-7.466,7.359,-39.84,-41.52
4260,-0.0706,-0.6661,0.7698,-25.176,-0.824,6.641,-40.87,-42.00
4280,-0.0797,-0.6740,0.7283,-25.267,2.534,4.763,-42.78,-42.51
4300,-0.0912,-0.7186,0.7073,-22.076,-0.107,3.756,-45.46,-43.00
4320,-0.1000,-0.7086,0.6787,-16.443,-3.786,1.527,-46.23,-43.39
4340,-0.0963,-0.7048,0.6813,-11.298,-5.450,-0.992,-45.97,-43.66
4360,-0.1001,-0.6975,0.6943,-7.344,-5.466,-3.527,-45.13,-43.83
4380,-0.0934,-0.7048,0.7114,-5.420,-1.786,-8.214,-44.73,-43.96
4400,-0.0516,-0.7083,0.7145,-4.198,4.107,-9.893,-44.75,-44.06
4420,-0.0457,-0.7085,0.7239,-3.084,3.954,-8.351,-44.38,-44.12
4440,-0.0581,-0.7013,0.7284,-2.412,-0.992,-6.733,-43.91,-44.17
4460,-0.0581,-0.6923,0.7307,-3.252,-3.847,-5.771,-43.45,-44.22
4480,-0.0385,-0.7019,0.7454,-4.870,0.076,-6.427,-43.28,-44.29
4500,-0.0262,-0.6932,0.7458,-7.588,2.595,-4.290,-42.91,-44.41
4520,-0.0339,-0.6998,0.7250,-8.855,-0.366,-1.237,-43.99,-44.58
4540,-0.0492,-0.7074,0.7188,-9.176,-4.931,0.763,-44.54,-44.76
4560,-0.0326,-0.7083,0.7249,-9.740,-5.328,2.290,-44.34,-44.94
4580,-0.0453,-0.7039,0.7000,-10.229,-4.443,3.756,-45.16,-45.15
4600,-0.0620,-0.7122,0.6992,-9.313,-3.603,3.588,-45.53,-45.34
4620,-0.0320,-0.7330,0.7129,-8.794,-1.847,3.420,-45.80,-45.52
4640,-0.0216,-0.7228,0.7128,-8.977,-2.443,6.397,-45.40,-45.69
4660,-0.0642,-0.7155,0.6826,-8.473,-6.382,8.061,-46.35,-45.87
4680,-0.0635,-0.7191,0.6873,-7.008,-7.924,7.176,-46.30,-46.02
4700,-0.0593,-0.7335,0.7009,-6.443,-4.260,5.588,-46.30,-46.15
4720,-0.0553,-0.7332,0.6978,-6.565,0.595,4.244,-46.42,-46.28
4741,-0.0687,-0.7351,0.6851,-5.802,1.252,2.885,-47.02,-46.41
4760,-0.0703,-0.7251,0.6838,-4.336,-0.580,1.985,-46.68,-46.50
4780,-0.0909,-0.7245,0.7079,-4.565,-1.481,-0.275,-45.66,-46.57
4800,-0.0625,-0.7311,0.6956,-5.359,2.687,-1.679,-46.43,-46.68
4820,-0.0544,-0.7395,0.6833,-5.053,4.885,-3.282,-47.26,-46.79
4840,-0.0544,-0.7369,0.6711,-3.038,4.763,-2.977,-47.68,-46.86
4860,-0.0479,-0.7358,0.6829,-1.695,1.099,-2.031,-47.14,-46.90
4880,-0.0500,-0.7390,0.6816,-0.504,-0.107,-0.595,-47.31,-46.92
4900,-0.0675,-0.7423,0.6826,0.489,0.763,-1.328,-47.40,-46.92
4920,-0.0551,-0.7257,0.6980,0.244,0.580,-2.290,-46.12,-46.90
4940,-0.0376,-0.7356,0.7000,-0.687,0.397,-0.718,-46.42,-46.90
4960,-0.0469,-0.7395,0.6942,-1.053,-0.260,0.855,-46.81,-46.92
4980,-0.0472,-0.7316,0.6967,-1.542,0.458,1.282,-46.40,-46.94
5000,-0.0439,-0.7321,0.7029,-2.198,-0.275,2.443,-46.16,-46.97
5020,-0.0553,-0.7354,0.6858,-2.702,-0.122,3.664,-47.00,-47.02
5040,-0.0713,-0.7379,0.6768,-1.985,0.260,2.931,-47.48,-47.07
5060,-0.0638,-0.7406,0.6868,-1.099,1.176,1.573,-47.16,-47.09
5080,-0.0439,-0.7382,0.6852,-1.084,2.046,2.321,-47.13,-47.12
5100,-0.0778,-0.7416,0.6686,0.168,1.725,2.397,-47.96,-47.13
5120,-0.0818,-0.7351,0.6797,1.527,1.939,-0.275,-47.24,-47.10
5140,-0.0582,-0.7375,0.7003,1.237,3.038,-1.115,-46.48,-47.07
5160,-0.0524,-0.7410,0.6945,0.076,2.824,-0.015,-46.86,-47.06
5180,-0.0691,-0.7366,0.6852,0.366,1.634,0.107,-47.07,-47.05
5200,-0.0537,-0.7379,0.6963,0.534,1.237,0.275,-46.66,-47.03
5220,-0.0602,-0.7310,0.6967,-0.687,1.756,0.840,-46.38,-47.03
5240,-0.0702,-0.7358,0.6968,-1.511,2.626,0.687,-46.56,-47.06
5260,-0.0627,-0.7382,0.6876,-2.092,5.435,-0.305,-47.03,-47.10
5280,-0.0460,-0.7357,0.6863,-1.969,7.282,0.443,-46.99,-47.13
5300,-0.0660,-0.7390,0.6760,-1.313,3.695,2.672,-47.55,-47.17
5320,-0.0811,-0.7350,0.6831,-0.489,-1.420,3.099,-47.10,-47.17
5340,-0.0771,-0.7394,0.6888,-0.641,0.641,0.962,-47.03,-47.18
5360,-0.0535,-0.7394,0.6923,-1.008,2.733,1.160,-46.89,-47.20
5398,-0.0940,-0.7448,0.6682,0.916,-3.191,2.931,-48.10,-47.20
5402,-0.1022,-0.7456,0.6721,1.267,-3.603,2.397,-47.97,-47.19
5420,-0.0857,-0.7336,0.6802,2.137,-2.153,-0.748,-47.17,-47.15
5440,-0.0620,-0.7417,0.6807,2.473,0.870,-1.481,-47.46,-47.10
5460,-0.0620,-0.7379,0.6711,3.954,-1.573,-0.229,-47.71,-47.04
5480,-0.0654,-0.7390,0.6755,6.321,-6.748,1.832,-47.57,-46.93
5500,-0.0724,-0.7338,0.6886,6.977,-9.099,2.092,-46.82,-46.79
5520,-0.0646,-0.7252,0.6968,6.641,-5.221,0.550,-46.15,-46.64
5540,-0.0540,-0.7296,0.6998,6.092,-2.305,0.656,-46.19,-46.51
5560,-0.0702,-0.7284,0.6902,6.092,-3.679,1.344,-46.54,-46.40
5580,-0.0652,-0.7236,0.6978,6.595,-3.802,0.595,-46.04,-46.26
5600,-0.0446,-0.7244,0.7092,6.107,-1.664,1.023,-45.60,-46.13
5620,-0.0529,-0.7334,0.7069,5.588,-1.344,2.977,-46.05,-46.02
5640,-0.0825,-0.7224,0.6812,6.718,-2.595,2.550,-46.68,-45.90
5660,-0.0767,-0.7164,0.6949,8.198,-3.053,0.947,-45.87,-45.74
5680,-0.0511,-0.7131,0.7238,7.603,-1.679,0.626,-44.58,-45.56
5700,-0.0582,-0.7142,0.7114,6.534,0.366,1.038,-45.11,-45.43
5720,-0.0708,-0.7152,0.7056,6.809,1.206,0.366,-45.39,-45.29
5740,-0.0725,-0.7129,0.7114,7.145,0.489,-0.733,-45.06,-45.15
5761,-0.0679,-0.7084,0.7141,7.328,1.847,-1.389,-44.77,-45.00
5780,-0.0826,-0.7133,0.7104,7.542,3.725,-2.794,-45.11,-44.85
5800,-0.0559,-0.7083,0.7219,7.893,3.160,-3.130,-44.45,-44.69
5820,-0.0737,-0.7046,0.7277,7.710,-0.076,-2.504,-44.08,-44.53
5840,-0.0648,-0.7014,0.7322,6.824,-0.214,-3.267,-43.77,-44.38
5860,-0.0640,-0.6932,0.7401,5.359,2.473,-4.046,-43.13,-44.25
5880,-0.0334,-0.7042,0.7419,3.634,2.382,-3.176,-43.51,-44.16
5900,-0.0454,-0.6897,0.7510,1.832,0.382,-0.290,-42.56,-44.09
5921,-0.0577,-0.6965,0.7372,-0.397,0.458,0.702,-43.38,-44.09
5940,-0.0647,-0.6968,0.7308,-0.947,0.198,0.595,-43.63,-44.10
5960,-0.0453,-0.6945,0.7426,-2.168,-0.534,1.618,-43.08,-44.12
5981,-0.0706,-0.6938,0.7330,-3.786,-0.076,1.405,-43.43,-44.18
6000,-0.0574,-0.7004,0.7317,-4.412,-0.305,1.313,-43.75,-44.26
6020,-0.0673,-0.7103,0.7173,-4.214,-0.122,1.130,-44.72,-44.35
6040,-0.0811,-0.7068,0.7101,-3.130,-0.076,0.076,-44.87,-44.42
6060,-0.0746,-0.7052,0.7174,-2.458,1.069,-1.802,-44.51,-44.47
6080,-0.0657,-0.7026,0.7196,-2.580,3.527,-3.130,-44.32,-44.52
6100,-0.0669,-0.7101,0.7085,-1.878,2.855,-3.099,-45.06,-44.56
6120,-0.0658,-0.7096,0.7139,-0.763,1.588,-3.450,-44.83,-44.59
6140,-0.0447,-0.7023,0.7234,-0.504,2.534,-2.641,-44.15,-44.59
6160,-0.0629,-0.7045,0.7186,-0.855,1.618,-1.603,-44.43,-44.60
6180,-0.0535,-0.7091,0.7217,-0.901,1.191,-1.038,-44.50,-44.62
6200,-0.0641,-0.7043,0.7173,-1.115,-0.015,-0.412,-44.48,-44.63
6220,-0.0573,-0.7025,0.7219,-1.359,0.351,-0.992,-44.22,-44.65
6240,-0.0417,-0.7136,0.7203,-1.588,1.267,0.458,-44.73,-44.69
6260,-0.0549,-0.7090,0.7155,-1.267,-0.290,1.878,-44.74,-44.71
6280,-0.0624,-0.7068,0.7131,-1.176,-0.656,1.969,-44.74,-44.74
6300,-0.0668,-0.7114,0.7046,-0.260,0.290,1.527,-45.28,-44.75
6320,-0.0659,-0.7107,0.7041,1.221,0.656,1.130,-45.27,-44.74
6340,-0.0657,-0.7124,0.7067,2.214,1.527,0.672,-45.23,-44.70
6360,-0.0608,-0.7101,0.7056,3.695,1.740,0.870,-45.18,-44.64
6380,-0.0598,-0.7020,0.7032,5.282,-1.053,1.878,-44.95,-44.54
6400,-0.0654,-0.7018,0.7057,6.641,-3.969,3.115,-44.84,-44.42
6420,-0.0818,-0.7089,0.7113,7.374,-0.748,1.481,-44.90,-44.28
6440,-0.0591,-0.7048,0.7153,8.412,5.145,-0.458,-44.58,-44.13
6460,-0.0593,-0.6953,0.7118,9.725,3.176,0.962,-44.33,-43.94
6480,-0.0782,-0.6992,0.7047,12.229,-2.626,2.595,-44.78,-43.72
6500,-0.0858,-0.6954,0.7124,14.687,-5.023,1.115,-44.31,-43.44
6520,-0.0641,-0.6926,0.7245,16.305,-2.748,-0.122,-43.71,-43.13
6540,-0.0486,-0.6805,0.7242,17.191,-1.038,-0.046,-43.22,-42.79
6560,-0.0106,-0.6782,0.7250,19.145,-3.695,4.153,-43.09,-42.42
6580,-0.0852,-0.6808,0.7239,22.397,-12.397,7.832,-43.24,-42.00
6600,-0.1116,-0.6665,0.7444,24.336,-13.588,3.191,-41.84,-41.52
6620,-0.0697,-0.6488,0.7749,23.008,-3.573,-2.595,-39.94,-41.04
6640,-0.0280,-0.6459,0.7627,21.695,4.107,-3.466,-40.26,-40.60
6660,-0.0330,-0.6560,0.7538,23.160,1.969,0.382,-41.03,-40.15
6680,-0.0424,-0.6394,0.7526,25.832,-5.313,3.847,-40.35,-39.65
6718,-0.0798,-0.6145,0.7727,28.504,-2.198,-0.382,-38.49,-39.07
6722,-0.0630,-0.6195,0.7715,28.534,-0.733,-0.992,-38.76,-38.50
6740,-0.0499,-0.6124,0.7721,30.443,3.649,-1.008,-38.42,-37.90
6760,-0.0273,-0.6080,0.7716,32.885,-0.473,1.649,-38.24,-37.27
6780,-0.1199,-0.6080,0.7871,35.695,-5.115,1.725,-37.69,-36.57
6800,-0.0848,-0.5867,0.8007,37.710,-1.756,-4.427,-36.23,-35.83
6820,-0.0826,-0.5677,0.8083,38.718,1.954,-7.908,-35.08,-35.05
6840,-0.0630,-0.5597,0.8135,40.473,-1.908,-9.649,-34.53,-34.25
6860,-0.0365,-0.5552,0.8608,40.977,-6.412,-8.015,-32.82,-33.42
6880,-0.0699,-0.5471,0.8783,38.962,-6.702,-8.916,-31.92,-32.62
6901,-0.0562,-0.5101,0.8701,35.908,-3.695,-11.832,-30.38,-31.88
6920,-0.0135,-0.4967,0.8752,33.420,-1.420,-11.527,-29.58,-31.18
6940,-0.0120,-0.5000,0.8855,31.145,-1.756,-7.756,-29.45,-30.53
6960,-0.0110,-0.4886,0.8868,29.008,-0.534,-6.519,-28.85,-29.93
6980,0.0106,-0.4779,0.8900,27.542,-1.237,-2.382,-28.23,-29.35
7000,0.0005,-0.4742,0.8771,27.374,-6.534,2.321,-28.40,-28.80
7020,-0.0392,-0.4860,0.8795,29.252,-14.229,6.092,-28.92,-28.23
7040,-0.0642,-0.4729,0.8875,30.351,-17.695,3.069,-28.05,-27.63
7060,-0.0424,-0.4484,0.9061,29.115,-12.366,-0.580,-26.33,-27.03
7080,-0.0525,-0.4296,0.9094,25.924,-2.351,-5.664,-25.28,-26.49
7100,-0.0133,-0.4340,0.8953,24.779,5.603,-9.267,-25.86,-25.99
7120,0.0223,-0.4316,0.8870,27.145,2.794,-5.908,-25.95,-25.46
7140,-0.0050,-0.4310,0.9164,28.763,-7.298,-0.931,-25.19,-24.89
7160,-0.0139,-0.4028,0.9355,27.252,-6.733,-1.420,-23.30,-24.32
7180,-0.0084,-0.3905,0.9399,23.756,2.092,-3.130,-22.56,-23.82
7200,0.0055,-0.3824,0.9296,21.527,5.145,-2.290,-22.36,-23.37
7220,0.0168,-0.3854,0.9303,20.962,0.977,1.237,-22.50,-22.94
7240,-0.0123,-0.3798,0.9341,20.611,-2.275,3.603,-22.12,-22.52
7260,-0.0082,-0.3729,0.9280,20.153,0.336,3.511,-21.89,-22.12
7280,-0.0253,-0.3693,0.9391,19.374,1.557,3.389,-21.47,-21.72
7300,-0.0601,-0.3673,0.9214,19.527,1.450,1.344,-21.73,-21.34
7320,-0.0656,-0.3583,0.9312,20.000,2.840,-4.336,-21.05,-20.94
7340,-0.0168,-0.3505,0.9366,19.924,4.763,-7.221,-20.51,-20.54
7360,-0.0060,-0.3372,0.9424,19.679,4.229,-6.046,-19.69,-20.14
7380,-0.0129,-0.3339,0.9402,20.214,2.336,-4.458,-19.55,-19.73
7400,-0.0190,-0.3400,0.9391,21.099,1.038,-4.489,-19.90,-19.32
7420,-0.0322,-0.3260,0.9591,22.031,-0.244,-4.214,-18.78,-18.88
7440,-0.0271,-0.3018,0.9678,19.282,1.466,-6.779,-17.32,-18.47
7460,-0.0023,-0.3021,0.9630,16.733,6.519,-7.634,-17.42,-18.12
7480,0.0128,-0.2964,0.9530,16.443,6.656,-4.992,-17.28,-17.78
7500,0.0254,-0.2896,0.9537,16.962,2.137,-0.031,-16.89,-17.43
7520,-0.0281,-0.2939,0.9701,16.794,-3.221,3.450,-16.86,-17.09
7540,-0.0192,-0.2896,0.9581,15.267,1.359,1.985,-16.82,-16.79
7560,-0.0365,-0.2825,0.9521,15.252,6.336,0.198,-16.52,-16.48
7580,-0.0259,-0.2721,0.9454,16.504,3.450,-0.412,-16.06,-16.15
7600,-0.0344,-0.2806,0.9645,17.634,-1.344,0.290,-16.22,-15.81
7620,-0.0139,-0.2699,0.9601,17.374,1.252,-0.809,-15.70,-15.46
7640,-0.0157,-0.2516,0.9637,17.069,5.176,-0.702,-14.63,-15.11
7660,-0.0172,-0.2484,0.9603,16.901,5.389,0.641,-14.50,-14.77
7680,-0.0068,-0.2452,0.9525,18.260,4.244,1.969,-14.44,-14.40
7700,-0.0300,-0.2511,0.9680,20.183,-0.153,4.855,-14.54,-14.01
7720,-0.0696,-0.2395,0.9766,20.137,-0.916,1.450,-13.78,-13.61
7740,-0.0524,-0.2324,0.9600,19.511,5.160,-3.359,-13.61,-13.23
7760,-0.0281,-0.2188,0.9585,21.069,6.473,-3.985,-12.86,-12.81
7780,-0.0137,-0.1985,0.9862,21.710,1.206,-2.092,-11.38,-12.36
7800,0.0043,-0.1990,0.9868,20.641,-0.534,1.466,-11.40,-11.93
7820,-0.0027,-0.1901,0.9745,21.008,-0.534,5.069,-11.04,-11.50
7840,-0.0627,-0.1963,0.9742,22.305,-3.160,5.573,-11.39,-11.06
7860,-0.0663,-0.1887,1.0007,20.351,-1.740,0.153,-10.68,-10.66
7880,-0.0051,-0.1643,0.9943,17.664,5.191,-1.557,-9.38,-10.28
7900,-0.0107,-0.1517,0.9744,17.542,1.924,2.214,-8.85,-9.91
7920,-0.0621,-0.1692,0.9718,20.214,-1.786,3.008,-9.88,-9.51
7940,-0.0580,-0.1801,0.9880,20.931,0.779,-1.847,-10.33,-9.12
7960,-0.0089,-0.1410,0.9917,18.794,5.481,-3.191,-8.09,-8.73
7980,-0.0085,-0.1320,0.9785,18.336,6.076,-0.443,-7.68,-8.35
8000,-0.0486,-0.1317,0.9655,19.756,6.580,0.382,-7.77,-7.95
8041,-0.0388,-0.1227,1.0105,22.626,3.817,-2.046,-6.92,-7.49
8045,-0.0378,-0.1156,1.0131,21.969,4.168,-2.122,-6.51,-7.04
8060,-0.0183,-0.1063,1.0085,19.328,6.046,-1.924,-6.02,-6.64
8080,-0.0453,-0.1033,0.9781,18.702,7.969,-0.916,-6.03,-6.26
8100,-0.0474,-0.0895,0.9822,20.183,6.947,-1.389,-5.21,-5.84
8120,-0.0479,-0.0421,0.9833,21.908,4.580,-0.595,-2.45,-5.35
8141,-0.0352,-0.0337,0.9633,25.298,6.244,0.794,-2.00,-4.78
8160,-0.0757,-0.0929,1.0107,26.718,5.313,0.427,-5.25,-4.27
8180,-0.0537,-0.0847,1.0341,21.099,6.427,-2.458,-4.68,-3.86
8200,-0.0396,-0.0753,1.0095,14.412,10.137,-2.244,-4.27,-3.59
8220,-0.0720,-0.0479,0.9724,15.679,8.443,-2.351,-2.82,-3.27
8240,-0.0598,-0.0327,0.9816,19.130,6.916,-2.977,-1.91,-2.86
8260,-0.0348,-0.0452,1.0206,20.122,2.504,-1.649,-2.53,-2.46
8280,-0.0732,-0.0709,1.0251,15.053,2.244,1.298,-3.96,-2.20
8300,-0.0704,-0.0381,1.0076,13.008,0.183,0.595,-2.16,-1.94
8320,-0.0758,-0.0209,1.0117,12.977,-2.198,0.168,-1.18,-1.67
8340,-0.0643,-0.0212,1.0032,11.573,-2.565,-0.626,-1.21,-1.44
8360,-0.0681,-0.0173,0.9803,13.115,-2.977,-1.771,-1.01,-1.17
8380,-0.0583,0.0095,1.0063,13.695,-2.626,-4.275,0.54,-0.87
8400,-0.0461,0.0052,1.0138,6.824,1.450,-5.008,0.30,-0.71
8420,-0.0465,-0.0176,0.9888,4.580,3.298,-0.473,-1.02,-0.63
8440,-0.0513,-0.0103,0.9773,4.031,5.908,0.351,-0.60,-0.55
8460,-0.0692,-0.0057,1.0043,3.099,6.626,0.473,-0.33,-0.48
8481,-0.0732,-0.0037,0.9990,2.595,5.053,0.214,-0.21,-0.43
8500,-0.0717,0.0023,0.9962,2.366,4.763,0.061,0.13,-0.37
8520,-0.0752,0.0044,1.0027,0.748,3.344,0.000,0.25,-0.34
8540,-0.0725,0.0016,0.9987,0.382,2.000,0.061,0.09,-0.33
8560,-0.0691,-0.0038,0.9888,0.458,1.756,0.000,-0.22,-0.32
8580,-0.0690,-0.0016,0.9932,0.458,2.107,-0.244,-0.09,-0.30
8600,-0.0748,-0.0010,0.9994,0.092,1.481,0.000,-0.06,-0.30
8621,-0.0712,0.0002,0.9893,0.321,0.992,-0.122,0.01,-0.28
8640,-0.0726,-0.0031,0.9912,0.550,0.947,-0.046,-0.18,-0.27
8660,-0.0746,-0.0016,0.9941,0.305,0.565,-0.122,-0.09,-0.26
8680,-0.0757,-0.0009,0.9988,0.107,-0.107,-0.183,-0.05,-0.25
8700,-0.0763,0.0004,1.0005,0.336,-1.435,-0.092,0.02,-0.24
8720,-0.0740,0.0013,0.9974,0.183,-2.611,-0.092,0.08,-0.23
8740,-0.0652,0.0056,0.9751,-1.160,-2.137,-0.260,0.33,-0.24
8760,-0.0802,-0.0051,1.0254,-1.359,-3.740,-0.260,-0.29,-0.27
8780,-0.0624,-0.0027,0.9922,-0.824,-5.878,-0.321,-0.16,-0.28
8800,-0.0663,0.0032,0.9897,-1.405,-5.832,-0.351,0.18,-0.30
8820,-0.0417,-0.0042,0.9369,-0.763,-2.931,-0.290,-0.25,-0.32
8840,-0.0653,0.0033,0.9824,-0.137,0.397,-0.076,0.19,-0.31
8860,-0.0632,-0.0020,0.9969,-0.137,0.366,-0.107,-0.11,-0.31
8880,-0.0621,0.0009,0.9929,-0.244,0.214,-0.214,0.05,-0.31
8900,-0.0630,-0.0031,0.9943,-0.275,0.229,-0.260,-0.18,-0.31
8920,-0.0634,-0.0023,0.9923,-0.214,0.275,-0.290,-0.13,-0.31
8940,-0.0598,-0.0054,0.9929,-0.122,0.305,-0.183,-0.31,-0.31
8960,-0.0625,-0.0065,0.9897,-0.076,0.351,-0.244,-0.37,-0.31
8980,-0.0627,-0.0085,0.9884,-0.153,0.260,-0.412,-0.50,-0.32
9000,-0.0604,-0.0042,0.9872,-0.107,0.290,-0.214,-0.24,-0.32
9020,-0.0613,-0.0039,0.9890,-0.092,0.321,-0.275,-0.23,-0.32
9040,-0.0615,-0.0020,0.9889,-0.015,0.427,-0.305,-0.11,-0.32
9060,-0.0619,-0.0002,0.9907,-0.076,0.412,-0.137,-0.01,-0.31
9080,-0.0638,0.0023,0.9912,-0.076,0.321,-0.122,0.13,-0.31
9100,-0.0630,0.0018,0.9927,-0.061,0.382,-0.183,0.11,-0.30
9120,-0.0641,0.0005,0.9940,-0.137,0.244,-0.229,0.03,-0.29
9140,-0.0640,0.0006,0.9933,-0.122,0.244,-0.244,0.04,-0.29
9160,-0.0645,0.0012,0.9929,-0.244,0.412,-0.244,0.07,-0.29
9180,-0.0618,0.0001,0.9896,-0.229,0.260,-0.214,0.01,-0.29
9200,-0.0604,-0.0005,0.9924,-0.168,0.336,-0.214,-0.03,-0.28
9220,-0.0603,-0.0009,0.9915,-0.244,0.336,-0.229,-0.05,-0.28
9240,-0.0623,-0.0052,0.9899,-0.229,0.275,-0.427,-0.30,-0.29
9260,-0.0613,-0.0050,0.9902,-0.153,0.336,-0.214,-0.29,-0.29
9280,-0.0597,-0.0070,0.9922,-0.107,0.275,-0.168,-0.40,-0.30
9300,-0.0594,-0.0067,0.9902,-0.198,0.351,-0.092,-0.39,-0.30
9320,-0.0621,-0.0048,0.9900,-0.183,0.290,-0.137,-0.28,-0.31
9340,-0.0608,-0.0068,0.9893,-0.076,0.321,-0.290,-0.40,-0.31
9360,-0.0615,-0.0037,0.9908,-0.122,0.336,-0.214,-0.21,-0.31
9380,-0.0596,-0.0022,0.9910,0.015,0.336,-0.168,-0.13,-0.31
9418,-0.0618,0.0009,0.9919,-0.092,0.443,-0.168,0.05,-0.30
9423,-0.0610,-0.0006,0.9926,-0.107,0.412,-0.198,-0.04,-0.30
9440,-0.0629,-0.0011,0.9922,-0.183,0.489,-0.198,-0.06,-0.30
9461,-0.0648,0.0013,0.9904,-0.168,0.458,-0.244,0.08,-0.29
9480,-0.0620,0.0042,0.9918,-0.229,0.305,-0.168,0.24,-0.29
9500,-0.0640,0.0023,0.9927,-0.305,0.473,-0.168,0.13,-0.28
9521,-0.0636,0.0017,0.9908,-0.214,0.336,-0.092,0.10,-0.28
9540,-0.0623,0.0006,0.9899,-0.198,0.412,-0.229,0.04,-0.28
9560,-0.0620,-0.0009,0.9904,-0.229,0.275,-0.229,-0.05,-0.28
9580,-0.0618,-0.0029,0.9916,-0.214,0.412,-0.153,-0.17,-0.28
9600,-0.0618,-0.0037,0.9929,-0.382,0.321,-0.183,-0.21,-0.29
9620,-0.0590,-0.0057,0.9918,-0.305,0.229,-0.305,-0.33,-0.29
9640,-0.0592,-0.0056,0.9934,-0.122,0.427,-0.290,-0.32,-0.30
9660,-0.0601,-0.0063,0.9890,-0.290,0.305,-0.275,-0.37,-0.30
9680,-0.0618,-0.0035,0.9902,-0.183,0.305,-0.122,-0.20,-0.30
9700,-0.0624,-0.0026,0.9900,-0.168,0.427,-0.214,-0.15,-0.30
9720,-0.0638,-0.0040,0.9893,-0.198,0.290,-0.321,-0.23,-0.31
9740,-0.0632,-0.0009,0.9889,-0.107,0.336,-0.153,-0.05,-0.30
9760,-0.0614,-0.0020,0.9896,-0.107,0.244,-0.153,-0.11,-0.30
9780,-0.0630,-0.0038,0.9915,-0.137,0.443,-0.198,-0.22,-0.30
9801,-0.0608,-0.0034,0.9912,-0.107,0.198,-0.183,-0.20,-0.30
9820,-0.0613,-0.0016,0.9923,-0.107,0.382,-0.229,-0.09,-0.30
9840,-0.0599,-0.0012,0.9928,-0.046,0.351,-0.214,-0.07,-0.30
9861,-0.0619,-0.0021,0.9922,-0.092,0.214,-0.305,-0.12,-0.30
9880,-0.0610,-0.0006,0.9905,-0.137,0.366,-0.260,-0.04,-0.29
9900,-0.0616,-0.0009,0.9906,-0.137,0.275,-0.122,-0.05,-0.29
9920,-0.0608,-0.0021,0.9905,0.031,0.397,-0.153,-0.12,-0.29
9940,-0.0604,-0.0028,0.9923,-0.092,0.412,-0.336,-0.16,-0.29
9960,-0.0598,-0.0028,0.9929,-0.122,0.458,-0.107,-0.16,-0.29
9980,-0.0573,-0.0052,0.9910,-0.046,0.427,-0.137,-0.30,-0.29
10000,-0.0586,-0.0029,0.9922,-0.107,0.397,-0.198,-0.17,-0.29
10020,-0.0601,-0.0027,0.9885,-0.214,0.366,-0.214,-0.16,-0.29
10040,-0.0602,0.0022,0.9854,-0.183,0.366,-0.305,0.13,-0.28
10060,-0.0621,0.0024,0.9851,-0.153,0.382,-0.244,0.14,-0.28
10080,-0.0675,0.0051,0.9832,-0.229,0.366,-0.275,0.30,-0.27
10100,-0.0688,0.0045,0.9851,-0.290,0.336,-0.260,0.26,-0.27
10120,-0.0680,0.0046,0.9922,-0.214,0.382,-0.198,0.27,-0.26
10140,-0.0670,0.0011,0.9977,-0.275,0.321,-0.229,0.06,-0.26
10160,-0.0662,-0.0043,1.0020,-0.305,0.382,-0.229,-0.24,-0.26
10180,-0.0635,-0.0074,1.0006,-0.321,0.305,-0.168,-0.43,-0.27
10200,-0.0586,-0.0106,1.0010,-0.275,0.198,-0.183,-0.61,-0.29
10220,-0.0574,-0.0112,0.9913,-0.183,0.260,-0.351,-0.65,-0.30
10240,-0.0546,-0.0110,0.9882,-0.122,0.244,-0.290,-0.64,-0.31
10260,-0.0563,-0.0081,0.9851,0.000,0.336,-0.305,-0.47,-0.31
10280,-0.0568,-0.0061,0.9843,-0.061,0.458,-0.290,-0.36,-0.31
10300,-0.0592,-0.0038,0.9845,-0.107,0.550,-0.275,-0.22,-0.31
10320,-0.0598,-0.0007,0.9867,-0.122,0.489,-0.214,-0.04,-0.31
10340,-0.0625,-0.0017,0.9856,-0.015,0.565,-0.107,-0.10,-0.30
10360,-0.0635,0.0034,0.9911,0.000,0.351,-0.107,0.20,-0.29
10380,-0.0675,0.0017,0.9935,-0.092,0.305,-0.168,0.10,-0.29
10401,-0.0697,0.0020,0.9967,-0.061,0.351,-0.275,0.11,-0.28
10420,-0.0686,-0.0004,0.9985,-0.015,0.305,-0.229,-0.02,-0.28
10440,-0.0696,0.0013,0.9966,-0.183,0.168,-0.153,0.08,-0.27
10460,-0.0649,0.0010,0.9937,-0.244,0.366,-0.183,0.06,-0.27
10480,-0.0614,-0.0004,0.9885,-0.229,0.305,-0.214,-0.02,-0.27
10500,-0.0591,-0.0007,0.9871,-0.336,0.366,-0.321,-0.04,-0.27
10520,-0.0546,-0.0006,0.9869,-0.198,0.305,-0.397,-0.04,-0.27
10540,-0.0531,0.0013,0.9883,-0.031,0.412,-0.229,0.08,-0.27
10560,-0.0535,-0.0032,0.9890,-0.092,0.397,-0.229,-0.18,-0.27
10580,-0.0553,-0.0077,0.9930,-0.122,0.366,-0.153,-0.44,-0.27
10600,-0.0569,-0.0072,0.9935,-0.061,0.427,-0.229,-0.42,-0.28
10620,-0.0618,-0.0081,0.9941,-0.168,0.473,-0.137,-0.46,-0.28
10640,-0.0632,-0.0049,0.9930,-0.137,0.336,-0.183,-0.28,-0.29
10660,-0.0681,-0.0028,0.9894,-0.168,0.366,-0.137,-0.16,-0.29
10680,-0.0669,-0.0013,0.9901,-0.183,0.489,-0.153,-0.08,-0.29
10700,-0.0697,-0.0004,0.9883,-0.137,0.427,-0.351,-0.02,-0.28
10720,-0.0653,0.0029,0.9926,-0.122,0.351,-0.290,0.17,-0.28
10740,-0.0637,-0.0004,0.9918,-0.122,0.290,-0.275,-0.02,-0.27
10760,-0.0623,0.0013,0.9928,-0.092,0.336,-0.229,0.08,-0.27
10799,-0.0576,-0.0028,0.9904,-0.260,0.168,-0.214,-0.16,-0.27
10803,-0.0555,-0.0027,0.9918,-0.198,0.183,-0.198,-0.16,-0.27
10820,-0.0466,-0.0051,0.9935,-0.244,0.107,-0.198,-0.30,-0.28
10841,-0.0460,-0.0066,0.9910,-0.321,0.168,-0.214,-0.38,-0.29
10860,-0.0529,-0.0034,0.9866,-0.275,0.229,-0.153,-0.20,-0.29
10880,-0.0583,-0.0049,0.9856,-0.290,0.351,-0.290,-0.28,-0.30
10900,-0.0665,-0.0038,0.9840,-0.153,0.550,-0.198,-0.22,-0.30
10920,-0.0630,-0.0046,0.9916,-0.214,0.534,-0.366,-0.27,-0.30
10940,-0.0675,0.0012,0.9888,-0.183,0.534,-0.321,0.07,-0.30
10960,-0.0642,0.0006,0.9958,-0.260,0.412,-0.290,0.04,-0.30
10981,-0.0625,-0.0027,0.9969,-0.107,0.473,-0.275,-0.15,-0.29
11000,-0.0618,-0.0051,0.9956,-0.275,0.427,-0.061,-0.30,-0.30
11020,-0.0602,-0.0034,0.9952,-0.168,0.244,-0.321,-0.20,-0.30
11040,-0.0612,-0.0040,0.9921,-0.351,0.198,-0.198,-0.23,-0.31
11060,-0.0570,-0.0018,0.9885,-0.229,0.305,-0.153,-0.11,-0.31
11080,-0.0514,-0.0013,0.9886,-0.458,0.229,-0.214,-0.08,-0.31
11100,-0.0543,-0.0033,0.9901,-0.214,0.198,-0.168,-0.19,-0.31
11120,-0.0479,-0.0061,0.9895,-0.214,0.168,-0.397,-0.35,-0.32
11140,-0.0458,-0.0028,0.9916,-0.321,0.290,-0.351,-0.16,-0.32
11160,-0.0431,-0.0078,0.9918,-0.229,0.183,-0.412,-0.45,-0.33
11180,-0.0415,-0.0083,0.9935,-0.321,0.244,-0.290,-0.48,-0.34
11200,-0.0383,-0.0071,0.9951,-0.382,0.275,-0.473,-0.41,-0.35
11220,-0.0349,-0.0116,0.9934,-0.473,0.275,-0.489,-0.67,-0.36
11240,-0.0328,-0.0079,0.9943,-0.397,0.275,-0.473,-0.46,-0.37
11260,-0.0344,-0.0087,0.9957,-0.366,0.290,-0.473,-0.50,-0.38
11280,-0.0313,-0.0096,0.9933,-0.412,0.244,-0.534,-0.56,-0.39
11300,-0.0299,-0.0081,0.9943,-0.290,0.229,-0.443,-0.46,-0.40
11320,-0.0311,-0.0101,0.9932,-0.275,0.260,-0.489,-0.58,-0.41
11340,-0.0291,-0.0083,0.9921,-0.260,0.183,-0.519,-0.48,-0.42
11360,-0.0297,-0.0088,0.9926,-0.153,0.275,-0.565,-0.51,-0.42
11380,-0.0278,-0.0121,0.9928,-0.397,0.336,-0.443,-0.70,-0.43
11400,-0.0272,-0.0117,0.9935,-0.244,0.229,-0.611,-0.68,-0.44
11420,-0.0265,-0.0118,0.9937,-0.229,0.351,-0.641,-0.68,-0.45
11440,-0.0267,-0.0138,0.9923,-0.321,0.305,-0.656,-0.80,-0.47
11460,-0.0256,-0.0123,0.9918,-0.290,0.244,-0.718,-0.71,-0.48
11480,-0.0226,-0.0131,0.9929,-0.336,0.229,-0.763,-0.75,-0.49
11500,-0.0228,-0.0116,0.9917,-0.336,0.214,-0.748,-0.67,-0.50
11520,-0.0190,-0.0122,0.9921,-0.366,0.397,-0.794,-0.70,-0.51
11540,-0.0204,-0.0135,0.9913,-0.397,0.366,-0.840,-0.78,-0.52
11560,-0.0208,-0.0134,0.9921,-0.366,0.321,-0.870,-0.78,-0.54
11580,-0.0192,-0.0140,0.9945,-0.351,0.397,-0.809,-0.81,-0.55
11600,-0.0121,-0.0184,0.9967,-0.382,0.275,-0.931,-1.06,-0.57
11621,-0.0198,-0.0182,0.9946,-0.427,0.260,-0.794,-1.05,-0.58
11640,-0.0170,-0.0210,0.9967,-0.336,0.321,-0.870,-1.21,-0.60
11660,-0.0187,-0.0194,0.9940,-0.443,0.275,-1.115,-1.12,-0.62
11680,-0.0176,-0.0211,0.9956,-0.412,0.275,-1.053,-1.22,-0.64
11700,-0.0148,-0.0205,0.9929,-0.305,0.244,-1.145,-1.18,-0.66
11720,-0.0173,-0.0205,0.9934,-0.382,0.214,-1.145,-1.18,-0.68
11740,-0.0160,-0.0212,0.9943,-0.214,0.443,-1.160,-1.22,-0.69
11760,-0.0132,-0.0211,0.9937,-0.244,0.336,-1.389,-1.22,-0.71
11780,-0.0118,-0.0188,0.9955,-0.260,0.168,-1.282,-1.08,-0.72
11800,-0.0129,-0.0199,0.9956,-0.321,0.092,-1.466,-1.14,-0.73
11820,-0.0095,-0.0229,0.9977,-0.382,0.275,-1.435,-1.32,-0.75
11840,-0.0078,-0.0242,0.9960,-0.290,0.198,-1.664,-1.39,-0.77
11860,-0.0059,-0.0225,0.9956,-0.290,0.351,-1.542,-1.29,-0.79
11880,-0.0043,-0.0244,0.9939,-0.321,0.214,-1.481,-1.41,-0.81
11900,-0.0007,-0.0249,0.9930,-0.336,0.198,-1.710,-1.44,-0.83
11920,-0.0028,-0.0234,0.9922,-0.229,0.244,-1.649,-1.35,-0.84
11940,0.0015,-0.0225,0.9941,-0.290,0.198,-1.756,-1.29,-0.86
11960,0.0035,-0.0244,0.9934,-0.137,0.183,-1.863,-1.41,-0.87
11980,0.0101,-0.0264,0.9937,-0.321,0.168,-1.893,-1.52,-0.89
12000,0.0100,-0.0276,0.9943,-0.275,0.107,-2.061,-1.59,-0.91
12020,0.0117,-0.0289,0.9955,-0.382,0.137,-1.985,-1.66,-0.93
12040,0.0128,-0.0294,0.9968,-0.382,0.092,-2.137,-1.69,-0.95
12060,0.0161,-0.0308,0.9954,-0.458,0.031,-2.336,-1.77,-0.98
12080,0.0186,-0.0306,0.9941,-0.412,0.153,-2.305,-1.77,-1.00
12100,0.0227,-0.0308,0.9954,-0.489,0.107,-2.519,-1.77,-1.03
12139,0.0270,-0.0341,0.9944,-0.519,0.168,-2.580,-1.96,-1.06
12143,0.0275,-0.0341,0.9928,-0.534,0.092,-2.656,-1.96,-1.09
12160,0.0297,-0.0349,0.9890,-0.473,0.275,-2.718,-2.02,-1.11
12180,0.0366,-0.0349,0.9913,-0.382,0.076,-2.733,-2.02,-1.14
12200,0.0382,-0.0387,0.9938,-0.382,0.122,-2.733,-2.23,-1.17
12220,0.0391,-0.0416,0.9940,-0.458,0.107,-2.931,-2.40,-1.20
12240,0.0421,-0.0430,0.9913,-0.366,0.015,-3.084,-2.48,-1.23
12260,0.0485,-0.0428,0.9905,-0.366,0.031,-3.115,-2.48,-1.27
12280,0.0488,-0.0413,0.9908,-0.305,0.122,-3.206,-2.38,-1.29
12300,0.0524,-0.0420,0.9879,-0.168,0.168,-3.313,-2.43,-1.32
12320,0.0557,-0.0428,0.9868,-0.076,0.183,-3.359,-2.49,-1.35
12340,0.0590,-0.0425,0.9894,0.015,0.153,-3.573,-2.46,-1.37
12360,0.0630,-0.0422,0.9918,0.198,0.122,-3.618,-2.44,-1.39
12380,0.0583,-0.0426,0.9945,0.107,0.183,-3.679,-2.45,-1.40
12400,0.0540,-0.0469,0.9922,0.214,0.229,-3.740,-2.70,-1.43
12420,0.0536,-0.0454,0.9933,0.244,0.229,-3.939,-2.62,-1.45
12440,0.0518,-0.0435,0.9896,0.229,0.214,-4.031,-2.51,-1.46
12461,0.0519,-0.0450,0.9958,0.244,0.366,-3.969,-2.59,-1.48
12481,0.0540,-0.0430,0.9977,0.168,0.244,-4.229,-2.47,-1.50
12500,0.0516,-0.0425,1.0029,0.092,0.321,-4.229,-2.43,-1.51
12520,0.0541,-0.0391,1.0057,0.061,0.260,-4.382,-2.22,-1.53
12540,0.0518,-0.0356,1.0024,-0.107,0.122,-4.366,-2.04,-1.54
12560,0.0479,-0.0342,1.0028,-0.122,0.214,-4.565,-1.95,-1.55
12580,0.0481,-0.0328,1.0035,-0.168,0.198,-4.656,-1.87,-1.56
12600,0.0510,-0.0300,1.0016,-0.214,0.275,-4.656,-1.72,-1.57
12620,0.0477,-0.0292,0.9993,-0.260,0.366,-4.718,-1.67,-1.57
12640,0.0481,-0.0282,1.0018,-0.397,0.519,-4.748,-1.61,-1.58
12660,0.0444,-0.0292,0.9979,-0.519,0.458,-4.855,-1.67,-1.59
12680,0.0458,-0.0269,1.0001,-0.641,0.656,-4.931,-1.54,-1.61
12700,0.0455,-0.0271,0.9973,-0.794,0.641,-4.885,-1.56,-1.62
12720,0.0454,-0.0276,0.9957,-0.977,0.779,-4.840,-1.59,-1.64
12740,0.0405,-0.0277,0.9961,-0.947,0.702,-4.901,-1.59,-1.66
12760,0.0378,-0.0299,1.0004,-1.099,0.763,-5.008,-1.71,-1.68
12780,0.0381,-0.0287,1.0010,-1.176,0.763,-4.916,-1.64,-1.70
12800,0.0350,-0.0330,0.9963,-1.130,0.855,-4.931,-1.89,-1.73
12820,0.0353,-0.0348,0.9940,-1.252,0.885,-4.870,-2.00,-1.76
12840,0.0399,-0.0334,0.9960,-1.252,0.870,-4.916,-1.92,-1.79
12860,0.0397,-0.0322,0.9954,-1.191,0.748,-4.855,-1.85,-1.81
12880,0.0391,-0.0316,0.9952,-1.069,0.656,-4.809,-1.82,-1.83
12900,0.0378,-0.0339,0.9883,-1.038,0.534,-4.809,-1.97,-1.85
12920,0.0387,-0.0343,0.9866,-0.794,0.534,-4.855,-1.99,-1.87
12940,0.0365,-0.0348,0.9799,-0.718,0.473,-4.794,-2.03,-1.89
12960,0.0371,-0.0363,0.9855,-0.489,0.290,-4.672,-2.11,-1.90
12980,0.0361,-0.0354,0.9841,-0.397,0.214,-4.763,-2.06,-1.91
13000,0.0359,-0.0369,0.9891,-0.290,0.321,-4.641,-2.13,-1.92
13020,0.0348,-0.0330,0.9851,-0.198,0.198,-4.702,-1.92,-1.93
13040,0.0361,-0.0294,0.9907,-0.122,0.260,-4.565,-1.70,-1.93
13060,0.0349,-0.0242,0.9908,-0.183,0.275,-4.366,-1.40,-1.92
13080,0.0317,-0.0214,0.9945,-0.061,0.351,-4.412,-1.23,-1.91
13100,0.0355,-0.0222,0.9990,-0.031,0.321,-4.366,-1.27,-1.89
13120,0.0370,-0.0162,1.0004,-0.244,0.305,-4.229,-0.93,-1.88
13140,0.0355,-0.0142,1.0002,-0.260,0.336,-4.031,-0.81,-1.86
13160,0.0355,-0.0110,1.0024,-0.366,0.305,-3.939,-0.63,-1.85
13180,0.0372,-0.0109,0.9966,-0.519,0.336,-3.740,-0.62,-1.83
13200,0.0361,-0.0105,0.9965,-0.550,0.305,-3.679,-0.60,-1.82
13220,0.0372,-0.0125,0.9939,-0.595,0.397,-3.618,-0.72,-1.81
13240,0.0339,-0.0114,0.9884,-0.718,0.290,-3.481,-0.66,-1.80
13260,0.0334,-0.0159,0.9956,-0.794,0.427,-3.298,-0.91,-1.80
13280,0.0332,-0.0194,0.9896,-0.794,0.427,-3.267,-1.12,-1.80
13300,0.0331,-0.0205,0.9958,-0.916,0.550,-3.023,-1.18,-1.80
13320,0.0304,-0.0227,0.9976,-0.901,0.504,-3.008,-1.30,-1.81
13340,0.0320,-0.0265,0.9916,-0.824,0.458,-2.885,-1.53,-1.82
13360,0.0343,-0.0245,1.0006,-0.855,0.565,-2.931,-1.40,-1.83
13380,0.0337,-0.0250,1.0067,-0.687,0.366,-2.718,-1.42,-1.84
13400,0.0399,-0.0249,1.0027,-0.718,0.412,-2.840,-1.42,-1.84
13420,0.0450,-0.0265,1.0079,-0.565,0.290,-2.626,-1.51,-1.85
13440,0.0454,-0.0242,1.0105,-0.550,0.183,-2.550,-1.37,-1.85
13460,0.0413,-0.0233,1.0013,-0.504,-0.061,-2.412,-1.33,-1.85
13498,0.0411,-0.0221,0.9941,-0.473,-0.076,-2.351,-1.27,-1.85
13502,0.0419,-0.0204,0.9910,-0.336,-0.107,-2.305,-1.18,-1.84
13520,0.0491,-0.0162,0.9908,-0.427,0.046,-2.290,-0.94,-1.83
13540,0.0514,-0.0121,0.9906,-0.580,0.153,-2.000,-0.70,-1.82
13560,0.0541,-0.0065,0.9835,-0.656,0.290,-1.817,-0.38,-1.80
13580,0.0598,-0.0062,0.9880,-0.611,0.565,-1.649,-0.36,-1.78
13600,0.0601,-0.0072,0.9863,-0.763,0.748,-1.542,-0.42,-1.77
13620,0.0610,-0.0107,0.9950,-0.733,0.870,-1.389,-0.62,-1.76
13640,0.0619,-0.0110,0.9996,-0.794,0.748,-1.115,-0.63,-1.76
13660,0.0651,-0.0161,0.9948,-0.687,0.702,-0.977,-0.93,-1.75
13680,0.0612,-0.0164,0.9852,-0.748,0.565,-0.870,-0.95,-1.75
13700,0.0724,-0.0228,0.9802,-0.550,0.595,-0.855,-1.33,-1.75
13720,0.0814,-0.0297,0.9753,-0.382,0.702,-0.641,-1.74,-1.76
13740,0.0851,-0.0350,0.9749,-0.336,0.748,-0.733,-2.06,-1.77
13760,0.0823,-0.0370,0.9722,-0.519,0.748,-0.656,-2.18,-1.79
13781,0.0853,-0.0316,0.9841,-0.885,0.931,-0.626,-1.84,-1.81
13800,0.0806,-0.0247,0.9951,-1.176,0.885,-0.611,-1.42,-1.83
13820,0.0817,-0.0138,1.0077,-1.649,0.855,-0.534,-0.78,-1.84
13840,0.0804,-0.0101,1.0142,-1.985,0.931,-0.427,-0.57,-1.85
13860,0.0780,-0.0039,1.0193,-2.275,0.718,-0.260,-0.22,-1.86
13880,0.0817,0.0032,1.0175,-2.672,0.550,-0.183,0.18,-1.87
13900,0.0814,0.0024,1.0155,-2.489,0.473,0.000,0.14,-1.88
13920,0.0739,-0.0028,1.0071,-2.382,0.443,0.244,-0.16,-1.90
13940,0.0747,-0.0134,1.0002,-2.290,0.534,0.489,-0.77,-1.92
13960,0.0608,-0.0272,1.0059,-2.382,0.534,0.519,-1.55,-1.96
13980,0.0450,-0.0330,1.0103,-2.595,0.870,0.595,-1.87,-2.01
14000,0.0383,-0.0327,1.0161,-2.855,1.221,0.656,-1.84,-2.06
14020,0.0371,-0.0271,1.0062,-3.023,1.481,0.580,-1.54,-2.11
14040,0.0369,-0.0101,0.9879,-2.824,1.588,0.702,-0.59,-2.13
14060,0.0452,-0.0033,0.9800,-2.473,1.695,0.809,-0.19,-2.14
14080,0.0415,-0.0055,0.9768,-1.908,1.389,0.947,-0.32,-2.14
14100,0.0432,-0.0103,0.9830,-1.328,1.206,1.313,-0.60,-2.14
14120,0.0396,-0.0166,0.9939,-1.023,0.855,1.603,-0.96,-2.13
14140,0.0316,-0.0255,0.9984,-1.023,0.458,1.847,-1.46,-2.14
14160,0.0353,-0.0221,1.0063,-1.145,0.107,2.229,-1.26,-2.15
14180,0.0328,-0.0133,1.0121,-1.435,0.092,2.336,-0.75,-2.15
14200,0.0292,-0.0067,1.0056,-1.603,-0.061,2.504,-0.38,-2.14
14220,0.0291,-0.0002,0.9912,-1.817,-0.076,2.748,-0.01,-2.14
14240,0.0300,0.0153,0.9832,-1.771,0.061,2.855,0.89,-2.11
14260,0.0249,0.0205,0.9739,-1.786,0.290,2.977,1.21,-2.08
14280,0.0299,0.0132,0.9783,-1.679,0.351,3.221,0.77,-2.05
14300,0.0278,0.0116,0.9841,-1.389,0.519,3.466,0.68,-2.03
14320,0.0245,0.0056,0.9865,-1.344,0.443,3.573,0.33,-2.01
14340,0.0220,-0.0051,0.9944,-1.313,0.611,3.756,-0.30,-2.00
14360,0.0226,-0.0134,1.0000,-1.496,0.534,3.954,-0.77,-2.00
14380,0.0203,-0.0018,1.0067,-1.618,0.595,4.076,-0.10,-2.00
14400,0.0273,0.0035,1.0013,-1.756,0.794,4.092,0.20,-1.99
14420,0.0297,0.0177,1.0165,-1.985,0.962,4.458,1.00,-1.97
14440,0.0287,0.0222,1.0114,-1.771,0.656,4.595,1.26,-1.94
14460,0.0299,0.0184,1.0181,-1.679,0.656,4.916,1.04,-1.91
14480,0.0299,0.0205,1.0079,-1.908,0.458,5.191,1.17,-1.89
14500,0.0337,0.0315,1.0072,-1.939,0.427,5.511,1.79,-1.85
14520,0.0271,0.0254,0.9928,-1.771,0.122,5.756,1.47,-1.82
14540,0.0254,0.0219,0.9836,-1.374,0.336,5.969,1.27,-1.78
14560,0.0244,0.0135,0.9917,-0.992,0.336,6.275,0.78,-1.75
14580,0.0183,-0.0024,0.9873,-0.962,0.275,6.550,-0.14,-1.74
14600,0.0204,-0.0038,0.9944,-1.389,0.672,6.718,-0.22,-1.74
14620,0.0198,-0.0083,0.9877,-1.878,0.992,6.931,-0.48,-1.75
14640,0.0083,-0.0055,0.9927,-2.534,1.344,7.008,-0.32,-1.77
14660,0.0129,0.0007,1.0159,-2.626,1.099,6.947,0.04,-1.78
14680,0.0109,-0.0026,1.0134,-2.443,0.611,6.870,-0.14,-1.80
14700,0.0112,-0.0022,1.0023,-2.107,0.122,6.626,-0.13,-1.81
14720,0.0193,-0.0055,0.9902,-1.435,-0.534,6.626,-0.32,-1.80
14740,0.0214,-0.0184,0.9907,-0.595,-0.855,6.565,-1.07,-1.80
14760,0.0183,-0.0305,0.9937,-0.214,-1.511,6.641,-1.76,-1.80
14780,0.0145,-0.0383,1.0027,-0.321,-1.725,6.687,-2.19,-1.82
14800,0.0150,-0.0411,0.9984,-0.916,-1.802,6.794,-2.36,-1.85
14820,0.0035,-0.0295,0.9910,-1.466,-1.588,6.840,-1.71,-1.87
14840,0.0177,-0.0150,0.9994,-1.893,-1.221,6.794,-0.86,-1.89
14879,0.0125,0.0000,0.9789,-1.924,-0.779,6.901,0.00,-1.89
14882,0.0148,0.0037,0.9783,-2.000,-0.565,6.916,0.21,-1.89
14900,0.0116,0.0027,0.9775,-1.832,-0.397,6.916,0.16,-1.88
14920,0.0077,-0.0084,0.9741,-1.771,-0.305,6.779,-0.50,-1.89
14940,0.0121,-0.0115,0.9806,-1.618,0.000,6.687,-0.67,-1.90
14961,0.0111,-0.0190,0.9832,-1.710,0.153,6.534,-1.11,-1.91
14980,0.0073,-0.0237,0.9919,-1.679,0.443,6.504,-1.37,-1.94
15000,0.0005,-0.0262,0.9978,-1.771,0.351,6.397,-1.51,-1.96
15020,0.0024,-0.0284,1.0057,-1.527,0.458,6.504,-1.62,-1.99
15041,0.0059,-0.0261,1.0088,-1.252,0.458,6.489,-1.48,-2.00
15060,0.0082,-0.0240,1.0061,-1.191,0.534,6.565,-1.37,-2.01
15080,0.0061,-0.0270,1.0076,-1.130,0.656,6.748,-1.53,-2.02
15100,0.0088,-0.0234,1.0010,-0.977,0.473,6.885,-1.34,-2.03
15120,0.0151,-0.0173,0.9957,-1.038,0.580,6.824,-1.00,-2.03
15140,0.0085,-0.0171,0.9966,-1.023,0.397,6.779,-0.98,-2.03
15160,0.0056,-0.0062,0.9982,-1.008,0.092,6.855,-0.36,-2.01
15180,0.0049,-0.0068,0.9926,-0.885,0.076,6.855,-0.39,-2.00
15200,-0.0077,-0.0162,0.9811,-0.870,0.092,6.641,-0.95,-2.00
15220,0.0061,-0.0171,0.9888,-0.824,0.198,6.702,-0.99,-1.99
15240,0.0016,-0.0278,0.9846,-0.901,0.351,6.733,-1.62,-2.00
15260,-0.0015,-0.0317,0.9705,-1.099,0.458,6.702,-1.87,-2.02
15280,0.0072,-0.0361,0.9941,-1.206,0.626,6.550,-2.08,-2.05
15300,0.0084,-0.0366,1.0083,-1.450,0.519,6.504,-2.08,-2.07
15320,0.0106,-0.0394,1.0039,-1.328,0.473,6.290,-2.25,-2.10
15340,0.0088,-0.0420,0.9917,-1.313,0.092,6.137,-2.42,-2.14
15361,0.0065,-0.0344,0.9766,-0.992,-0.061,5.878,-2.02,-2.15
15380,0.0128,-0.0422,0.9606,-0.901,-0.031,5.817,-2.52,-2.18
15400,0.0006,-0.0449,0.9561,-0.473,-0.061,5.557,-2.69,-2.20
15420,0.0319,-0.0543,0.9673,-0.794,0.260,5.542,-3.21,-2.23
15440,0.0110,-0.0569,0.9673,-0.687,0.168,5.328,-3.37,-2.27
15460,0.0258,-0.0583,1.0127,-1.496,0.565,5.359,-3.30,-2.32
15480,0.0254,-0.0630,1.0105,-1.878,0.061,5.328,-3.57,-2.38
15500,0.0281,-0.0522,1.0275,-2.076,0.198,5.145,-2.91,-2.43
15520,0.0308,-0.0449,1.0071,-2.412,-0.229,5.206,-2.55,-2.48
15540,0.0536,-0.0397,1.0249,-2.473,-0.153,5.099,-2.22,-2.53
15560,0.0308,-0.0446,0.9851,-2.198,-0.626,4.962,-2.59,-2.57
15580,0.0313,-0.0458,1.0082,-1.908,-0.321,4.733,-2.60,-2.61
15600,0.0304,-0.0604,1.0066,-1.710,-0.687,4.397,-3.44,-2.66
15620,0.0175,-0.0757,0.9957,-1.405,-0.702,4.076,-4.35,-2.72
15640,0.0193,-0.0702,1.0017,-1.145,-0.580,3.649,-4.01,-2.77
15660,0.0192,-0.0822,1.0067,-0.992,-0.260,3.389,-4.67,-2.82
15680,0.0200,-0.0911,1.0093,-1.023,-0.092,3.115,-5.16,-2.89
15700,0.0261,-0.0912,1.0098,-0.947,-0.046,2.992,-5.16,-2.96
15720,0.0239,-0.0940,1.0082,-0.992,0.137,2.718,-5.33,-3.02
15740,0.0270,-0.0905,1.0013,-1.023,0.321,2.504,-5.16,-3.09
15760,0.0320,-0.0850,0.9930,-1.053,0.260,2.229,-4.89,-3.14
15780,0.0291,-0.0802,0.9836,-1.221,0.351,2.107,-4.66,-3.20
15800,0.0310,-0.0714,0.9800,-1.221,0.473,1.954,-4.17,-3.24
15820,0.0234,-0.0660,0.9861,-1.023,0.504,1.771,-3.83,-3.27
15841,0.0215,-0.0636,0.9825,-0.916,0.504,1.695,-3.70,-3.30
15860,0.0347,-0.0647,0.9807,-0.519,0.427,1.878,-3.77,-3.32
15880,0.0313,-0.0660,0.9913,-0.290,0.580,1.908,-3.81,-3.33
15900,0.0294,-0.0750,0.9785,-0.137,0.412,2.122,-4.38,-3.36
15920,0.0361,-0.0770,0.9814,-0.031,0.931,2.244,-4.49,-3.38
15941,0.0231,-0.0802,0.9708,0.168,0.885,2.443,-4.72,-3.40
15960,0.0291,-0.0831,0.9956,0.000,0.947,2.458,-4.77,-3.43
15980,0.0236,-0.0775,1.0027,0.076,0.687,2.351,-4.42,-3.45
16000,0.0248,-0.0557,0.9987,0.321,0.443,2.321,-3.19,-3.44
16020,0.0231,-0.0408,0.9957,0.702,0.107,2.275,-2.34,-3.40
16040,0.0242,-0.0449,0.9838,1.542,-0.046,2.244,-2.61,-3.36
16060,0.0317,-0.0480,0.9838,2.275,-0.153,2.092,-2.79,-3.30
16080,0.0388,-0.0515,0.9794,2.763,-0.473,2.198,-3.01,-3.24
16100,0.0343,-0.0497,0.9684,2.718,-0.641,2.321,-2.94,-3.18
16120,0.0441,-0.0614,0.9629,2.473,-0.489,2.260,-3.65,-3.14
16140,0.0253,-0.0543,0.9696,2.198,-0.321,2.412,-3.21,-3.10
16160,0.0231,-0.0491,0.9874,1.603,-0.076,2.397,-2.85,-3.06
16181,0.0231,-0.0532,1.0088,1.160,0.260,2.137,-3.02,-3.04
16200,0.0387,-0.0397,1.0243,0.275,0.626,2.305,-2.22,-3.02
16220,0.0243,-0.0261,0.9780,-0.290,0.198,2.076,-1.53,-2.99
16240,0.0281,-0.0156,0.9874,-0.641,1.115,2.061,-0.91,-2.96
16279,0.0267,-0.0237,1.0082,-0.443,1.756,2.198,-1.35,-2.94
16283,0.0229,-0.0249,1.0010,-0.366,1.740,2.214,-1.43,-2.92
16300,0.0189,-0.0348,1.0151,-0.015,1.344,2.137,-1.96,-2.90
16320,0.0221,-0.0535,1.0359,0.015,1.389,2.137,-2.95,-2.90
16340,0.0178,-0.0714,1.0378,0.366,0.870,2.092,-3.94,-2.91
16360,0.0171,-0.0828,1.0309,0.336,0.534,1.939,-4.59,-2.94
16380,0.0214,-0.0875,1.0234,0.366,0.321,1.985,-4.89,-2.97
16400,0.0326,-0.0834,0.9996,0.275,0.137,1.954,-4.77,-3.00
16420,0.0265,-0.0760,0.9956,0.015,0.229,1.802,-4.37,-3.03
16441,0.0426,-0.0613,1.0057,-0.092,0.031,1.802,-3.49,-3.04
16460,0.0282,-0.0468,0.9891,0.000,-0.092,1.817,-2.71,-3.03
16480,0.0315,-0.0428,0.9736,0.305,-0.168,1.954,-2.52,-3.02
16500,0.0254,-0.0499,0.9724,0.489,-0.061,2.000,-2.94,-3.01
16520,0.0303,-0.0579,0.9829,0.534,0.061,1.695,-3.37,-3.00
16540,0.0322,-0.0614,0.9749,0.641,-0.031,1.634,-3.60,-3.00
16560,0.0381,-0.0699,0.9775,0.824,0.107,1.481,-4.09,-3.01
16580,0.0262,-0.0759,0.9720,0.534,0.122,1.374,-4.47,-3.03
16600,0.0249,-0.0641,0.9825,0.168,0.458,1.221,-3.73,-3.04
16620,0.0250,-0.0649,1.0017,-0.290,0.824,1.084,-3.71,-3.06
16640,0.0132,-0.0594,1.0095,-0.305,0.901,1.053,-3.37,-3.07
16660,0.0090,-0.0520,1.0044,-0.443,1.084,0.931,-2.96,-3.08
16680,0.0122,-0.0565,1.0015,-0.183,1.008,0.840,-3.23,-3.08
16700,0.0197,-0.0526,0.9926,-0.260,0.931,0.779,-3.03,-3.09
16721,0.0311,-0.0549,0.9685,-0.046,0.504,0.733,-3.25,-3.09
16740,0.0273,-0.0675,0.9889,-0.137,0.565,0.733,-3.91,-3.11
16760,0.0216,-0.0656,0.9971,-0.153,0.031,0.870,-3.76,-3.13
16780,0.0101,-0.0691,1.0085,-0.168,0.107,0.824,-3.92,-3.15
16800,0.0215,-0.0641,1.0151,-0.137,-0.076,0.840,-3.61,-3.16
16820,0.0222,-0.0638,0.9973,0.031,-0.351,0.870,-3.66,-3.17
16840,0.0129,-0.0618,0.9886,-0.076,-0.351,0.901,-3.58,-3.18
16860,0.0129,-0.0548,0.9626,-0.046,-0.641,0.748,-3.26,-3.18
16880,0.0074,-0.0460,0.9580,0.198,-0.458,0.733,-2.75,-3.17
16900,0.0040,-0.0406,0.9517,0.351,-0.015,0.809,-2.45,-3.15
16920,0.0066,-0.0425,0.9691,0.901,0.809,0.855,-2.51,-3.11
16940,-0.0083,-0.0508,0.9727,1.389,1.130,1.084,-2.99,-3.08
16960,0.0012,-0.0541,0.9891,1.603,1.542,1.038,-3.13,-3.05
16980,-0.0165,-0.0632,0.9996,1.435,1.481,1.145,-3.62,-3.04
17000,-0.0087,-0.0627,1.0134,1.099,1.466,1.008,-3.54,-3.03
17020,-0.0173,-0.0516,1.0164,0.550,1.618,0.901,-2.91,-3.01
17040,-0.0002,-0.0531,1.0311,0.641,1.557,0.687,-2.95,-3.00
17060,-0.0067,-0.0521,1.0253,0.122,1.069,0.565,-2.91,-2.99
17080,-0.0034,-0.0471,1.0259,-0.260,0.870,0.565,-2.63,-2.99
17100,-0.0088,-0.0496,0.9922,-0.198,0.489,0.336,-2.86,-2.99
17120,-0.0006,-0.0558,0.9869,-0.092,0.580,0.214,-3.24,-3.00
17140,-0.0068,-0.0620,0.9921,-0.412,0.336,0.183,-3.58,-3.02
17160,-0.0049,-0.0684,1.0005,-0.748,0.137,0.015,-3.91,-3.05
17180,0.0039,-0.0679,1.0104,-1.053,0.031,-0.168,-3.84,-3.09
17200,0.0032,-0.0624,1.0059,-1.038,-0.183,-0.076,-3.55,-3.12
17221,0.0073,-0.0668,1.0024,-0.824,-0.351,-0.290,-3.81,-3.15
17240,0.0060,-0.0675,1.0021,-0.550,-0.336,-0.305,-3.85,-3.17
17260,0.0076,-0.0719,0.9874,-0.443,-0.305,-0.137,-4.16,-3.20
17280,0.0085,-0.0687,0.9706,-0.580,-0.305,-0.229,-4.05,-3.23
17300,0.0122,-0.0609,0.9597,-0.611,0.107,-0.183,-3.63,-3.25
17320,0.0076,-0.0513,0.9666,-0.641,0.534,-0.076,-3.04,-3.26
17340,0.0093,-0.0463,0.9813,-0.260,0.885,0.046,-2.70,-3.25
17360,0.0121,-0.0461,0.9829,0.351,0.687,0.107,-2.69,-3.23
17380,0.0129,-0.0525,0.9852,0.794,0.809,0.107,-3.05,-3.22
17400,0.0133,-0.0640,0.9954,0.870,0.794,0.229,-3.68,-3.21
17420,0.0109,-0.0649,1.0034,0.519,0.733,0.198,-3.70,-3.21
17440,0.0116,-0.0663,0.9943,-0.046,0.718,0.061,-3.81,-3.22
17460,0.0079,-0.0552,0.9999,-0.397,0.702,0.046,-3.16,-3.23
17480,0.0127,-0.0483,0.9954,-0.321,0.427,-0.153,-2.78,-3.22
17500,0.0160,-0.0479,0.9873,0.046,0.153,-0.153,-2.77,-3.21
17520,0.0117,-0.0533,0.9906,0.260,-0.137,-0.244,-3.08,-3.21
17540,0.0112,-0.0654,0.9912,0.198,-0.168,-0.168,-3.78,-3.21
17560,0.0100,-0.0642,0.9900,0.183,0.000,-0.260,-3.71,-3.22
17580,0.0048,-0.0599,0.9941,-0.076,0.092,-0.137,-3.45,-3.23
17600,0.0168,-0.0674,1.0065,-0.061,0.122,-0.092,-3.83,-3.24
17620,0.0123,-0.0605,1.0000,-0.092,0.153,-0.153,-3.46,-3.25
17658,0.0139,-0.0510,1.0234,0.000,-0.046,-0.183,-2.85,-3.24
17662,0.0129,-0.0494,1.0144,-0.046,-0.015,-0.183,-2.79,-3.23
17680,0.0116,-0.0496,1.0117,0.153,-0.382,-0.046,-2.80,-3.22
17700,0.0100,-0.0529,0.9885,0.305,-0.153,-0.015,-3.06,-3.21
17720,0.0002,-0.0549,0.9861,0.580,0.214,0.061,-3.19,-3.20
17740,-0.0107,-0.0459,0.9913,0.641,0.458,0.107,-2.65,-3.17
17760,-0.0149,-0.0475,0.9939,0.885,0.565,0.183,-2.74,-3.15
17780,-0.0144,-0.0570,0.9987,0.916,0.809,0.092,-3.27,-3.13
17800,-0.0112,-0.0580,1.0031,0.672,0.763,0.046,-3.31,-3.12
17820,-0.0085,-0.0598,1.0013,0.046,0.702,-0.061,-3.42,-3.13
17841,-0.0105,-0.0530,0.9844,-0.427,0.473,0.046,-3.08,-3.14
17860,-0.0118,-0.0461,0.9812,-0.595,0.489,-0.137,-2.69,-3.14
17880,-0.0157,-0.0406,0.9902,-0.550,0.809,-0.122,-2.35,-3.13
17900,-0.0129,-0.0510,1.0045,-0.397,0.366,-0.198,-2.91,-3.14
17920,-0.0150,-0.0607,1.0076,-0.580,0.153,-0.458,-3.45,-3.15
17940,-0.0085,-0.0605,1.0094,-1.160,-0.031,-0.458,-3.43,-3.18
17960,-0.0114,-0.0524,0.9930,-1.450,-0.214,-0.427,-3.02,-3.21
17980,-0.0082,-0.0594,0.9728,-1.389,-0.260,-0.580,-3.50,-3.24
18000,-0.0129,-0.0521,0.9843,-1.115,-0.076,-0.397,-3.03,-3.26
18020,-0.0082,-0.0536,0.9817,-0.641,-0.305,-0.458,-3.12,-3.27
18040,-0.0039,-0.0614,0.9783,-0.412,-0.076,-0.397,-3.59,-3.28
18060,-0.0154,-0.0629,0.9785,-0.550,0.015,-0.214,-3.68,-3.30
18080,-0.0109,-0.0526,0.9977,-0.458,0.198,-0.153,-3.02,-3.30
18100,-0.0045,-0.0558,0.9916,-0.198,-0.031,0.031,-3.22,-3.31
18120,-0.0222,-0.0502,0.9834,0.229,0.092,0.092,-2.92,-3.29
18140,-0.0127,-0.0491,1.0111,0.412,0.397,0.107,-2.78,-3.28
18160,-0.0204,-0.0588,1.0044,0.885,0.260,0.076,-3.35,-3.26
18180,-0.0146,-0.0741,1.0078,1.282,0.443,0.076,-4.20,-3.25
18200,-0.0177,-0.0707,0.9987,0.947,0.519,0.031,-4.05,-3.25
18220,-0.0221,-0.0610,1.0085,0.626,0.656,-0.153,-3.46,-3.24
18240,-0.0173,-0.0559,1.0145,0.504,0.504,-0.198,-3.15,-3.23
18260,-0.0106,-0.0604,1.0177,0.351,0.473,-0.305,-3.40,-3.23
18280,-0.0145,-0.0525,1.0149,-0.290,0.534,-0.473,-2.96,-3.23
18300,-0.0065,-0.0475,0.9941,-0.321,0.275,-0.366,-2.73,-3.22
18320,-0.0077,-0.0432,0.9980,-0.687,0.183,-0.351,-2.48,-3.22
18340,-0.0190,-0.0453,0.9932,-0.687,-0.076,-0.504,-2.61,-3.22
18360,-0.0055,-0.0477,0.9867,-0.656,-0.260,-0.473,-2.77,-3.23
18380,-0.0208,-0.0553,0.9719,-0.321,-0.366,-0.473,-3.26,-3.24
18400,-0.0134,-0.0637,1.0032,-0.550,0.000,-0.534,-3.63,-3.25
18420,-0.0159,-0.0586,0.9816,-0.992,-0.183,-0.550,-3.42,-3.28
18440,-0.0068,-0.0594,0.9805,-1.115,0.214,-0.504,-3.47,-3.30
18460,-0.0050,-0.0558,0.9752,-0.656,0.000,-0.550,-3.27,-3.31
18480,-0.0056,-0.0570,0.9752,-0.290,0.137,-0.427,-3.35,-3.32
18500,-0.0145,-0.0687,0.9774,0.351,0.107,-0.595,-4.02,-3.33
18521,-0.0055,-0.0883,1.0181,0.290,0.412,-0.656,-4.95,-3.35
18540,-0.0155,-0.0768,1.0090,-0.412,0.183,-0.794,-4.35,-3.38
18560,-0.0070,-0.0697,1.0062,-0.672,0.305,-0.794,-3.96,-3.41
18581,-0.0063,-0.0598,0.9939,-0.351,0.061,-0.870,-3.44,-3.42
18600,-0.0074,-0.0610,0.9943,0.061,0.107,-0.595,-3.51,-3.42
18620,-0.0054,-0.0621,0.9987,0.718,-0.229,-0.702,-3.56,-3.40
18640,-0.0022,-0.0687,1.0237,0.824,-0.290,-0.611,-3.84,-3.40
18660,0.0010,-0.0768,1.0120,0.794,-0.580,-0.611,-4.34,-3.40
18680,-0.0021,-0.0748,1.0009,0.458,-0.412,-0.641,-4.28,-3.41
18700,0.0070,-0.0643,1.0160,-0.046,-0.290,-0.534,-3.62,-3.41
18720,0.0172,-0.0575,1.0112,-0.260,-0.412,-0.687,-3.25,-3.42
18740,0.0310,-0.0530,0.9862,-0.351,-0.183,-0.565,-3.07,-3.42
18760,0.0275,-0.0432,0.9386,-0.214,-0.214,-0.626,-2.64,-3.40
18780,0.0193,-0.0396,0.9587,0.046,0.443,-0.458,-2.36,-3.38
18801,0.0183,-0.0437,1.0032,0.580,0.275,-0.443,-2.49,-3.35
18820,0.0245,-0.0492,1.0164,1.053,-0.061,-0.443,-2.77,-3.32
18840,0.0222,-0.0731,0.9932,0.855,-0.076,-0.519,-4.21,-3.32
18860,0.0236,-0.0795,0.9948,0.076,0.427,-0.550,-4.57,-3.35
18880,0.0245,-0.0637,0.9551,-0.656,0.443,-0.641,-3.82,-3.37
18900,0.0311,-0.0488,0.8889,-0.947,0.748,-0.580,-3.14,-3.38
18920,0.0319,-0.0459,0.7970,-0.443,1.145,-0.626,-3.30,-3.39
18940,0.0199,-0.0586,0.8418,0.244,3.359,-0.626,-3.98,-3.40
18960,0.0282,-0.0686,0.9532,-0.076,4.260,-0.580,-4.12,-3.41
18999,0.0094,-0.0538,0.9465,-0.672,4.031,-0.504,-3.26,-3.42
19003,0.0079,-0.0530,0.9583,-0.473,4.046,-0.580,-3.16,-3.43
19020,-0.0013,-0.0533,1.0098,0.168,3.954,-0.443,-3.02,-3.42
19040,0.0060,-0.0591,1.0344,1.023,3.084,-0.534,-3.27,-3.39
19060,0.0063,-0.0762,1.0242,1.435,2.626,-0.489,-4.25,-3.38
19080,0.0043,-0.0791,1.0392,1.466,2.565,-0.550,-4.35,-3.37
19100,0.0139,-0.0728,1.0618,1.405,2.382,-0.458,-3.92,-3.36
19120,0.0179,-0.0699,1.0643,1.099,1.954,-0.382,-3.76,-3.34
19140,-0.0034,-0.0485,1.0543,0.840,1.649,-0.443,-2.63,-3.31
19160,0.0051,-0.0369,1.0712,0.931,1.481,-0.214,-1.97,-3.27
19180,0.0095,-0.0475,1.0720,1.771,0.840,-0.137,-2.54,-3.22
19200,-0.0009,-0.0483,1.0636,2.427,-0.183,-0.351,-2.60,-3.16
19220,0.0033,-0.0734,1.0511,2.977,-0.824,-0.382,-3.99,-3.12
19240,0.0074,-0.0652,1.0084,2.885,-0.840,-0.519,-3.70,-3.07
19260,-0.0028,-0.0226,1.0214,1.771,0.000,-0.397,-1.27,-3.00
19280,0.0123,-0.0366,1.1023,1.145,-0.076,-0.244,-1.90,-2.96
19300,0.0177,-0.0718,1.0643,0.763,-0.992,-0.336,-3.86,-2.96
19320,0.0260,-0.0491,1.0071,-0.122,-1.298,-0.290,-2.79,-2.96
19340,0.0459,-0.0189,0.9442,-0.824,-2.229,-0.260,-1.15,-2.94
19360,0.0475,-0.0297,0.8962,-1.145,-2.641,-0.107,-1.90,-2.94
19380,0.0225,-0.0269,0.9291,-2.763,-2.107,-0.137,-1.66,-2.97
19400,0.0272,0.0087,0.9186,-3.603,-2.794,-0.382,0.54,-2.97
19420,0.0214,0.0078,0.9324,-3.099,-2.824,-0.229,0.48,-2.96
19440,0.0197,-0.0144,0.9523,-1.634,-3.221,-0.244,-0.87,-2.95
19460,0.0123,-0.0416,0.9463,-0.824,-2.977,-0.046,-2.52,-2.96
19480,0.0042,-0.0623,0.9471,-0.885,-2.046,0.000,-3.76,-2.99
19500,0.0105,-0.0646,0.9629,-1.145,-1.130,-0.031,-3.84,-3.03
19520,0.0131,-0.0615,0.9689,-0.901,-0.580,0.092,-3.63,-3.06
19540,0.0071,-0.0577,1.0107,-0.947,0.107,0.214,-3.27,-3.08
19560,0.0182,-0.0427,1.0299,-0.733,-0.031,0.290,-2.38,-3.08
19580,0.0209,-0.0172,0.9703,-0.046,0.382,0.626,-1.02,-3.04
19600,0.0100,-0.0010,0.9681,0.916,1.710,1.084,-0.06,-2.96
19620,0.0188,-0.0190,1.0026,2.504,1.878,1.466,-1.09,-2.88
19640,0.0287,-0.0311,1.0498,3.237,2.244,1.786,-1.70,-2.79
19661,0.0349,-0.0245,1.0262,2.656,1.771,1.939,-1.37,-2.71
19680,0.0273,0.0005,1.0052,2.595,1.649,2.168,0.03,-2.61
19700,0.0225,0.0035,1.0261,3.603,1.649,2.412,0.20,-2.48
19720,0.0356,-0.0024,1.0625,3.191,1.786,2.504,-0.13,-2.37
19740,0.0363,-0.0144,1.0370,2.748,1.634,2.611,-0.80,-2.28
19760,0.0480,0.0002,1.0602,1.649,1.832,2.443,0.01,-2.21
19780,0.0453,0.0380,1.0287,1.237,-0.122,2.305,2.11,-2.09
19800,0.0487,0.0115,1.0087,1.435,-0.779,2.168,0.65,-2.01
19820,0.0364,0.0028,0.9390,1.252,-1.176,2.275,0.17,-1.94
19840,0.0469,0.0056,0.9385,1.099,-0.168,2.092,0.34,-1.88
19860,0.0490,-0.0231,0.9829,0.550,0.198,2.168,-1.34,-1.85
19881,0.0503,-0.0162,0.9653,-0.092,-0.275,2.015,-0.96,-1.84
19900,0.0516,-0.0017,0.9490,-0.809,0.122,2.076,-0.10,-1.82
19920,0.0477,-0.0212,0.9384,-1.221,0.382,2.122,-1.30,-1.83
19940,0.0398,-0.0223,0.9185,-1.557,0.626,2.107,-1.39,-1.86
19960,0.0472,0.0013,0.9596,-1.924,1.542,2.198,0.08,-1.85
19980,0.0435,0.0084,0.9741,-1.527,1.084,2.351,0.50,-1.84
20000,0.0460,0.0084,0.9775,-0.473,0.916,2.351,0.49,-1.80
20020,0.0249,-0.0172,1.0281,-0.244,1.237,2.595,-0.96,-1.79
20040,0.0306,-0.0082,1.1232,-1.191,1.527,2.443,-0.42,-1.78
20060,0.0643,-0.0123,1.0887,-1.725,0.046,2.595,-0.65,-1.79
20080,0.0472,0.0184,0.9886,-1.435,-0.214,2.855,1.07,-1.77
20100,0.0449,-0.0021,1.0383,-1.267,0.611,3.023,-0.11,-1.76
20120,0.0760,0.0074,1.0455,-1.115,-0.504,3.130,0.41,-1.74
20140,0.0675,0.0264,1.0453,-0.870,-0.305,3.374,1.44,-1.69
20160,0.0830,0.0204,0.9430,0.840,-1.237,3.557,1.24,-1.61
20181,0.0717,0.0090,0.8481,3.405,-0.947,3.710,0.61,-1.50
20200,0.0582,-0.0089,0.8723,5.115,0.046,3.832,-0.59,-1.38
20220,0.0594,-0.0714,1.0217,4.702,0.962,3.786,-4.00,-1.34
20240,0.0833,-0.0262,1.0414,3.725,-0.870,3.969,-1.44,-1.27
20260,0.0817,-0.0166,1.0206,3.191,-0.824,4.275,-0.93,-1.20
20280,0.0580,0.0177,1.0647,1.527,-0.611,4.137,0.95,-1.13
20300,0.1195,0.0708,1.0540,-0.351,-1.130,4.458,3.84,-1.04
20320,0.1018,0.1049,0.8693,-0.718,-2.183,4.702,6.88,-0.89
20340,0.0760,0.0492,0.8943,-0.229,0.031,4.611,3.15,-0.82
20360,0.1003,0.0671,0.8710,1.679,-0.809,4.336,4.41,-0.68
20398,0.0337,-0.0314,1.0303,2.031,1.221,3.802,-1.74,-0.66
20402,0.0280,-0.0260,1.0792,1.725,1.206,3.634,-1.38,-0.64
20420,0.0979,-0.0165,1.0771,0.656,0.947,3.389,-0.88,-0.63
20440,0.0757,0.0374,0.8793,0.992,0.534,3.298,2.43,-0.55
20460,0.1040,0.0022,1.0016,0.229,3.679,3.359,0.13,-0.54
20480,0.0735,0.0035,1.0549,0.122,2.351,3.282,0.19,-0.52
20500,0.1348,0.0109,1.1041,-0.794,2.870,3.374,0.56,-0.51
20520,0.1573,0.0511,1.0211,-1.374,2.260,3.725,2.87,-0.47
20540,0.1827,0.0350,0.9474,-0.397,1.771,4.244,2.12,-0.43
20560,0.1667,0.0288,0.9904,1.542,1.359,4.473,1.67,-0.36
20580,0.1528,-0.0153,1.0411,1.176,0.550,4.733,-0.84,-0.34
20600,0.1627,-0.0107,1.0050,1.389,-0.748,4.534,-0.61,-0.32
20620,0.1450,-0.0585,1.0416,0.962,0.595,4.260,-3.21,-0.36
20640,0.1970,-0.0408,1.1550,-1.053,0.153,3.725,-2.02,-0.41
20660,0.1539,0.0283,0.9446,-1.634,-1.679,3.420,1.72,-0.40
20680,0.2271,0.0193,0.9847,-0.931,-0.229,3.176,1.12,-0.39
20700,0.1816,0.0303,0.8878,-0.244,-2.718,3.389,1.95,-0.35
20720,0.2036,-0.0012,0.9448,0.794,-1.511,3.115,-0.07,-0.33
20740,0.1465,-0.0319,0.9728,1.099,-2.092,3.374,-1.88,-0.34
20760,0.1631,-0.0464,0.9967,1.359,-2.412,3.221,-2.66,-0.36
20780,0.1826,-0.0427,0.9225,1.450,-2.779,3.267,-2.65,-0.37
20800,0.1964,-0.0441,0.9602,1.710,-1.344,3.344,-2.63,-0.39
20820,0.1825,-0.0397,1.0282,1.160,-1.893,3.313,-2.21,-0.40
20841,0.1738,-0.0378,1.0316,0.702,-1.435,2.977,-2.10,-0.42
20860,0.1593,-0.0330,0.9779,0.656,-1.237,2.534,-1.93,-0.44
20880,0.1837,-0.0265,0.9574,0.397,-0.519,2.519,-1.58,-0.45
20900,0.1710,-0.0295,0.9750,0.153,0.321,1.985,-1.74,-0.47
20920,0.1841,-0.0214,0.9669,0.366,0.489,1.649,-1.27,-0.48
20940,0.1909,-0.0339,0.9679,0.779,0.977,1.344,-2.01,-0.50
20960,0.1841,-0.0679,1.0204,-0.198,1.542,1.084,-3.81,-0.57
20980,0.2058,-0.0542,1.0210,-0.611,1.313,0.672,-3.04,-0.63
21000,0.2163,-0.0481,1.0045,-1.359,1.420,0.489,-2.74,-0.70
21020,0.2124,-0.0229,1.0112,-0.885,1.359,0.290,-1.30,-0.73
21040,0.2061,-0.0543,1.0587,-0.885,1.359,0.198,-2.94,-0.79
21060,0.2081,-0.0521,0.9987,-0.290,0.336,-0.031,-2.99,-0.84
21080,0.2521,-0.0947,1.0330,-0.260,1.282,-0.198,-5.24,-0.93
21100,0.2668,-0.1147,1.0707,-0.763,0.290,-0.550,-6.12,-1.05
21120,0.2648,-0.1036,1.0703,-0.931,-0.031,-0.733,-5.53,-1.16
21140,0.2777,-0.1158,1.0693,-0.809,-0.137,-0.947,-6.18,-1.28
21160,0.3213,-0.0763,1.0585,-0.809,-0.916,-1.038,-4.12,-1.35
21180,0.3236,-0.1047,0.9886,-0.809,-1.359,-1.115,-6.05,-1.46
21200,0.3374,-0.0922,0.9598,-1.145,-1.069,-1.084,-5.48,-1.56
21220,0.3533,-0.0886,0.9498,-0.702,-1.389,-1.053,-5.33,-1.65
21240,0.3208,-0.0872,0.9646,-0.168,-1.496,-1.038,-5.16,-1.72
21260,0.3167,-0.0762,0.9760,0.656,-1.878,-0.916,-4.46,-1.77
21280,0.3082,-0.0813,1.0182,0.916,-1.328,-0.779,-4.57,-1.80
21300,0.3148,-0.1019,1.0347,0.794,-1.298,-0.779,-5.63,-1.86
21320,0.3370,-0.0807,0.9492,0.641,-1.374,-0.656,-4.86,-1.91
21340,0.3438,-0.0769,0.9946,0.489,0.275,-0.672,-4.42,-1.95
21360,0.3435,-0.0928,1.0280,0.061,-0.046,-0.718,-5.16,-2.02
21380,0.3900,-0.0765,1.0659,0.702,-0.794,-0.779,-4.11,-2.04
21400,0.3628,-0.1121,1.0239,1.496,-1.191,-0.916,-6.25,-2.10
21420,0.3617,-0.0884,0.9873,1.191,-0.779,-1.069,-5.12,-2.14
21440,0.3690,-0.0797,0.9598,0.519,0.031,-1.069,-4.75,-2.18
21460,0.3616,-0.0806,0.9441,0.061,0.565,-1.069,-4.88,-2.23
21480,0.3779,-0.0808,0.9458,0.153,0.779,-0.885,-4.88,-2.28
21500,0.3983,-0.0746,0.9578,0.916,0.611,-0.962,-4.45,-2.31
21520,0.3671,-0.1022,0.9791,0.550,1.389,-0.992,-5.96,-2.37
21540,0.3473,-0.0726,1.0138,-0.519,0.916,-1.191,-4.10,-2.41
21560,0.3392,-0.0618,1.0354,-0.962,0.565,-1.084,-3.41,-2.45
21580,0.3127,-0.0853,1.0110,-1.267,0.748,-1.160,-4.82,-2.52
21600,0.3109,-0.0787,1.0004,-1.740,0.748,-1.267,-4.50,-2.60
21620,0.2990,-0.0659,0.9872,-1.267,0.366,-1.145,-3.82,-2.65
21640,0.2982,-0.0662,1.0042,0.046,1.115,-1.344,-3.77,-2.67
21660,0.2946,-0.1176,1.0188,0.489,1.893,-1.298,-6.58,-2.74
21680,0.2885,-0.1227,1.0724,-0.351,1.527,-1.359,-6.53,-2.82
21700,0.3033,-0.1302,1.0184,-0.763,-0.092,-1.481,-7.29,-2.92
21720,0.3069,-0.0978,0.9863,-0.595,0.336,-1.405,-5.66,-2.99
21740,0.3121,-0.1050,1.0132,-0.366,0.336,-1.359,-5.92,-3.06
21779,0.2961,-0.0706,0.9628,-2.122,0.229,-1.557,-4.19,-3.12
21783,0.3243,-0.0698,0.9929,-2.015,0.366,-1.527,-4.02,-3.18
21800,0.3176,-0.0710,0.9745,-1.863,0.641,-1.267,-4.17,-3.23
21820,0.2998,-0.0669,0.9940,-1.725,0.626,-1.328,-3.85,-3.28
21840,0.3044,-0.0736,1.0262,-1.908,0.687,-1.145,-4.10,-3.33
21860,0.3069,-0.0847,1.0840,-1.985,0.519,-1.282,-4.47,-3.40
21880,0.2928,-0.0951,1.0564,-1.450,-0.595,-1.267,-5.14,-3.46
21900,0.2999,-0.0817,1.0125,-0.977,-0.565,-1.252,-4.61,-3.50
21920,0.2963,-0.0697,1.0687,-0.397,0.031,-1.359,-3.73,-3.51
21941,0.3086,-0.0829,0.9622,0.595,-1.298,-1.359,-4.92,-3.53
21960,0.3170,-0.0773,0.8477,1.008,-0.107,-1.359,-5.21,-3.54
21980,0.2816,-0.0796,0.9723,0.000,2.153,-1.069,-4.68,-3.57
22000,0.2952,-0.0933,1.1074,-0.504,1.481,-0.809,-4.81,-3.60
22020,0.2847,-0.0796,1.1443,-0.779,-0.305,-0.840,-3.98,-3.62
22040,0.2855,-0.0917,1.1316,-1.695,-0.580,-0.702,-4.63,-3.68
22060,0.2798,-0.0876,1.1047,-2.595,-0.870,-0.916,-4.54,-3.75
22080,0.2471,-0.0916,1.1176,-4.473,0.046,-0.916,-4.68,-3.85
22100,0.2460,-0.0685,1.0652,-4.656,-0.031,-0.870,-3.68,-3.94
22120,0.2141,-0.0642,1.0353,-4.977,0.137,-0.885,-3.55,-4.03
22140,0.2054,-0.0330,1.0092,-3.573,0.443,-0.885,-1.87,-4.06
22160,0.1923,-0.0326,0.8378,-0.427,-1.038,-0.885,-2.23,-4.03
22180,0.1920,-0.0941,0.8365,0.351,0.962,-0.840,-6.42,-4.07
22200,0.1421,-0.0654,0.9463,0.198,2.229,-1.038,-3.96,-4.06
22220,0.1163,-0.0685,0.8700,-0.061,1.115,-0.962,-4.50,-4.07
22240,0.0771,-0.0721,0.8724,0.260,3.817,-0.702,-4.73,-4.08
22260,0.0558,-0.0643,0.9329,0.321,4.901,-0.626,-3.94,-4.07
22280,0.0363,-0.0659,0.9670,0.153,5.786,-0.702,-3.90,-4.07
22300,0.0150,-0.0457,1.0060,-0.473,7.267,-0.748,-2.60,-4.05
22320,0.0110,-0.0450,1.0272,-1.695,7.603,-0.901,-2.51,-4.05
22340,-0.0271,-0.0281,0.9529,-3.053,7.740,-0.794,-1.69,-4.06
22360,-0.0057,-0.0022,0.8929,-2.275,8.214,-0.702,-0.14,-4.03
22380,0.0243,-0.0494,0.9697,-0.458,6.947,-0.809,-2.92,-4.01
22400,-0.0477,-0.0735,0.9983,0.137,5.664,-0.794,-4.21,-4.02
22420,-0.0370,-0.0582,0.9413,0.687,3.023,-0.947,-3.54,-3.99
22440,-0.0526,-0.0586,0.9885,1.008,2.916,-0.855,-3.39,-3.96
22461,-0.0554,-0.0483,1.0332,1.679,1.130,-0.779,-2.68,-3.90
22480,-0.0616,-0.0667,1.0302,1.359,-0.458,-0.824,-3.70,-3.87
22500,-0.0647,-0.0724,1.0557,0.733,-1.038,-0.718,-3.92,-3.86
22520,-0.0636,-0.0702,1.0835,0.015,-1.496,-0.885,-3.71,-3.85
22540,-0.0775,-0.0809,1.0475,-1.817,-2.702,-0.840,-4.42,-3.90
22560,-0.1014,-0.0341,1.0188,-1.802,-2.885,-1.160,-1.91,-3.90
22580,-0.0953,-0.0176,1.0421,-0.809,-2.626,-1.145,-0.97,-3.85
22600,-0.1068,-0.0596,1.0160,-0.458,-2.412,-0.901,-3.36,-3.85
22620,-0.0844,-0.0503,0.9706,-0.076,-2.260,-0.947,-2.97,-3.84
22640,-0.1093,-0.0314,1.0365,0.214,-1.008,-0.992,-1.73,-3.79
22660,-0.1013,-0.0652,1.0524,0.489,-0.855,-0.885,-3.54,-3.78
22680,-0.0913,-0.0569,0.9735,0.031,-0.366,-0.824,-3.34,-3.77
22700,-0.1115,-0.0618,0.9907,-0.550,1.389,-0.809,-3.57,-3.77
22720,-0.0900,-0.0498,0.9221,-0.855,1.145,-0.702,-3.09,-3.78
22740,-0.1140,-0.0220,0.9634,-0.412,3.053,-0.687,-1.31,-3.74
22760,-0.0970,-0.0247,1.1976,-0.198,3.802,-0.565,-1.18,-3.69
22780,-0.0919,-0.0464,1.0768,-0.260,0.168,-0.641,-2.47,-3.67
22800,-0.1191,-0.0424,0.9141,-1.817,1.496,-0.626,-2.65,-3.68
22820,-0.1378,-0.0322,1.0762,-2.947,4.260,-0.595,-1.72,-3.70
22840,-0.1156,-0.0421,1.1215,-2.992,1.939,-0.718,-2.15,-3.73
22860,-0.1366,-0.0259,1.0043,-3.298,1.023,-0.855,-1.48,-3.75
22880,-0.1130,-0.0148,0.9896,-3.527,1.802,-0.840,-0.86,-3.76
22900,-0.1165,-0.0133,0.9257,-3.038,0.824,-0.824,-0.82,-3.76
22920,-0.1099,-0.0234,0.9034,-2.153,0.061,-0.947,-1.49,-3.76
22940,-0.1272,-0.0433,0.9368,-1.527,-0.702,-0.885,-2.65,-3.77
22960,-0.1433,-0.0535,0.9377,-0.687,-0.183,-0.901,-3.26,-3.77
22980,-0.1654,-0.0559,0.9143,-0.473,0.427,-0.962,-3.50,-3.77
23000,-0.1390,-0.0933,0.8824,-1.313,0.870,-1.191,-6.03,-3.84
23020,-0.1704,-0.0780,0.9760,-2.366,2.321,-1.481,-4.57,-3.91
23040,-0.1580,-0.0565,1.0303,-3.221,2.015,-1.557,-3.14,-3.95
23060,-0.1417,-0.0430,0.9829,-3.542,2.076,-1.634,-2.50,-3.99
23080,-0.1495,-0.0391,0.9143,-2.427,2.229,-1.618,-2.45,-4.01
23100,-0.1659,-0.0620,0.9645,-2.137,2.656,-1.786,-3.68,-4.05
23139,-0.1594,-0.0674,1.0560,-0.840,1.725,-1.481,-3.65,-4.05
23142,-0.1676,-0.0736,1.0668,-0.611,1.740,-1.405,-3.95,-4.06
23160,-0.1595,-0.1068,1.0039,-0.840,0.779,-1.466,-6.07,-4.12
23180,-0.1750,-0.0519,0.9102,-0.840,0.611,-1.466,-3.26,-4.12
23200,-0.1656,-0.0660,0.9763,0.626,1.130,-1.176,-3.87,-4.10
23220,-0.1823,-0.0951,0.9670,0.733,-0.290,-1.084,-5.62,-4.12
23240,-0.2373,-0.0717,0.9994,-0.626,0.015,-1.099,-4.10,-4.13
23260,-0.2438,-0.0479,1.0106,-0.611,-0.061,-1.023,-2.71,-4.11
23280,-0.2532,-0.0352,0.9001,0.611,-0.641,-0.992,-2.24,-4.06
23300,-0.3318,-0.0458,0.9442,1.221,0.870,-1.038,-2.78,-4.01
23320,-0.3140,-0.0548,1.0288,1.053,0.244,-0.916,-3.05,-3.97
23340,-0.3447,-0.0436,0.9695,1.359,-0.137,-0.962,-2.57,-3.92
23360,-0.3168,-0.0438,1.0464,1.725,2.000,-1.206,-2.40,-3.86
23380,-0.3689,-0.0385,0.9930,0.351,0.794,-1.298,-2.22,-3.82
23400,-0.3430,-0.0134,1.0028,0.733,1.405,-1.237,-0.77,-3.74
23420,-0.3643,-0.0403,1.0446,0.779,1.863,-1.191,-2.21,-3.69
23440,-0.3535,-0.0532,1.0914,-1.191,1.740,-1.435,-2.79,-3.70
23460,-0.3584,-0.0320,1.0424,-1.405,0.321,-1.588,-1.76,-3.69
23480,-0.3334,-0.0405,1.0695,-2.000,0.901,-1.435,-2.17,-3.70
23500,-0.3448,-0.0237,0.9369,-1.710,-0.687,-1.664,-1.45,-3.69
23520,-0.3284,-0.0454,0.9553,-2.321,0.824,-1.664,-2.72,-3.71
23540,-0.3647,-0.0422,1.0145,-1.466,0.275,-1.634,-2.38,-3.71
23560,-0.3364,-0.0801,1.0343,-0.412,-0.183,-1.634,-4.43,-3.74
23580,-0.3777,-0.0513,0.9592,0.107,-0.977,-1.786,-3.06,-3.72
23600,-0.3588,-0.0679,0.9827,-0.198,-0.168,-1.893,-3.95,-3.73
23620,-0.3560,-0.0840,0.9707,-0.153,-0.489,-2.000,-4.94,-3.76
23641,-0.3505,-0.0870,0.9600,-0.321,-0.092,-2.214,-5.18,-3.79
23660,-0.3561,-0.0712,0.9557,-0.550,0.443,-2.183,-4.26,-3.81
23680,-0.3407,-0.0558,0.9609,-0.595,0.779,-2.260,-3.32,-3.81
23700,-0.3375,-0.0419,0.9371,0.000,0.916,-2.260,-2.56,-3.79
23720,-0.3390,-0.0492,0.9144,0.779,1.221,-2.229,-3.08,-3.76
23740,-0.3177,-0.0841,0.9827,0.473,1.420,-2.198,-4.89,-3.77
23760,-0.3533,-0.0486,0.9777,0.122,0.458,-2.122,-2.84,-3.75
23780,-0.3502,-0.0465,1.0038,1.191,1.252,-2.137,-2.65,-3.71
23800,-0.3619,-0.0776,1.0439,0.534,1.145,-1.939,-4.25,-3.71
23820,-0.3354,-0.0646,0.9417,0.473,0.458,-2.122,-3.92,-3.70
23840,-0.3445,-0.0480,0.9104,0.092,1.481,-1.939,-3.02,-3.69
23860,-0.3441,-0.0480,0.9774,0.351,1.649,-1.847,-2.81,-3.66
23880,-0.3351,-0.0336,0.9026,1.481,0.061,-1.863,-2.13,-3.60
23900,-0.3411,-0.0537,0.8702,2.122,1.420,-1.725,-3.53,-3.56
23920,-0.3586,-0.0455,0.8170,3.435,0.427,-1.802,-3.19,-3.48
23940,-0.3606,-0.0647,0.9637,4.473,2.168,-1.664,-3.84,-3.40
23960,-0.3623,-0.0695,1.0598,4.702,0.458,-1.802,-3.75,-3.32
23980,-0.3822,-0.0892,1.0739,3.771,0.107,-1.771,-4.75,-3.27
24000,-0.4066,-0.0972,1.2061,1.115,0.489,-2.168,-4.61,-3.28
24020,-0.3727,-0.0817,1.2682,-1.573,-0.901,-2.656,-3.68,-3.32
24040,-0.3463,-0.0226,1.0634,-3.832,-2.366,-2.626,-1.22,-3.35
24060,-0.3447,-0.0011,0.8862,-4.443,-1.588,-2.580,-0.07,-3.37
24080,-0.3690,-0.0171,0.9290,-3.542,-0.229,-2.748,-1.05,-3.39
24100,-0.3580,-0.0315,1.0045,-3.344,-0.550,-3.053,-1.80,-3.43
24120,-0.3583,-0.0399,0.9312,-2.885,-1.405,-2.916,-2.45,-3.47
24140,-0.3619,-0.0804,0.9243,-1.786,-0.626,-2.992,-4.97,-3.53
24160,-0.3455,-0.1005,0.9193,-0.473,-1.496,-2.916,-6.24,-3.59
24180,-0.3694,-0.1138,0.9382,0.824,-2.031,-2.855,-6.91,-3.64
24200,-0.3606,-0.1382,0.9824,1.130,-1.695,-2.840,-8.01,-3.71
24220,-0.3796,-0.1134,0.9053,1.130,-1.237,-2.901,-7.14,-3.76
24240,-0.3840,-0.0903,0.8987,1.267,-0.153,-2.962,-5.74,-3.77
24260,-0.4221,-0.0925,1.0457,0.504,1.771,-3.298,-5.06,-3.79
24280,-0.3850,-0.0786,1.0664,-1.069,2.397,-3.664,-4.22,-3.82
24300,-0.3627,-0.0305,0.9055,-1.038,2.290,-3.878,-1.93,-3.80
24320,-0.3529,-0.0304,0.9692,-0.901,3.420,-3.893,-1.80,-3.78
24340,-0.3485,-0.0437,1.0171,-0.198,2.015,-3.954,-2.46,-3.75
24360,-0.3248,-0.0500,1.0160,-0.031,1.939,-3.771,-2.82,-3.74
24380,-0.3110,-0.0688,1.0167,-0.214,1.573,-3.771,-3.87,-3.74
24400,-0.2843,-0.0610,0.9937,-0.611,0.565,-3.588,-3.51,-3.75
24420,-0.2866,-0.0580,0.9686,-0.046,0.290,-3.573,-3.43,-3.74
24440,-0.2634,-0.0621,1.0143,0.534,0.412,-3.267,-3.51,-3.73
24479,-0.2435,-0.0736,1.0028,0.489,-0.794,-2.748,-4.20,-3.73
24483,-0.2399,-0.0753,1.0012,0.534,-0.870,-2.809,-4.30,-3.73
24500,-0.2207,-0.0815,0.9823,0.260,-1.649,-2.611,-4.75,-3.75
24520,-0.2080,-0.0773,0.9734,0.015,-1.634,-2.504,-4.54,-3.76
24540,-0.2035,-0.0647,0.9313,0.748,-2.366,-2.580,-3.97,-3.75
24560,-0.2025,-0.0856,0.9663,1.817,-2.321,-2.580,-5.06,-3.74
24580,-0.2075,-0.0986,1.0023,2.076,-2.718,-2.901,-5.62,-3.74
24600,-0.2180,-0.0848,0.9537,1.496,-2.763,-2.840,-5.08,-3.74
24620,-0.2212,-0.0594,0.9559,1.023,-1.771,-2.779,-3.56,-3.71
24640,-0.2064,-0.0577,0.9796,1.389,-1.527,-2.870,-3.37,-3.68
24660,-0.1932,-0.0586,0.9734,1.405,-1.252,-2.565,-3.44,-3.65
24680,-0.2054,-0.0596,0.9449,1.466,-0.565,-2.534,-3.61,-3.62
24700,-0.2040,-0.0759,0.9553,1.466,-0.366,-2.595,-4.54,-3.61
24720,-0.2128,-0.0876,0.9570,1.069,0.015,-2.687,-5.23,-3.62
24740,-0.2128,-0.0881,0.9563,0.824,0.901,-2.702,-5.27,-3.63
24760,-0.2130,-0.0842,0.9303,0.992,1.160,-2.901,-5.17,-3.65
24780,-0.2140,-0.0977,0.9338,1.267,1.466,-3.328,-5.97,-3.67
24800,-0.2178,-0.1011,0.9174,1.405,1.786,-3.450,-6.29,-3.69
24820,-0.2234,-0.0889,0.9493,1.634,2.275,-3.527,-5.35,-3.69
24840,-0.2125,-0.0964,1.0159,2.321,1.802,-3.573,-5.42,-3.68
24860,-0.2058,-0.1272,1.0413,2.153,1.924,-3.527,-6.96,-3.71
24881,-0.2308,-0.1136,1.0245,0.656,1.924,-3.832,-6.33,-3.75
24900,-0.2111,-0.1139,1.0516,-0.214,1.771,-3.985,-6.18,-3.80
24920,-0.2256,-0.1178,1.0376,-0.718,0.962,-4.260,-6.48,-3.87
24940,-0.2319,-0.1075,1.0177,-0.321,0.565,-4.519,-6.03,-3.92
24960,-0.2131,-0.1028,1.0332,0.107,0.092,-4.748,-5.68,-3.95
24980,-0.2194,-0.1100,1.0052,0.641,-0.412,-4.885,-6.24,-3.98
25001,-0.2161,-0.1108,1.0005,0.748,-0.458,-4.962,-6.32,-4.01
25020,-0.2057,-0.1097,0.9800,0.595,-0.763,-5.099,-6.39,-4.05
25041,-0.1986,-0.1091,0.9578,0.382,-0.748,-5.099,-6.50,-4.09
25060,-0.1984,-0.0724,0.9187,0.855,-1.176,-4.901,-4.51,-4.08
25080,-0.1740,-0.0858,0.8998,2.397,-1.099,-4.641,-5.45,-4.06
25100,-0.1993,-0.1067,0.9265,2.183,-0.626,-4.489,-6.57,-4.07
25120,-0.2322,-0.0935,0.9855,1.252,-0.305,-4.427,-5.42,-4.07
25140,-0.2047,-0.0981,1.0358,0.183,-0.107,-4.366,-5.41,-4.10
25160,-0.2058,-0.0957,0.9674,-0.305,-0.290,-4.504,-5.65,-4.13
25180,-0.1829,-0.0872,0.9653,-0.702,0.534,-4.718,-5.16,-4.17
25200,-0.2056,-0.0760,0.9482,-0.840,0.595,-4.824,-4.59,-4.19
25220,-0.1940,-0.0741,1.0048,-1.084,1.344,-5.008,-4.22,-4.21
25241,-0.1981,-0.0627,0.9894,-0.565,1.099,-4.931,-3.63,-4.21
25260,-0.1798,-0.0717,1.0107,-0.076,1.985,-4.992,-4.06,-4.21
25280,-0.1732,-0.0532,0.9697,0.031,1.725,-4.763,-3.14,-4.19
25300,-0.1663,-0.0455,0.9762,0.351,2.382,-4.595,-2.67,-4.15
25320,-0.1661,-0.0529,1.0134,0.779,2.275,-4.198,-2.99,-4.11
25340,-0.1583,-0.0510,1.0361,0.809,1.817,-3.954,-2.82,-4.07
25360,-0.1643,-0.0387,1.0209,0.427,1.176,-3.450,-2.17,-4.03
25380,-0.1437,-0.0326,0.9980,1.038,0.702,-2.885,-1.87,-3.96
25400,-0.1477,-0.0486,1.0265,1.160,0.168,-2.748,-2.71,-3.91
25420,-0.1598,-0.0468,1.0552,0.168,-0.321,-2.427,-2.54,-3.88
25440,-0.1556,-0.0243,1.0341,-0.443,-1.313,-2.382,-1.35,-3.84
25460,-0.1361,-0.0220,1.0175,-0.656,-1.496,-2.031,-1.24,-3.80
25480,-0.1500,-0.0065,0.9447,-0.687,-1.908,-1.756,-0.39,-3.75
25500,-0.1293,-0.0076,0.9818,-0.809,-1.298,-1.634,-0.44,-3.70
25520,-0.1329,0.0023,0.9896,-0.947,-1.710,-1.466,0.13,-3.64
25540,-0.1279,0.0148,0.9603,-0.366,-1.664,-1.130,0.88,-3.56
25560,-0.1261,-0.0048,0.9684,0.198,-1.374,-0.947,-0.28,-3.49
25580,-0.1254,-0.0116,1.0011,0.061,-1.237,-0.733,-0.66,-3.43
25600,-0.1243,0.0016,0.9677,-0.015,-1.389,-0.519,0.09,-3.36
25620,-0.1144,-0.0020,0.9607,0.092,-1.115,-0.183,-0.12,-3.29
25640,-0.1254,-0.0034,0.9556,-0.122,-0.779,0.015,-0.20,-3.23
25660,-0.1088,0.0000,0.9635,0.122,-0.168,0.244,0.00,-3.17
25680,-0.1180,0.0129,0.9752,0.153,0.275,0.458,0.76,-3.08
25700,-0.1071,0.0177,1.0216,0.351,0.534,0.840,0.99,-3.00
25720,-0.1111,0.0203,1.0114,0.611,0.397,0.962,1.15,-2.90
25740,-0.1102,0.0181,1.0071,0.382,0.824,1.099,1.03,-2.82
25760,-0.1279,0.0299,0.9535,0.366,0.748,1.344,1.80,-2.72
25780,-0.1128,0.0217,0.9930,0.321,1.802,1.542,1.25,-2.63
25800,-0.1265,0.0238,1.0007,0.229,1.603,1.756,1.36,-2.55
25839,-0.1282,0.0289,1.0393,-0.947,1.450,1.710,1.59,-2.48
25842,-0.1296,0.0308,1.0377,-1.099,1.115,1.710,1.70,-2.42
25860,-0.1273,0.0289,0.9979,-0.840,0.931,1.893,1.66,-2.35
25880,-0.1331,0.0255,1.0072,-1.008,0.962,1.924,1.45,-2.30
25900,-0.1371,0.0127,1.0103,-1.115,0.580,1.817,0.72,-2.26
25920,-0.1333,0.0118,0.9996,-1.634,0.718,1.802,0.68,-2.23
25940,-0.1337,0.0183,0.9945,-2.290,0.672,1.969,1.05,-2.21
25960,-0.1265,0.0332,0.9746,-2.427,0.260,2.092,1.95,-2.18
25980,-0.1268,0.0431,0.9623,-2.168,0.076,2.305,2.56,-2.12
26000,-0.1261,0.0500,0.9363,-1.389,-0.290,2.519,3.06,-2.05
26020,-0.1327,0.0536,0.9272,-0.015,-0.351,2.840,3.31,-1.94
26040,-0.1409,0.0343,0.9509,1.389,-0.229,3.130,2.07,-1.83
26060,-0.1376,0.0267,0.9683,1.969,-0.076,3.282,1.58,-1.73
26080,-0.1417,0.0186,0.9642,1.618,-0.061,3.634,1.10,-1.64
26100,-0.1473,0.0072,0.9530,1.359,0.229,3.878,0.43,-1.57
26120,-0.1533,0.0188,0.9757,0.534,0.534,3.756,1.10,-1.51
26140,-0.1575,0.0243,0.9969,-0.076,0.611,3.588,1.40,-1.45
26160,-0.1643,0.0365,1.0028,-0.550,0.779,3.618,2.08,-1.39
26180,-0.1736,0.0453,0.9955,-0.656,0.901,3.557,2.60,-1.32
26200,-0.1708,0.0480,0.9894,-0.580,0.947,3.374,2.78,-1.25
26220,-0.1700,0.0542,1.0039,-0.595,1.176,3.374,3.09,-1.18
26240,-0.1644,0.0425,0.9922,-0.137,0.947,3.252,2.45,-1.11
26260,-0.1694,0.0415,0.9917,-0.275,1.069,3.252,2.40,-1.04
26280,-0.1719,0.0370,0.9796,-0.305,1.084,3.176,2.16,-0.98
26300,-0.1708,0.0297,0.9979,-0.534,1.527,3.145,1.70,-0.94
26320,-0.1747,0.0261,1.0179,-0.977,1.389,3.176,1.47,-0.91
26340,-0.1725,0.0321,0.9977,-1.221,0.870,3.160,1.84,-0.88
26360,-0.1738,0.0386,0.9714,-0.626,0.870,3.328,2.27,-0.83
26380,-0.1898,0.0194,0.9844,-0.107,0.977,3.634,1.13,-0.79
26400,-0.1934,0.0129,1.0341,0.183,0.626,3.740,0.72,-0.76
26420,-0.1825,0.0129,1.0438,0.366,-0.031,3.634,0.71,-0.72
26440,-0.1802,0.0223,0.9860,0.336,-0.840,3.649,1.30,-0.68
26460,-0.1864,0.0200,0.9360,0.321,-0.977,3.573,1.23,-0.63
26480,-0.1936,0.0178,0.9712,0.504,-0.550,3.450,1.05,-0.59
26500,-0.1803,0.0272,0.9747,0.794,-0.916,3.405,1.60,-0.53
26521,-0.1843,0.0211,0.9529,0.672,-0.809,3.344,1.27,-0.48
26540,-0.1873,0.0347,0.9803,0.458,-0.321,3.328,2.03,-0.42
26560,-0.1754,0.0443,0.9774,0.366,-0.397,3.344,2.60,-0.35
26580,-0.1824,0.0397,0.9609,0.672,0.168,3.542,2.36,-0.29
26600,-0.1803,0.0281,0.9626,0.519,0.366,3.618,1.67,-0.24
26620,-0.1738,0.0293,0.9777,0.122,0.366,3.618,1.72,-0.19
26640,-0.1759,0.0181,0.9725,-0.351,0.244,3.481,1.06,-0.18
26660,-0.1854,0.0155,0.9539,-0.229,0.244,3.466,0.93,-0.16
26680,-0.1877,0.0221,0.9821,-0.244,0.702,3.450,1.29,-0.13
26701,-0.1863,0.0234,1.0021,-0.366,0.763,3.359,1.34,-0.11
26720,-0.1791,0.0332,0.9846,-0.382,0.504,3.313,1.93,-0.08
26740,-0.1825,0.0385,0.9821,-0.229,0.733,3.130,2.24,-0.04
26760,-0.1970,0.0435,0.9709,0.275,1.084,3.313,2.56,0.02
26780,-0.1874,0.0387,1.0195,0.580,1.588,3.252,2.17,0.08
26800,-0.1818,0.0320,0.9996,0.947,0.855,3.374,1.83,0.13
26820,-0.1716,0.0273,1.0000,1.237,1.252,3.435,1.57,0.18
26840,-0.1680,0.0155,1.0164,0.947,1.237,3.664,0.87,0.21
26860,-0.1720,0.0062,1.0345,0.458,0.992,3.573,0.34,0.23
26880,-0.1602,0.0084,1.0333,-0.153,0.565,3.557,0.47,0.23
26900,-0.1788,0.0087,1.0164,-0.870,0.336,3.557,0.49,0.22
26920,-0.1747,0.0214,1.0007,-1.069,0.229,3.450,1.22,0.22
26940,-0.1713,0.0410,0.9868,-0.641,-0.153,3.389,2.38,0.25
26960,-0.1682,0.0325,0.9937,-0.153,-0.473,3.282,1.87,0.28
26980,-0.1765,0.0265,0.9946,-0.244,-0.718,3.008,1.53,0.30
27000,-0.1621,0.0339,0.9644,-0.260,-0.916,2.916,2.02,0.32
27020,-0.1599,0.0217,0.9504,-0.321,-0.672,3.084,1.31,0.34
27040,-0.1600,0.0199,0.9716,-0.382,-0.595,3.008,1.17,0.35
27060,-0.1499,0.0232,0.9977,-0.214,-0.672,3.023,1.33,0.36
27080,-0.1482,0.0248,0.9788,-0.260,-0.977,3.206,1.45,0.38
27100,-0.1523,0.0077,0.9666,-0.046,-0.595,3.176,0.46,0.38
27120,-0.1438,0.0027,0.9792,0.122,-0.427,3.130,0.16,0.38
27140,-0.1426,-0.0123,0.9711,0.137,-0.412,3.115,-0.73,0.36
27160,-0.1500,-0.0145,0.9742,0.031,-0.015,2.931,-0.85,0.34
27180,-0.1439,-0.0131,0.9818,-0.336,0.275,2.733,-0.76,0.31
27200,-0.1400,-0.0088,0.9969,-0.809,0.534,2.611,-0.51,0.27
27238,-0.1316,0.0051,1.0360,-1.130,0.305,2.229,0.28,0.25
27242,-0.1310,0.0082,1.0269,-1.084,0.427,2.183,0.46,0.24
27260,-0.1348,0.0061,1.0087,-0.870,0.061,2.031,0.35,0.22
27280,-0.1294,0.0028,1.0022,-0.718,0.412,2.015,0.16,0.21
27301,-0.1198,0.0085,0.9912,-0.611,0.137,2.046,0.49,0.20
27320,-0.1207,0.0059,0.9774,-0.321,0.168,1.847,0.34,0.20
27340,-0.1125,-0.0044,1.0046,0.153,0.443,2.015,-0.25,0.19
27360,-0.1019,-0.0056,1.0120,0.183,0.198,2.061,-0.32,0.18
27380,-0.0997,-0.0046,1.0095,0.153,0.275,2.275,-0.26,0.18
27400,-0.0927,-0.0082,0.9963,0.290,-0.076,2.321,-0.47,0.17
27420,-0.0981,-0.0092,1.0065,-0.122,0.214,2.198,-0.52,0.15
27440,-0.0990,-0.0110,0.9999,-0.672,-0.076,2.382,-0.63,0.12
27460,-0.0907,-0.0031,0.9703,-0.855,0.031,2.153,-0.18,0.10
27480,-0.0907,-0.0023,0.9772,-0.687,0.061,2.275,-0.14,0.08
27500,-0.0834,-0.0070,0.9896,-0.809,-0.153,2.122,-0.40,0.06
27520,-0.0836,-0.0061,0.9791,-0.855,-0.321,1.878,-0.36,0.03
27540,-0.0807,-0.0170,0.9862,-0.672,-0.015,1.695,-0.99,-0.00
27561,-0.0717,-0.0297,0.9771,-0.947,-0.214,1.527,-1.74,-0.05
27580,-0.0731,-0.0338,0.9659,-1.221,-0.366,1.389,-2.00,-0.12
27600,-0.0671,-0.0233,0.9795,-1.450,-0.198,1.237,-1.36,-0.17
27620,-0.0627,-0.0239,0.9716,-1.267,-0.336,1.069,-1.41,-0.22
27640,-0.0573,-0.0270,0.9698,-0.901,-0.183,1.130,-1.59,-0.26
27661,-0.0568,-0.0325,0.9698,-0.687,0.000,1.115,-1.92,-0.31
27680,-0.0546,-0.0369,0.9692,-0.473,0.214,1.038,-2.18,-0.36
27700,-0.0582,-0.0427,0.9771,-0.336,0.489,1.008,-2.50,-0.41
27720,-0.0601,-0.0490,0.9871,-0.382,0.672,0.916,-2.84,-0.46
27740,-0.0552,-0.0421,0.9753,-0.427,0.641,0.840,-2.47,-0.51
27760,-0.0671,-0.0405,0.9724,0.000,0.916,0.779,-2.39,-0.55
27780,-0.0533,-0.0437,1.0068,0.107,1.145,0.595,-2.49,-0.59
27800,-0.0477,-0.0507,1.0052,0.305,0.687,0.489,-2.88,-0.63
27820,-0.0385,-0.0524,1.0101,0.046,1.008,0.366,-2.97,-0.67
27840,-0.0308,-0.0452,0.9984,-0.061,0.901,0.183,-2.59,-0.71
27860,-0.0377,-0.0382,0.9951,0.061,0.794,0.092,-2.20,-0.74
27880,-0.0341,-0.0441,1.0205,0.015,0.550,-0.031,-2.47,-0.77
27900,-0.0349,-0.0416,1.0299,0.031,0.290,-0.061,-2.31,-0.80
27920,-0.0415,-0.0311,1.0127,-0.076,0.015,-0.122,-1.76,-0.83
27940,-0.0289,-0.0344,1.0042,-0.137,-0.168,-0.137,-1.96,-0.85
27960,-0.0350,-0.0383,1.0000,-0.198,-0.107,-0.137,-2.20,-0.88
27980,-0.0160,-0.0394,0.9973,-0.550,-0.137,-0.076,-2.26,-0.92
28000,-0.0228,-0.0508,0.9747,-0.519,-0.214,-0.168,-2.98,-0.97
28020,-0.0155,-0.0536,1.0107,-0.779,0.076,-0.260,-3.03,-1.03
28040,-0.0045,-0.0466,0.9877,-0.870,-0.412,-0.321,-2.70,-1.08
28060,-0.0016,-0.0510,0.9763,-1.053,-0.137,-0.351,-2.99,-1.14
28080,-0.0048,-0.0433,0.9973,-1.420,-0.061,-0.412,-2.49,-1.19
28100,0.0076,-0.0452,1.0251,-1.542,-0.321,-0.458,-2.52,-1.25
28120,-0.0013,-0.0443,1.0026,-1.466,-0.626,-0.550,-2.53,-1.30
28140,-0.0048,-0.0443,0.9916,-1.008,-0.779,-0.565,-2.56,-1.35
28160,0.0026,-0.0552,0.9744,-0.809,-1.038,-0.580,-3.24,-1.40
28180,0.0037,-0.0648,0.9584,-0.550,-0.901,-0.702,-3.87,-1.46
28200,-0.0016,-0.0609,0.9410,-0.336,-0.687,-0.611,-3.70,-1.51
28220,0.0205,-0.0643,0.9796,-0.122,-0.336,-0.702,-3.76,-1.56
28240,0.0192,-0.0634,0.9763,0.183,-0.595,-0.580,-3.71,-1.60
28260,0.0160,-0.0614,0.9879,0.656,-0.107,-0.443,-3.56,-1.63
28280,0.0104,-0.0615,1.0156,0.550,0.015,-0.443,-3.47,-1.65
28300,0.0095,-0.0717,1.0258,0.336,0.198,-0.473,-4.00,-1.69
28321,0.0154,-0.0620,1.0000,-0.122,0.214,-0.580,-3.55,-1.73
28340,0.0076,-0.0486,0.9971,-0.534,0.565,-0.718,-2.79,-1.76
28360,0.0103,-0.0480,1.0162,-0.702,0.687,-0.885,-2.70,-1.80
28380,0.0156,-0.0406,1.0199,-0.595,0.595,-0.931,-2.28,-1.82
28400,0.0189,-0.0463,1.0428,-0.855,0.580,-0.885,-2.54,-1.85
28421,0.0299,-0.0417,1.0256,-1.038,0.351,-0.947,-2.33,-1.88
28440,0.0464,-0.0425,1.0189,-1.053,0.061,-1.115,-2.39,-1.91
28460,0.0460,-0.0470,1.0139,-1.176,-0.137,-0.977,-2.65,-1.95
28480,0.0530,-0.0455,0.9926,-1.267,-0.122,-0.962,-2.63,-1.99
28500,0.0609,-0.0441,1.0006,-1.435,0.168,-0.779,-2.52,-2.03
28520,0.0679,-0.0505,1.0042,-1.420,0.122,-0.702,-2.88,-2.07
28540,0.0764,-0.0568,1.0192,-1.450,0.321,-0.641,-3.19,-2.12
28560,0.0806,-0.0614,1.0208,-1.130,-0.244,-0.565,-3.44,-2.17
28599,0.0765,-0.0688,0.9938,-0.992,-0.550,-0.580,-3.96,-2.22
28603,0.0701,-0.0657,0.9823,-0.840,-0.565,-0.626,-3.82,-2.27
28620,0.0732,-0.0818,0.9978,-0.947,-0.672,-0.687,-4.69,-2.34
28640,0.0765,-0.0726,0.9742,-1.008,-0.977,-0.870,-4.26,-2.40
28660,0.0690,-0.0713,0.9724,-0.916,-0.550,-0.718,-4.19,-2.45
28680,0.0729,-0.0732,0.9875,-0.855,-0.321,-0.901,-4.24,-2.50
28700,0.0736,-0.0692,0.9882,-0.809,-0.275,-0.962,-4.01,-2.55
28720,0.0745,-0.0654,0.9814,-0.840,-0.168,-0.916,-3.81,-2.59
28740,0.0739,-0.0612,0.9963,-0.840,0.046,-0.992,-3.51,-2.63
28760,0.0717,-0.0579,0.9952,-0.580,-0.092,-0.947,-3.33,-2.65
28780,0.0636,-0.0601,1.0201,-0.443,0.229,-0.885,-3.37,-2.68
28800,0.0837,-0.0757,1.0363,-0.137,-0.122,-0.855,-4.18,-2.71
28820,0.0787,-0.0759,1.0087,-0.031,-0.076,-1.008,-4.30,-2.74
28840,0.0758,-0.0789,1.0278,-0.336,0.260,-0.885,-4.39,-2.78
28860,0.0653,-0.0779,0.9891,-0.580,-0.321,-0.962,-4.50,-2.83
28880,0.0503,-0.0774,1.0011,-0.992,0.290,-1.008,-4.42,-2.88
28900,0.0599,-0.0687,1.0131,-1.191,0.183,-1.069,-3.88,-2.92
28920,0.0592,-0.0698,1.0222,-1.099,0.519,-1.099,-3.91,-2.96
28940,0.0580,-0.0624,1.0319,-1.298,0.260,-1.191,-3.46,-3.00
28960,0.0768,-0.0638,1.0138,-1.298,-0.015,-1.099,-3.60,-3.04
28980,0.0593,-0.0621,0.9786,-1.221,0.137,-1.176,-3.63,-3.07
29000,0.0667,-0.0566,1.0029,-1.374,0.397,-1.176,-3.23,-3.10
29020,0.0758,-0.0604,0.9896,-0.901,-0.198,-1.084,-3.49,-3.13
29040,0.0668,-0.0558,0.9861,-0.611,-0.275,-0.901,-3.24,-3.14
29060,0.0674,-0.0665,0.9895,-0.031,-0.397,-0.718,-3.85,-3.16
29080,0.0747,-0.0775,0.9906,0.351,-0.412,-0.718,-4.47,-3.18
29100,0.0602,-0.0830,0.9691,0.244,-0.198,-0.763,-4.90,-3.20
29120,0.0544,-0.0771,0.9855,0.183,0.015,-0.763,-4.48,-3.23
29140,0.0669,-0.0857,1.0088,0.412,-0.046,-0.855,-4.86,-3.25
29160,0.0575,-0.0833,1.0239,0.290,-0.031,-0.885,-4.65,-3.27
29180,0.0444,-0.0770,1.0134,0.305,-0.336,-0.931,-4.35,-3.29
29200,0.0376,-0.0643,0.9973,0.137,-0.244,-0.947,-3.69,-3.29
29220,0.0005,-0.0596,0.9762,0.061,-0.046,-0.870,-3.49,-3.30
29240,0.0015,-0.0490,0.9697,0.076,0.427,-0.931,-2.89,-3.29
29260,-0.0177,-0.0413,0.9609,0.153,0.794,-0.885,-2.46,-3.27
29280,-0.0210,-0.0415,0.9613,0.427,1.160,-0.855,-2.47,-3.24
29300,-0.0254,-0.0448,0.9932,0.321,1.466,-0.824,-2.58,-3.22
29320,-0.0300,-0.0383,1.0065,0.366,1.160,-0.870,-2.18,-3.20
29340,-0.0280,-0.0490,0.9969,0.550,1.267,-0.931,-2.81,-3.18
29360,-0.0378,-0.0541,0.9988,0.244,1.389,-0.763,-3.10,-3.17
29380,-0.0298,-0.0557,1.0096,0.046,1.298,-0.931,-3.16,-3.17
29400,-0.0409,-0.0565,1.0029,-0.321,1.145,-0.870,-3.23,-3.18
29420,-0.0333,-0.0510,1.0129,-0.366,1.145,-0.916,-2.88,-3.18
29440,-0.0360,-0.0493,0.9996,-0.550,0.809,-0.794,-2.82,-3.18
29460,-0.0487,-0.0511,0.9889,-0.229,0.763,-0.779,-2.96,-3.18
29480,-0.0544,-0.0425,0.9719,0.168,0.534,-0.702,-2.50,-3.17
29500,-0.0535,-0.0463,0.9722,0.443,0.580,-0.718,-2.72,-3.15
29520,-0.0543,-0.0502,0.9867,0.901,0.763,-0.443,-2.91,-3.13
29540,-0.0588,-0.0464,1.0032,1.191,0.366,-0.519,-2.65,-3.09
29560,-0.0615,-0.0498,1.0187,1.298,0.275,-0.427,-2.80,-3.06
29580,-0.0602,-0.0574,1.0110,1.282,0.122,-0.443,-3.25,-3.04
29600,-0.0787,-0.0565,0.9834,1.115,0.092,-0.489,-3.29,-3.02
29620,-0.0901,-0.0557,1.0026,0.595,0.336,-0.656,-3.18,-3.01
29640,-0.0892,-0.0463,0.9894,0.351,0.244,-0.656,-2.68,-3.00
29660,-0.0781,-0.0450,0.9960,0.489,0.687,-0.763,-2.59,-2.98
29680,-0.0781,-0.0543,1.0168,0.397,0.489,-0.656,-3.06,-2.98
29700,-0.0569,-0.0558,1.0492,-0.290,0.580,-0.870,-3.04,-2.98
29720,-0.0452,-0.0321,0.9771,-0.626,-0.015,-0.840,-1.88,-2.97
29740,-0.0519,-0.0288,0.9297,-0.336,0.137,-0.916,-1.77,-2.96
29760,-0.0713,-0.0377,1.0039,-0.183,0.611,-0.870,-2.15,-2.94
29780,-0.0388,-0.0267,1.0488,0.153,-0.351,-0.824,-1.46,-2.91
29801,-0.0494,-0.0297,1.0197,-0.046,-0.672,-0.641,-1.67,-2.89
29820,-0.0492,-0.0416,0.9957,0.061,-0.458,-0.565,-2.39,-2.88
29840,-0.0283,-0.0565,1.0031,0.092,-0.519,-0.458,-3.23,-2.88
29860,-0.0364,-0.0660,1.0189,-0.443,-0.351,-0.412,-3.71,-2.91
29880,-0.0457,-0.0607,1.0007,-0.763,-0.534,-0.565,-3.47,-2.93
29900,-0.0280,-0.0579,0.9708,-0.321,-0.321,-0.565,-3.41,-2.95
29920,-0.0415,-0.0599,0.9879,-0.168,0.229,-0.718,-3.47,-2.96
29958,-0.0303,-0.0531,1.0187,0.244,-0.672,-0.840,-2.98,-2.96
29962,-0.0283,-0.0520,1.0117,0.183,-0.611,-0.870,-2.94,-2.95
29980,-0.0358,-0.0570,1.0090,0.504,-0.611,-0.840,-3.23,-2.95
30000,-0.0253,-0.0477,1.0161,0.473,-0.840,-0.855,-2.69,-2.94
30020,-0.0356,-0.0480,1.0377,0.351,-0.794,-0.779,-2.65,-2.92
30041,-0.0228,-0.0569,1.0514,-0.092,-0.901,-0.672,-3.10,-2.93
30060,-0.0096,-0.0332,0.9797,0.015,-1.756,-0.611,-1.94,-2.91
30080,-0.0216,-0.0498,1.0356,0.153,-0.901,-0.611,-2.75,-2.90
30100,-0.0441,-0.0525,1.0466,-0.031,-1.695,-0.565,-2.87,-2.90
30120,-0.0321,-0.0640,1.0042,-0.214,-1.603,-0.641,-3.64,-2.92
30141,-0.0438,-0.0575,1.0100,-0.779,-1.328,-0.855,-3.26,-2.94
30160,-0.0304,-0.0476,1.0140,-0.656,-1.405,-0.931,-2.69,-2.95
30180,-0.0308,-0.0554,1.0200,-0.901,-0.977,-0.901,-3.11,-2.97
30200,-0.0358,-0.0468,1.0408,-1.527,-0.931,-1.069,-2.57,-2.99
30220,-0.0197,-0.0291,0.9680,-1.710,-1.725,-0.931,-1.72,-3.00
30240,-0.0532,-0.0319,0.9445,-1.649,-0.824,-0.748,-1.93,-3.01
30260,-0.0625,-0.0342,0.9841,-2.412,-0.031,-0.763,-1.99,-3.04
30280,-0.0542,-0.0175,1.0121,-2.458,-0.046,-0.534,-0.99,-3.05
30300,-0.0522,-0.0359,1.0393,-1.542,-0.168,-0.595,-1.98,-3.06
30320,-0.0656,-0.0568,1.0341,-0.779,-0.855,-0.565,-3.14,-3.07
30340,-0.0525,-0.0605,0.9918,-0.015,-1.328,-0.672,-3.49,-3.08
30360,-0.0723,-0.0702,1.0044,-0.107,-0.580,-0.641,-4.00,-3.10
30380,-0.0898,-0.0598,1.0438,-0.885,-0.550,-0.763,-3.28,-3.12
30400,-0.0864,-0.0552,1.0155,-1.053,-0.840,-0.763,-3.11,-3.14
30420,-0.0896,-0.0342,1.0363,-1.298,-0.290,-0.626,-1.89,-3.14
30440,-0.0653,-0.0359,1.0125,-0.962,-0.519,-0.595,-2.03,-3.14
30460,-0.0734,-0.0369,1.0382,-1.237,-0.168,-0.504,-2.03,-3.14
30480,-0.0736,-0.0243,1.0479,-1.115,-0.534,-0.351,-1.33,-3.13
30500,-0.0671,-0.0345,1.0134,-0.748,-1.008,-0.198,-1.95,-3.12
30520,-0.0934,-0.0234,1.0453,-1.252,-0.809,-0.137,-1.28,-3.11
30540,-0.0852,-0.0142,1.0425,-0.824,-1.527,-0.137,-0.78,-3.08
30560,-0.0768,-0.0474,1.0547,-0.366,-1.740,-0.244,-2.57,-3.07
30580,-0.0973,-0.0483,1.0018,-0.992,-2.870,-0.458,-2.76,-3.09
30600,-0.1030,-0.0299,0.9958,-1.527,-2.504,-0.504,-1.72,-3.09
30620,-0.0953,-0.0326,0.9756,-1.008,-2.366,-0.473,-1.91,-3.09
30640,-0.1068,-0.0313,0.9659,-0.137,-1.695,-0.366,-1.85,-3.06
30660,-0.0929,-0.0498,0.9957,0.137,-1.282,-0.076,-2.86,-3.06
30680,-0.1016,-0.0596,0.9972,-0.015,-1.313,-0.092,-3.42,-3.06
30700,-0.1062,-0.0498,0.9824,-0.183,-1.008,-0.107,-2.90,-3.06
30720,-0.0984,-0.0449,0.9730,-0.366,-0.641,-0.168,-2.64,-3.06
30740,-0.1106,-0.0267,0.9972,-0.489,-0.275,-0.229,-1.54,-3.04
30760,-0.1045,-0.0281,0.9878,-0.275,-0.519,-0.046,-1.63,-3.02
30780,-0.1042,-0.0186,0.9712,-0.260,-0.229,0.031,-1.09,-2.99
30800,-0.1239,-0.0100,0.9768,-0.153,0.244,-0.076,-0.59,-2.94
30820,-0.1061,-0.0297,1.0018,0.107,0.260,-0.137,-1.70,-2.91
30840,-0.1227,-0.0326,0.9880,0.031,0.168,-0.137,-1.89,-2.89
30860,-0.1178,-0.0212,0.9912,0.092,0.611,-0.137,-1.23,-2.86
30880,-0.1281,-0.0289,0.9874,0.427,0.794,-0.031,-1.68,-2.83
30900,-0.1151,-0.0387,1.0417,0.290,1.527,0.229,-2.13,-2.81
30920,-0.1222,-0.0242,1.0059,0.458,0.687,0.336,-1.38,-2.77
30940,-0.1089,-0.0190,0.9849,0.809,0.824,0.565,-1.11,-2.72
30960,-0.1204,-0.0114,0.9821,0.534,0.992,0.687,-0.66,-2.67
30980,-0.1088,0.0100,0.9893,0.534,0.794,1.099,0.58,-2.59
31000,-0.1132,0.0298,0.9683,0.824,0.489,1.328,1.76,-2.49
31020,-0.1168,0.0304,0.9916,1.496,0.641,1.725,1.76,-2.37
31040,-0.1154,0.0240,0.9954,1.939,0.260,1.924,1.38,-2.26
31060,-0.1198,0.0176,0.9867,1.985,0.168,2.000,1.02,-2.16
31080,-0.1353,0.0304,0.9791,1.618,0.168,2.321,1.78,-2.05
31100,-0.1250,0.0259,1.0121,1.344,0.382,2.412,1.46,-1.95
31120,-0.1191,0.0341,1.0049,0.809,0.061,2.595,1.94,-1.86
31140,-0.1277,0.0488,0.9650,0.504,-0.107,2.702,2.90,-1.75
31160,-0.1257,0.0582,0.9762,0.382,0.214,2.870,3.41,-1.64
31180,-0.1276,0.0718,0.9797,0.275,0.275,3.328,4.19,-1.52
31200,-0.1232,0.0688,0.9819,0.366,0.321,3.557,4.01,-1.40
31220,-0.1218,0.0762,0.9867,0.000,0.290,3.847,4.41,-1.28
31240,-0.1287,0.0868,0.9686,-0.244,0.382,4.076,5.12,-1.16
31260,-0.1243,0.0974,0.9614,0.153,0.626,4.565,5.79,-1.02
31280,-0.1331,0.1013,0.9648,0.794,0.947,4.855,5.99,-0.86
31318,-0.1272,0.0870,1.0042,1.130,0.595,5.573,4.95,-0.73
31322,-0.1285,0.0900,1.0009,1.130,0.611,5.618,5.14,-0.59
31340,-0.1392,0.0902,1.0012,0.595,0.748,5.863,5.15,-0.46
31360,-0.1466,0.0927,1.0098,0.458,0.656,6.183,5.24,-0.34
31380,-0.1416,0.0989,1.0127,0.198,0.412,6.382,5.58,-0.21
31400,-0.1473,0.1085,0.9868,0.137,0.550,6.779,6.28,-0.08
31420,-0.1411,0.1113,1.0084,-0.244,0.779,6.901,6.30,0.04
31440,-0.1478,0.1178,1.0100,-0.366,0.214,7.206,6.65,0.17
31460,-0.1541,0.1232,1.0045,-0.260,0.260,7.496,6.99,0.30
31480,-0.1506,0.1376,1.0020,-0.244,0.260,7.618,7.82,0.44
31500,-0.1534,0.1367,1.0034,-0.397,0.015,7.924,7.76,0.58
31520,-0.1530,0.1333,1.0012,-0.427,-0.092,8.275,7.58,0.71
31540,-0.1548,0.1323,0.9712,-0.580,-0.412,8.366,7.76,0.84
31560,-0.1663,0.1322,0.9696,-0.565,0.122,8.672,7.76,0.97
31580,-0.1624,0.1249,0.9843,-0.412,0.168,8.931,7.23,1.09
31600,-0.1666,0.1196,1.0022,-0.382,0.107,9.145,6.81,1.19
31620,-0.1644,0.1239,0.9883,-0.427,-0.244,9.160,7.15,1.30
31640,-0.1683,0.1229,0.9709,-0.565,-0.244,9.389,7.22,1.41
31660,-0.1725,0.1237,1.0011,-0.504,-0.061,9.710,7.04,1.51
31680,-0.1606,0.1273,0.9915,-0.336,-0.397,9.802,7.32,1.62
31700,-0.1654,0.1283,0.9843,-0.107,-0.015,9.893,7.43,1.74
31720,-0.1659,0.1305,0.9781,-0.382,0.015,10.168,7.60,1.85
31740,-0.1678,0.1401,0.9763,-0.458,0.260,10.229,8.17,1.97
31760,-0.1537,0.1506,0.9636,-0.672,0.534,10.397,8.88,2.09
31780,-0.1663,0.1603,0.9442,-0.626,0.641,10.626,9.63,2.23
31800,-0.1605,0.1638,0.9657,-0.336,0.885,10.962,9.63,2.37
31820,-0.1619,0.1708,0.9854,0.305,0.702,11.237,9.83,2.53
31840,-0.1671,0.1558,1.0154,0.992,0.672,11.481,8.72,2.67
31860,-0.1592,0.1482,1.0028,1.313,0.397,11.664,8.41,2.81
31880,-0.1522,0.1425,0.9810,1.176,0.672,11.832,8.26,2.94
31900,-0.1517,0.1451,0.9937,0.779,1.084,12.153,8.31,3.06
31920,-0.1505,0.1498,1.0179,0.321,0.840,12.321,8.37,3.18
31940,-0.1389,0.1586,1.0256,0.183,0.458,12.473,8.79,3.29
31960,-0.1287,0.1760,0.9772,0.137,-0.137,12.611,10.21,3.43
31980,-0.1418,0.1750,0.9402,-0.061,0.168,12.992,10.55,3.57
32000,-0.1396,0.1796,0.9585,-1.130,0.962,13.191,10.61,3.69
32020,-0.1252,0.2086,0.9546,-1.237,1.145,13.496,12.33,3.84
32040,-0.1180,0.2069,0.9344,-0.794,1.176,13.893,12.49,4.00
32060,-0.1284,0.1942,0.9313,-0.443,1.405,14.015,11.78,4.15
32080,-0.1171,0.1969,0.9640,-0.519,1.985,14.351,11.54,4.28
32100,-0.1124,0.1893,0.9747,-0.794,2.015,14.595,10.99,4.40
32120,-0.1304,0.1780,1.0071,-1.145,2.244,14.855,10.02,4.49
32140,-0.1121,0.1868,1.0228,-1.420,1.664,14.977,10.35,4.58
32160,-0.1101,0.1866,1.0140,-1.450,1.389,15.206,10.43,4.67
32180,-0.1195,0.1815,1.0253,-1.191,0.947,15.450,10.04,4.75
32200,-0.1149,0.1744,1.0596,-1.115,0.382,15.328,9.35,4.82
32220,-0.1228,0.1720,1.0739,-1.328,-0.260,15.496,9.10,4.88
32240,-0.1180,0.1730,1.0765,-1.115,-0.763,15.664,9.13,4.95
32260,-0.0986,0.1775,1.0588,-0.931,-1.374,15.756,9.52,5.02
32280,-0.0966,0.1663,1.0153,-0.947,-1.511,15.863,9.30,5.09
32300,-0.0956,0.1753,0.9884,-1.557,-1.160,16.107,10.06,5.16
32320,-0.1021,0.1869,0.9901,-1.786,-0.916,16.366,10.69,5.23
32340,-0.0909,0.1953,0.9771,-1.511,-0.763,16.611,11.30,5.32
32360,-0.0880,0.1924,0.9364,-0.427,-0.870,16.656,11.61,5.44
32380,-0.0754,0.1786,0.9496,0.168,-0.321,16.809,10.65,5.55
32400,-0.0790,0.1552,0.9647,0.153,-0.336,16.931,9.14,5.62
32420,-0.0715,0.1499,0.9740,-0.580,-0.275,16.763,8.75,5.67
32440,-0.0751,0.1639,0.9508,-0.916,-0.473,16.809,9.78,5.74
32460,-0.0536,0.1588,0.9380,-0.718,-0.656,16.885,9.61,5.80
32480,-0.0608,0.1484,0.9120,-0.611,-0.580,16.718,9.24,5.86
32500,-0.0498,0.1472,0.8829,-0.885,-0.305,16.595,9.47,5.91
32520,-0.0588,0.1334,0.8694,-0.870,0.137,16.290,8.73,5.95
32540,-0.0634,0.1047,0.9722,-1.359,1.267,15.954,6.15,5.93
32560,-0.0637,0.1014,1.0073,-2.046,0.580,15.649,5.75,5.89
32580,-0.0452,0.1007,1.0287,-2.656,0.641,15.359,5.59,5.83
32601,-0.0718,0.1205,0.9774,-3.389,0.519,15.176,7.03,5.79
32620,-0.0754,0.1100,0.9825,-3.359,1.359,14.794,6.39,5.73
32640,-0.0868,0.1013,1.0742,-4.076,2.366,14.641,5.39,5.65
32660,-0.0762,0.1151,1.1152,-4.779,2.153,14.183,5.89,5.56
32680,-0.0592,0.1292,1.0326,-4.962,2.122,14.137,7.13,5.49
32719,-0.0210,0.1094,0.9745,-4.351,3.863,14.290,6.40,5.42
32723,-0.0170,0.1051,0.9763,-4.290,3.847,14.305,6.14,5.35
32740,-0.0139,0.1003,0.9839,-4.046,3.481,13.985,5.82,5.28
32760,-0.0341,0.0916,0.9840,-3.664,3.069,13.893,5.32,5.21
32780,-0.0419,0.0924,1.0022,-2.901,2.580,13.634,5.27,5.16
32800,-0.0331,0.0835,1.0236,-1.969,1.725,13.527,4.66,5.11
32820,-0.0359,0.0710,1.0076,-1.420,1.038,13.496,4.03,5.06
32840,-0.0366,0.0940,0.9938,-1.466,0.763,13.695,5.40,5.04
32860,-0.0310,0.1051,1.0330,-1.618,0.458,13.878,5.81,5.02
32880,-0.0470,0.1058,1.0592,-1.099,-0.473,13.969,5.71,5.01
32900,-0.0255,0.0994,1.0746,-0.656,-1.679,14.321,5.28,5.01
32920,-0.0255,0.1013,1.0590,-0.244,-2.702,14.519,5.47,5.01
32940,-0.0094,0.1105,0.9967,0.107,-4.397,14.687,6.32,5.04
32960,-0.0215,0.0917,0.9521,0.550,-4.794,14.885,5.50,5.06
32980,-0.0435,0.1061,0.9430,0.840,-4.779,14.702,6.42,5.10
33000,-0.0542,0.1030,0.9583,0.962,-4.122,14.595,6.14,5.14
33020,-0.0298,0.1008,0.9551,1.176,-3.740,14.473,6.03,5.18
33040,-0.0571,0.1340,0.9174,0.931,-3.267,14.412,8.31,5.26
33060,-0.0514,0.1302,1.0092,0.550,-1.679,14.275,7.35,5.32
33080,-0.0653,0.1296,1.0549,-0.763,-1.511,13.954,7.01,5.33
33100,-0.0503,0.1401,1.0585,-1.908,-1.145,13.802,7.54,5.34
33120,-0.0294,0.1469,1.0171,-2.824,-1.237,13.679,8.22,5.34
33140,-0.0436,0.1600,0.9894,-2.870,-1.282,13.756,9.19,5.36
33160,-0.0374,0.1556,1.0165,-1.832,-1.221,13.908,8.71,5.40
33180,-0.0366,0.1219,1.0387,-0.687,-1.847,14.031,6.70,5.41
33200,-0.0366,0.1259,1.0372,-0.656,-2.351,14.412,6.92,5.43
33220,-0.0612,0.1331,1.0322,-0.870,-2.137,14.641,7.35,5.45
33240,-0.0569,0.1188,1.0132,-0.397,-1.847,15.084,6.69,5.46
33260,-0.0782,0.1088,0.9996,-0.229,-1.771,15.023,6.21,5.47
33280,-0.0736,0.1317,1.0625,-0.580,-1.634,15.344,7.07,5.49
33300,-0.0530,0.1501,1.0275,-0.794,-2.504,15.374,8.31,5.54
33321,-0.0719,0.2074,0.9312,-0.473,-1.695,15.985,12.56,5.67
33340,-0.0703,0.2216,0.8788,0.275,0.122,16.260,14.15,5.84
33360,-0.0680,0.2107,0.9685,1.206,1.725,16.718,12.27,5.99
33380,-0.0486,0.1984,1.0105,2.809,0.794,16.855,11.11,6.15
33400,-0.0630,0.1974,1.0125,2.641,0.718,17.282,11.03,6.30
33420,-0.0782,0.2109,1.0426,2.412,1.053,17.756,11.44,6.45
33440,-0.0410,0.2227,0.9916,2.412,0.290,18.214,12.66,6.62
33460,-0.0607,0.2238,0.9486,2.809,0.382,18.901,13.27,6.81
33480,-0.0623,0.2156,0.9683,3.252,0.076,19.359,12.55,6.99
33500,-0.0737,0.2012,0.9865,3.924,-0.534,19.634,11.53,7.16
33520,-0.0807,0.2133,1.0116,3.588,-0.351,19.725,11.90,7.32
33540,-0.0854,0.2338,0.9932,3.008,-0.458,19.802,13.24,7.50
33560,-0.0667,0.2527,0.9586,2.137,-0.351,20.122,14.77,7.69
33580,-0.0911,0.2639,0.9170,1.435,-0.015,20.489,16.06,7.88
33600,-0.0938,0.2539,0.9620,0.565,1.282,20.626,14.78,8.03
33620,-0.1105,0.2823,1.0034,0.611,1.359,20.855,15.72,8.20
33640,-0.0934,0.2656,1.0393,0.427,1.573,21.145,14.34,8.33
33660,-0.1046,0.2629,1.0220,-0.305,1.023,21.176,14.43,8.44
33680,-0.0961,0.2645,1.0161,-0.504,1.069,21.282,14.59,8.56
33700,-0.1121,0.2349,1.0679,-1.389,0.641,21.115,12.40,8.61
33720,-0.1094,0.2421,1.0765,-2.458,0.107,21.374,12.67,8.64
33740,-0.0996,0.2614,1.0397,-2.244,0.321,21.267,14.11,8.71
33760,-0.0709,0.2421,1.0925,-2.427,0.351,21.389,12.49,8.73
33780,-0.0616,0.2156,1.0933,-3.420,-1.435,21.634,11.15,8.71
33800,-0.0737,0.1903,1.0792,-4.901,-2.260,21.389,10.00,8.64
33820,-0.0919,0.2245,1.0494,-5.450,-2.702,21.878,12.07,8.61
33840,-0.0917,0.2323,0.9991,-3.756,-3.084,22.031,13.09,8.62
33860,-0.0693,0.1998,0.9642,-3.069,-2.122,22.229,11.71,8.62
33880,-0.0815,0.2051,0.8843,-1.588,-2.351,22.336,13.06,8.68
33900,-0.0316,0.1421,0.9186,-0.931,-0.595,22.351,8.79,8.67
33920,-0.0577,0.1176,0.9623,-1.618,-1.191,22.214,6.96,8.60
33940,-0.0563,0.1831,0.9519,-2.092,-1.817,21.924,10.89,8.60
33960,-0.0706,0.1942,0.8867,0.015,-2.336,21.863,12.35,8.68
33980,-0.0645,0.1770,0.9561,1.557,-0.397,21.924,10.49,8.75
34000,-0.0663,0.1537,0.9609,2.473,-0.885,21.847,9.09,8.80
34020,-0.0333,0.1285,1.0028,2.595,-0.458,21.786,7.30,8.82
34040,-0.0594,0.1239,1.0406,2.015,-0.061,21.496,6.79,8.82
34060,-0.0413,0.1570,1.0468,0.427,-0.901,21.557,8.53,8.82
34080,-0.0450,0.1927,1.0050,0.351,-1.817,21.420,10.86,8.87
34119,-0.0338,0.2120,1.0073,0.901,-1.206,21.557,11.89,8.95
34123,-0.0374,0.2117,1.0078,1.008,-1.099,21.618,11.86,9.03
34140,-0.0344,0.2107,1.0258,1.160,-0.672,21.664,11.61,9.10
34160,-0.0345,0.1982,1.0358,1.160,-0.702,21.847,10.84,9.16
34180,-0.0250,0.1899,1.0284,0.687,-0.275,21.771,10.46,9.20
34200,-0.0333,0.2018,1.0172,0.137,0.015,21.740,11.22,9.24
34220,-0.0155,0.1971,1.0416,-0.198,0.489,21.634,10.72,9.27
34240,-0.0125,0.2041,1.0073,-0.779,0.153,21.435,11.45,9.30
34260,-0.0089,0.2053,0.9867,-1.221,0.718,21.344,11.75,9.32
34281,0.0023,0.2184,0.9739,-1.878,0.824,21.191,12.64,9.35
34300,0.0179,0.2231,0.9613,-1.817,0.947,21.176,13.07,9.39
34320,0.0298,0.2159,0.9618,-1.389,0.687,21.191,12.65,9.43
34340,0.0289,0.2039,0.9540,-0.885,0.107,21.237,12.06,9.46
34360,0.0353,0.1783,0.9635,-0.733,0.153,21.313,10.49,9.47
34380,0.0270,0.1693,0.9866,-0.962,-0.412,21.481,9.74,9.46
34400,0.0325,0.1700,1.0037,-0.962,-0.794,21.389,9.62,9.44
34420,0.0262,0.1760,0.9968,-0.809,-1.328,21.588,10.01,9.44
34440,0.0209,0.1763,0.9855,-0.061,-1.908,21.573,10.14,9.45
34460,0.0303,0.1730,0.9642,0.840,-1.969,21.649,10.17,9.48
34480,0.0034,0.1598,0.9574,0.794,-1.450,21.634,9.48,9.49
34500,0.0071,0.1625,0.9882,0.351,-0.855,21.527,9.34,9.50
34520,0.0083,0.1798,0.9689,-0.168,-0.336,21.557,10.51,9.52
34540,-0.0117,0.1766,0.9578,-0.382,0.779,21.435,10.45,9.53
34560,-0.0270,0.1772,0.9751,-0.443,1.374,21.344,10.30,9.53
34580,-0.0341,0.1787,0.9745,-0.229,1.878,20.992,10.39,9.55
34600,-0.0591,0.1506,1.0067,-0.473,2.641,20.672,8.51,9.52
34620,-0.0719,0.1401,1.0521,-1.206,2.779,20.076,7.59,9.45
34640,-0.0570,0.1392,1.0643,-2.031,2.687,19.618,7.45,9.37
34660,-0.0454,0.1368,0.9904,-2.519,2.168,19.206,7.87,9.29
34680,-0.0469,0.1239,0.9403,-2.305,2.336,18.504,7.51,9.21
34700,-0.0511,0.1078,0.9528,-1.771,2.489,17.985,6.45,9.12
34720,-0.0381,0.0988,0.9857,-1.435,1.893,17.466,5.72,9.03
34740,-0.0481,0.0782,1.0138,-1.466,1.542,17.084,4.41,8.91
34760,-0.0435,0.0774,1.0323,-1.664,0.779,16.748,4.29,8.78
34780,-0.0352,0.0773,1.0238,-1.939,0.275,16.321,4.32,8.65
34800,-0.0397,0.0701,1.0078,-1.817,-0.107,16.122,3.98,8.53
34820,-0.0447,0.0510,1.0248,-2.076,-0.443,15.878,2.85,8.37
34840,-0.0400,0.0586,1.0155,-2.275,-0.580,15.740,3.30,8.22
34860,-0.0391,0.0542,0.9845,-2.260,-0.687,15.344,3.15,8.08
34880,-0.0419,0.0386,0.9844,-1.863,-0.504,15.160,2.24,7.93
34900,-0.0408,0.0439,0.9661,-0.733,-0.641,14.718,2.60,7.81
34920,-0.0394,0.0201,0.9933,0.260,0.153,14.198,1.16,7.68
34940,-0.0254,-0.0079,1.0061,0.595,0.244,13.557,-0.45,7.53
34960,-0.0269,-0.0079,0.9919,0.550,0.076,12.840,-0.46,7.38
34980,-0.0181,-0.0127,1.0125,0.061,0.443,12.183,-0.72,7.22
35000,-0.0198,-0.0006,0.9950,-0.412,-0.031,11.542,-0.04,7.06
35020,-0.0155,0.0123,0.9707,-0.626,-0.275,10.901,0.73,6.92
35040,-0.0229,0.0253,0.9703,-0.397,-0.092,10.412,1.49,6.81
35060,-0.0171,0.0181,1.0089,-0.565,0.122,9.954,1.03,6.68
35080,-0.0109,0.0242,0.9948,-0.977,-0.015,9.573,1.39,6.56
35100,0.0060,0.0261,0.9677,-1.084,0.458,9.344,1.55,6.44
35120,0.0114,0.0167,0.9629,-0.977,0.626,9.206,1.00,6.31
35141,0.0137,-0.0039,0.9904,-0.870,0.412,8.931,-0.23,6.16
35160,0.0104,-0.0212,0.9855,-0.611,-0.122,8.809,-1.23,6.00
35180,0.0181,-0.0394,0.9767,-0.489,-0.290,8.412,-2.31,5.82
35200,0.0022,-0.0574,0.9895,-0.489,0.046,8.015,-3.32,5.63
35220,0.0155,-0.0609,1.0092,-0.534,-0.031,7.435,-3.45,5.44
35240,0.0166,-0.0544,0.9940,-0.427,-0.015,6.885,-3.14,5.26
35260,0.0201,-0.0474,0.9917,-0.183,0.321,6.305,-2.73,5.10
35280,0.0212,-0.0454,1.0079,0.214,0.565,5.725,-2.58,4.95
35300,0.0249,-0.0339,1.0269,0.092,0.473,5.450,-1.89,4.81
35320,0.0259,-0.0264,1.0225,0.244,0.153,4.947,-1.48,4.69
35340,0.0149,-0.0361,1.0125,0.229,0.351,4.611,-2.04,4.56
35360,0.0044,-0.0303,1.0093,-0.107,0.519,4.366,-1.72,4.43
35380,0.0166,-0.0291,1.0195,-0.489,0.504,4.168,-1.63,4.30
35400,0.0267,-0.0336,1.0186,-0.901,0.580,4.168,-1.89,4.16
35420,0.0209,-0.0228,1.0165,-0.901,0.626,3.878,-1.29,4.03
35440,0.0273,-0.0323,1.0237,-1.191,0.626,3.863,-1.81,3.89
35460,0.0315,-0.0353,1.0146,-1.145,0.183,3.618,-1.99,3.75
35480,0.0167,-0.0387,0.9951,-1.405,0.076,3.405,-2.23,3.61
35518,0.0272,-0.0409,0.9919,-1.939,-0.260,3.084,-2.36,3.45
35522,0.0292,-0.0414,0.9763,-1.878,-0.397,3.053,-2.43,3.29
35540,0.0237,-0.0403,0.9188,-1.450,-0.321,2.626,-2.51,3.15
35560,0.0183,-0.0558,0.9327,-0.885,0.061,2.366,-3.42,3.00
35580,0.0156,-0.0480,0.9452,-0.305,0.000,2.153,-2.91,2.88
35600,0.0134,-0.0415,0.9513,0.290,0.153,2.183,-2.50,2.78
35621,0.0177,-0.0670,0.9971,0.641,0.504,1.771,-3.85,2.66
35641,0.0322,-0.0616,0.9712,0.397,-0.061,1.756,-3.63,2.54
35660,0.0120,-0.0646,0.9321,0.137,0.229,1.618,-3.96,2.41
35680,0.0101,-0.0686,0.9799,0.336,0.550,1.511,-4.00,2.29
35700,0.0193,-0.0553,1.0074,0.855,0.214,1.405,-3.14,2.20
35720,0.0177,-0.0579,1.0216,0.580,0.351,1.435,-3.24,2.10
35740,0.0148,-0.0514,1.0223,0.580,0.229,1.237,-2.88,2.01
35761,0.0225,-0.0258,1.0333,0.443,0.321,1.221,-1.43,1.95
35780,0.0238,-0.0148,1.0476,-0.031,0.275,1.374,-0.81,1.90
35800,0.0280,-0.0183,1.0143,-0.290,0.000,1.328,-1.03,1.83
35820,0.0233,-0.0223,0.9606,-0.061,0.137,1.344,-1.33,1.77
35840,0.0149,-0.0209,0.9579,0.443,0.641,1.267,-1.25,1.71
35860,0.0107,-0.0321,1.0101,1.069,0.870,1.221,-1.82,1.67
35880,0.0120,-0.0536,1.0323,1.038,0.718,1.008,-2.97,1.59
35900,0.0118,-0.0571,1.0133,0.519,0.733,0.885,-3.23,1.51
35920,-0.0016,-0.0580,1.0336,-0.290,1.374,0.687,-3.21,1.41
35940,0.0183,-0.0464,1.0367,-0.947,1.145,0.550,-2.56,1.31
35960,0.0354,-0.0298,0.9790,-0.885,0.931,0.443,-1.74,1.23
35980,0.0231,-0.0437,0.9642,-0.687,1.099,0.336,-2.59,1.14
36000,0.0256,-0.0463,0.9828,-0.748,0.855,0.366,-2.70,1.05
36020,0.0332,-0.0482,0.9680,-0.748,0.641,0.550,-2.85,0.96
36040,0.0149,-0.0541,0.9858,-0.885,0.824,0.366,-3.14,0.86
36060,0.0216,-0.0393,0.9952,-0.885,0.641,0.489,-2.26,0.78
36080,0.0095,-0.0365,0.9607,-0.183,-0.321,0.427,-2.18,0.71
36100,0.0073,-0.0514,0.9884,0.092,0.168,0.489,-2.98,0.64
36120,0.0005,-0.0519,0.9849,0.260,-0.046,0.534,-3.02,0.57
36140,0.0168,-0.0522,0.9779,0.183,0.214,0.656,-3.06,0.51
36160,-0.0021,-0.0509,0.9556,0.519,0.137,0.641,-3.05,0.44
36180,0.0021,-0.0500,0.9786,0.702,0.809,0.565,-2.93,0.39
36200,-0.0366,-0.0322,0.9883,0.595,1.069,0.397,-1.87,0.36
36220,-0.0220,-0.0212,0.9901,0.931,1.344,0.427,-1.23,0.34
36240,-0.0291,-0.0161,0.9570,1.359,1.282,0.397,-0.96,0.34
36260,-0.0457,-0.0364,0.9698,1.695,1.420,0.565,-2.15,0.33
36280,-0.0581,-0.0448,0.9961,1.618,1.405,0.443,-2.58,0.30
36300,-0.0405,-0.0399,1.0063,1.344,1.557,0.519,-2.27,0.28
36320,-0.0664,-0.0435,1.0042,1.008,1.695,0.534,-2.48,0.24
36341,-0.0553,-0.0448,1.0320,0.336,1.405,0.168,-2.49,0.19
36360,-0.0613,-0.0349,1.0127,-0.275,0.809,0.260,-1.97,0.14
36380,-0.0553,-0.0217,1.0253,-0.397,1.130,0.122,-1.21,0.11
36400,-0.0646,-0.0067,1.0435,-0.427,0.473,0.168,-0.37,0.09
36420,-0.0764,-0.0125,1.0131,-0.473,-0.244,0.046,-0.70,0.07
36440,-0.0776,-0.0145,0.9866,-0.366,-0.031,0.061,-0.84,0.04
36460,-0.0769,-0.0155,1.0026,-0.473,0.321,0.107,-0.89,0.01
36480,-0.0670,-0.0242,1.0088,-0.366,-0.122,0.122,-1.37,-0.02
36500,-0.0624,-0.0334,0.9811,-0.244,-0.321,0.168,-1.95,-0.07
36520,-0.0693,-0.0352,0.9730,-0.122,0.107,0.214,-2.07,-0.11
36540,-0.0754,-0.0360,0.9963,-0.229,0.153,0.214,-2.07,-0.15
36560,-0.0686,-0.0409,0.9969,-0.183,0.031,0.305,-2.35,-0.20
36580,-0.0773,-0.0428,0.9690,-0.092,-0.137,0.153,-2.53,-0.25
36600,-0.0822,-0.0402,0.9662,-0.137,0.031,0.168,-2.38,-0.29
36620,-0.0961,-0.0454,0.9778,-0.382,0.137,0.153,-2.66,-0.35
36640,-0.0931,-0.0408,0.9860,-0.550,0.183,0.061,-2.37,-0.40
36660,-0.0901,-0.0321,0.9838,-0.412,0.305,-0.031,-1.87,-0.44
36680,-0.0861,-0.0244,0.9988,-0.076,0.412,0.031,-1.40,-0.46
36700,-0.0846,-0.0282,0.9889,0.107,0.061,-0.061,-1.63,-0.48
36720,-0.0928,-0.0341,0.9901,-0.183,0.183,-0.122,-1.97,-0.51
36740,-0.0972,-0.0306,0.9845,-0.260,0.351,-0.107,-1.78,-0.54
36760,-0.0913,-0.0304,0.9949,-0.427,0.443,-0.122,-1.75,-0.58
36780,-0.1072,-0.0448,0.9808,-0.382,0.534,-0.107,-2.62,-0.62
36800,-0.1184,-0.0460,1.0043,-0.672,0.947,-0.168,-2.62,-0.68
36820,-0.1097,-0.0431,1.0103,-0.565,0.885,-0.290,-2.44,-0.72
36840,-0.1068,-0.0420,0.9708,-0.168,0.931,-0.382,-2.48,-0.76
36860,-0.1152,-0.0585,0.9585,0.000,1.298,-0.580,-3.49,-0.82
36898,-0.1215,-0.0752,1.0369,-0.092,1.084,-1.069,-4.15,-0.88
36902,-0.1187,-0.0775,1.0367,-0.153,1.038,-1.008,-4.28,-0.96
36920,-0.1208,-0.0782,1.0212,-0.534,0.794,-1.267,-4.38,-1.03
36940,-0.1279,-0.0778,0.9861,-0.977,0.733,-1.466,-4.51,-1.12
36961,-0.1217,-0.0769,0.9729,-1.023,0.611,-1.863,-4.52,-1.21
36980,-0.1355,-0.0789,0.9758,-0.977,0.763,-2.076,-4.62,-1.30
37000,-0.1442,-0.0936,1.0051,-0.779,0.733,-2.427,-5.32,-1.39
37020,-0.1327,-0.1019,1.0299,-1.053,0.397,-2.611,-5.65,-1.50
37040,-0.1361,-0.0916,0.9907,-1.389,0.015,-2.885,-5.28,-1.60
37060,-0.1378,-0.0999,0.9597,-1.679,0.168,-3.282,-5.94,-1.72
37080,-0.1438,-0.1022,0.9600,-1.588,0.397,-3.466,-6.08,-1.84
37100,-0.1523,-0.1136,0.9784,-1.420,0.427,-3.817,-6.63,-1.96
37120,-0.1497,-0.1257,0.9872,-1.191,0.275,-4.198,-7.26,-2.09
37140,-0.1439,-0.1302,0.9618,-0.855,0.107,-4.473,-7.71,-2.22
37160,-0.1530,-0.1262,0.9373,-0.687,0.366,-4.702,-7.67,-2.34
37180,-0.1639,-0.1328,0.9801,-0.504,0.992,-5.099,-7.72,-2.46
37200,-0.1564,-0.1365,1.0225,-0.611,0.916,-5.450,-7.60,-2.58
37220,-0.1506,-0.1415,1.0110,-0.626,0.504,-5.466,-7.97,-2.70
37240,-0.1652,-0.1451,1.0057,-0.931,0.351,-5.725,-8.21,-2.83
37260,-0.1660,-0.1456,1.0240,-1.023,0.229,-6.183,-8.09,-2.95
37280,-0.1584,-0.1523,1.0143,-1.389,0.046,-6.550,-8.54,-3.09
37300,-0.1584,-0.1520,1.0132,-1.588,0.000,-6.916,-8.53,-3.23
37320,-0.1658,-0.1592,1.0006,-1.450,-0.473,-7.099,-9.04,-3.37
37340,-0.1637,-0.1593,1.0195,-1.221,-0.122,-7.634,-8.88,-3.51
37360,-0.1610,-0.1851,1.0364,-1.176,-0.168,-8.061,-10.12,-3.66
37380,-0.1677,-0.1957,1.0288,-1.435,-0.580,-8.687,-10.77,-3.83
37400,-0.1486,-0.1869,1.0219,-1.679,-0.397,-9.115,-10.36,-4.00
37420,-0.1534,-0.1919,0.9882,-1.344,-0.733,-9.542,-10.99,-4.16
37440,-0.1553,-0.2029,1.0001,-1.237,-0.611,-9.985,-11.47,-4.33
37460,-0.1644,-0.2189,1.0111,-1.282,-0.870,-10.275,-12.21,-4.52
37480,-0.1667,-0.2273,0.9988,-1.573,-0.733,-10.809,-12.82,-4.71
37500,-0.1622,-0.2189,0.9818,-1.649,-0.580,-11.435,-12.57,-4.90
37520,-0.1553,-0.2159,0.9910,-1.435,-0.550,-11.985,-12.29,-5.08
37540,-0.1420,-0.2308,0.9917,-1.191,-0.840,-12.382,-13.10,-5.26
37560,-0.1539,-0.2439,0.9888,-1.069,-1.145,-12.840,-13.86,-5.46
37580,-0.1503,-0.2611,1.0112,-1.252,-1.069,-13.328,-14.48,-5.66
37600,-0.1455,-0.2747,1.0139,-1.817,-1.145,-13.664,-15.16,-5.89
37620,-0.1405,-0.2632,1.0039,-2.260,-1.298,-14.351,-14.69,-6.11
37640,-0.1350,-0.2568,1.0028,-2.336,-1.802,-14.733,-14.37,-6.32
37661,-0.1437,-0.2590,1.0184,-2.153,-1.908,-15.313,-14.27,-6.52
37680,-0.1414,-0.2637,1.0325,-2.260,-1.985,-15.756,-14.33,-6.72
37700,-0.1217,-0.2590,0.9843,-2.290,-2.214,-16.183,-14.74,-6.92
37720,-0.1182,-0.2606,0.9434,-2.061,-2.015,-16.580,-15.44,-7.14
37740,-0.1273,-0.2590,0.9329,-1.664,-1.435,-16.931,-15.52,-7.34
37760,-0.1187,-0.2643,0.9678,-1.221,-0.748,-17.267,-15.27,-7.52
37780,-0.1266,-0.2697,0.9717,-0.840,-0.641,-17.695,-15.51,-7.69
37800,-0.1272,-0.2754,0.9487,-0.214,-0.702,-17.802,-16.19,-7.87
37820,-0.1265,-0.2915,0.9441,0.595,-0.122,-18.168,-17.16,-8.04
37840,-0.1307,-0.2993,0.9520,1.496,-0.092,-18.473,-17.45,-8.20
37860,-0.1248,-0.3154,0.9703,1.786,0.031,-18.779,-18.01,-8.36
37880,-0.1071,-0.3180,0.9918,1.557,0.351,-19.206,-17.78,-8.52
37900,-0.1111,-0.3119,1.0061,1.130,0.489,-19.359,-17.22,-8.67
37920,-0.1039,-0.3062,0.9934,0.458,0.611,-19.908,-17.13,-8.83
37940,-0.1041,-0.2939,0.9551,0.336,0.519,-20.092,-17.11,-8.99
37960,-0.1121,-0.2876,0.9406,0.550,0.962,-20.489,-17.00,-9.14
37980,-0.1194,-0.2784,0.9324,0.840,1.145,-20.824,-16.63,-9.27
38000,-0.1223,-0.2715,0.9487,1.282,1.511,-21.191,-15.97,-9.38
38020,-0.1187,-0.2740,0.9722,1.496,1.618,-21.374,-15.74,-9.48
38040,-0.1166,-0.2723,0.9884,1.191,1.649,-21.618,-15.40,-9.58
38060,-0.1174,-0.2656,1.0186,0.656,1.908,-21.878,-14.62,-9.66
38080,-0.1102,-0.2555,1.0319,-0.382,1.863,-21.863,-13.91,-9.76
38100,-0.1106,-0.2518,1.0179,-1.069,1.634,-21.832,-13.90,-9.86
38120,-0.1129,-0.2417,1.0248,-1.481,1.802,-21.847,-13.27,-9.96
38140,-0.1124,-0.2332,1.0447,-1.878,1.710,-21.771,-12.58,-10.05
38160,-0.1185,-0.2426,1.0502,-2.382,1.664,-21.756,-13.01,-10.15
38180,-0.1227,-0.2412,1.0405,-2.779,1.664,-21.786,-13.05,-10.26
38219,-0.1243,-0.2413,0.9576,-2.198,1.557,-22.153,-14.14,-10.39
38223,-0.1193,-0.2439,0.9589,-2.092,1.573,-22.107,-14.27,-10.50
38240,-0.1223,-0.2562,0.9639,-1.511,1.725,-22.214,-14.89,-10.62
38260,-0.1283,-0.2773,0.9989,-1.023,1.542,-22.458,-15.52,-10.74
38280,-0.1372,-0.2924,1.0261,-0.824,1.023,-22.519,-15.90,-10.86
38300,-0.1345,-0.3043,1.0300,-0.382,0.641,-22.626,-16.46,-10.98
38320,-0.1376,-0.3113,1.0107,-0.290,0.260,-22.748,-17.12,-11.11
38340,-0.1378,-0.2976,1.0326,-0.183,-0.168,-22.824,-16.08,-11.21
38361,-0.1315,-0.3132,1.0271,0.214,-1.145,-22.809,-16.96,-11.32
38380,-0.1289,-0.3140,0.9572,0.611,-1.740,-22.931,-18.16,-11.45
38400,-0.1318,-0.2976,0.9324,0.885,-1.130,-23.099,-17.70,-11.55
38420,-0.1340,-0.2834,0.9409,0.550,-0.885,-23.069,-16.76,-11.65
38440,-0.1226,-0.2806,0.9524,0.214,-0.198,-23.328,-16.42,-11.74
38460,-0.1168,-0.2543,0.9552,-0.260,-0.046,-23.496,-14.91,-11.81
38480,-0.1101,-0.2371,0.9491,-0.122,0.061,-23.405,-14.02,-11.85
38500,-0.1039,-0.2560,0.9681,-0.031,0.122,-23.466,-14.81,-11.91
38520,-0.1121,-0.2611,0.9789,-0.336,-0.122,-23.496,-14.94,-11.98
38540,-0.1205,-0.2657,0.9884,-0.565,-0.168,-23.542,-15.05,-12.05
38560,-0.1154,-0.2783,0.9839,-0.947,-0.458,-23.557,-15.80,-12.15
38580,-0.1259,-0.2826,0.9678,-1.313,-0.641,-23.893,-16.28,-12.25
38600,-0.1272,-0.2798,0.9579,-1.740,-0.656,-24.214,-16.28,-12.37
38620,-0.1256,-0.2943,0.9567,-1.725,-0.137,-24.336,-17.10,-12.50
38640,-0.1351,-0.2920,0.9592,-1.893,0.107,-24.611,-16.93,-12.62
38660,-0.1361,-0.2902,0.9779,-2.031,0.550,-24.763,-16.53,-12.74
38680,-0.1260,-0.2955,0.9747,-2.168,0.855,-25.023,-16.87,-12.87
38700,-0.1233,-0.2920,0.9491,-1.756,1.038,-25.252,-17.10,-12.99
38720,-0.1113,-0.3037,0.9399,-1.023,1.771,-25.450,-17.91,-13.10
38740,-0.1154,-0.3158,0.9393,-0.412,2.214,-25.466,-18.58,-13.22
38760,-0.1146,-0.3258,0.9473,0.214,2.489,-25.664,-18.98,-13.33
38780,-0.1134,-0.3201,0.9574,0.809,2.901,-25.603,-18.49,-13.42
38800,-0.1080,-0.3180,0.9640,1.450,3.053,-25.542,-18.26,-13.49
38820,-0.1028,-0.3254,0.9724,2.092,3.527,-25.557,-18.50,-13.55
38840,-0.1083,-0.3329,1.0045,2.504,3.908,-25.618,-18.33,-13.59
38860,-0.0881,-0.3375,1.0448,1.802,4.076,-25.679,-17.90,-13.64
38880,-0.0829,-0.3148,1.0319,1.099,3.832,-25.725,-16.97,-13.69
38900,-0.0623,-0.2921,1.0194,0.656,3.634,-25.908,-15.99,-13.72
38920,-0.0482,-0.2830,0.9901,0.382,2.947,-26.107,-15.95,-13.76
38940,-0.0587,-0.2744,0.9598,0.382,2.763,-26.198,-15.96,-13.80
38960,-0.0482,-0.2614,0.9652,0.336,2.687,-26.351,-15.15,-13.82
38980,-0.0548,-0.2695,0.9674,0.595,2.351,-26.427,-15.57,-13.84
39000,-0.0576,-0.2925,0.9761,0.748,2.183,-26.443,-16.68,-13.88
39020,-0.0743,-0.2949,0.9730,0.382,1.863,-26.718,-16.86,-13.93
39041,-0.0667,-0.2974,0.9791,-0.336,2.321,-26.901,-16.89,-14.00
39060,-0.0616,-0.3027,0.9728,-1.069,2.687,-26.901,-17.29,-14.09
39080,-0.0486,-0.2953,0.9987,-1.740,2.992,-26.748,-16.47,-14.17
39100,-0.0375,-0.2832,1.0033,-2.397,2.901,-26.794,-15.76,-14.25
39120,-0.0376,-0.2792,0.9849,-2.672,2.702,-26.656,-15.83,-14.33
39140,-0.0342,-0.2764,0.9622,-2.382,2.672,-26.565,-16.03,-14.41
39160,-0.0453,-0.2825,0.9449,-1.954,2.947,-26.427,-16.64,-14.49
39180,-0.0548,-0.2891,0.9623,-1.160,2.885,-26.351,-16.72,-14.56
39200,-0.0435,-0.2930,0.9700,-0.702,2.672,-26.229,-16.81,-14.62
39220,-0.0437,-0.3021,0.9558,-0.031,2.473,-26.244,-17.54,-14.68
39240,-0.0459,-0.3140,0.9896,0.122,2.748,-26.290,-17.60,-14.74
39260,-0.0426,-0.3002,0.9792,0.275,2.214,-26.229,-17.04,-14.78
39280,-0.0323,-0.2897,0.9580,0.794,2.061,-25.954,-16.82,-14.80
39300,-0.0317,-0.2865,0.9691,1.420,2.321,-25.771,-16.47,-14.81
39320,-0.0165,-0.2888,0.9921,1.496,2.092,-25.573,-16.23,-14.81
39340,-0.0059,-0.2708,0.9592,1.649,1.496,-25.145,-15.76,-14.79
39360,-0.0237,-0.2682,0.9552,1.634,1.649,-24.947,-15.68,-14.78
39380,-0.0176,-0.2594,0.9874,1.679,1.573,-24.794,-14.72,-14.75
39400,-0.0054,-0.2484,0.9928,1.267,1.405,-24.412,-14.05,-14.71
39420,0.0051,-0.2375,0.9841,1.115,1.221,-24.000,-13.57,-14.66
39440,-0.0037,-0.2289,0.9742,1.359,0.885,-23.603,-13.22,-14.61
39460,0.0189,-0.2219,0.9279,1.908,0.519,-23.344,-13.45,-14.55
39499,0.0123,-0.2446,0.9811,2.489,0.931,-22.626,-14.00,-14.49
39503,0.0176,-0.2400,0.9769,2.458,0.901,-22.656,-13.80,-14.42
39520,0.0129,-0.2505,0.9878,2.321,0.321,-22.595,-14.23,-14.37
39540,0.0017,-0.2568,1.0123,1.817,0.290,-22.336,-14.24,-14.34
39560,0.0098,-0.2568,1.0090,1.435,0.031,-22.214,-14.28,-14.31
39580,0.0099,-0.2437,0.9961,1.191,-0.046,-22.031,-13.75,-14.27
39600,0.0015,-0.2480,1.0176,1.206,0.198,-21.969,-13.70,-14.24
39620,0.0088,-0.2410,1.0294,0.641,0.137,-21.817,-13.17,-14.20
39640,0.0037,-0.2145,1.0060,0.458,0.031,-21.832,-12.04,-14.15
39660,0.0143,-0.2124,1.0007,0.702,0.443,-21.496,-11.98,-14.09
39680,0.0194,-0.2217,1.0121,0.901,0.672,-21.389,-12.35,-14.04
39700,0.0238,-0.2122,1.0131,0.489,0.687,-21.221,-11.83,-13.99
39720,0.0273,-0.2073,0.9968,0.290,0.626,-20.901,-11.75,-13.94
39740,0.0380,-0.2117,0.9808,0.183,0.931,-20.504,-12.18,-13.90
39760,0.0380,-0.2017,0.9821,0.244,1.160,-20.000,-11.60,-13.85
39780,0.0464,-0.2004,0.9846,0.458,1.084,-19.603,-11.51,-13.79
39800,0.0419,-0.1949,0.9797,0.855,0.824,-19.053,-11.25,-13.72
39820,0.0421,-0.2046,0.9823,1.450,0.656,-18.565,-11.77,-13.66
39840,0.0496,-0.1981,0.9877,1.481,0.641,-18.305,-11.34,-13.58
39860,0.0444,-0.2001,0.9930,1.557,0.382,-17.924,-11.39,-13.51
39880,0.0488,-0.1855,0.9907,1.496,0.092,-17.466,-10.61,-13.42
39900,0.0537,-0.1779,1.0051,1.344,0.092,-17.176,-10.03,-13.33
39920,0.0526,-0.1708,1.0143,1.450,-0.229,-16.763,-9.56,-13.22
39940,0.0553,-0.1577,1.0179,1.405,-0.489,-16.443,-8.81,-13.11
39960,0.0632,-0.1436,0.9957,1.206,-0.656,-15.863,-8.20,-12.98
39980,0.0677,-0.1334,0.9764,1.252,-0.290,-15.679,-7.78,-12.86
40000,0.0721,-0.1198,0.9806,0.947,-0.122,-14.931,-6.96,-12.72
40020,0.0687,-0.1147,0.9978,1.053,-0.397,-14.519,-6.56,-12.58
40041,0.0720,-0.1185,1.0121,0.931,-0.427,-13.893,-6.68,-12.44
40060,0.0691,-0.1173,0.9890,1.053,-0.260,-13.450,-6.76,-12.31
40080,0.0731,-0.1127,0.9874,0.626,0.183,-12.840,-6.51,-12.18
40100,0.0673,-0.1151,1.0017,0.489,0.107,-12.321,-6.56,-12.06
40120,0.0724,-0.1095,1.0007,0.382,0.229,-11.817,-6.24,-11.93
40140,0.0664,-0.1028,1.0078,0.260,0.443,-11.069,-5.82,-11.80
40161,0.0583,-0.0984,0.9987,0.198,0.519,-10.702,-5.63,-11.68
40180,0.0490,-0.0885,0.9906,0.107,0.550,-10.260,-5.11,-11.54
40200,0.0458,-0.0826,0.9806,0.290,0.519,-9.893,-4.82,-11.40
40220,0.0320,-0.0767,0.9808,0.412,0.595,-9.527,-4.47,-11.26
40240,0.0182,-0.0762,0.9838,0.931,0.397,-9.130,-4.43,-11.10
40260,0.0098,-0.0913,0.9780,1.252,0.336,-8.611,-5.33,-10.96
40280,0.0027,-0.0851,0.9596,1.405,0.366,-8.244,-5.07,-10.82
40300,0.0027,-0.0845,0.9717,1.832,0.672,-7.725,-4.97,-10.66
40320,0.0167,-0.0874,0.9918,1.878,0.611,-7.328,-5.04,-10.51
40340,0.0078,-0.0808,0.9918,2.061,0.641,-7.038,-4.66,-10.36
40360,0.0112,-0.0782,1.0015,1.771,0.763,-6.550,-4.47,-10.20
40380,-0.0020,-0.0699,0.9976,1.466,0.763,-6.198,-4.01,-10.05
40400,-0.0159,-0.0574,1.0084,1.191,0.901,-6.061,-3.26,-9.89
40420,-0.0189,-0.0458,1.0157,0.992,0.901,-5.634,-2.58,-9.73
40440,-0.0277,-0.0413,1.0033,0.763,0.885,-5.374,-2.35,-9.56
40460,-0.0403,-0.0284,0.9958,0.718,1.023,-5.130,-1.64,-9.39
40480,-0.0354,-0.0211,1.0085,0.626,1.053,-4.763,-1.20,-9.22
40500,-0.0353,-0.0280,0.9977,0.458,1.084,-4.351,-1.60,-9.05
40520,-0.0354,-0.0214,0.9939,0.153,1.099,-4.031,-1.23,-8.89
40540,-0.0352,-0.0110,0.9908,0.015,0.977,-3.649,-0.64,-8.73
40560,-0.0334,-0.0189,1.0023,-0.351,0.947,-3.344,-1.08,-8.58
40580,-0.0364,-0.0233,1.0031,-0.366,0.641,-2.992,-1.33,-8.45
40600,-0.0389,-0.0183,0.9968,-0.534,0.595,-2.565,-1.05,-8.31
40620,-0.0361,-0.0234,0.9817,-0.565,0.626,-2.260,-1.37,-8.18
40640,-0.0614,-0.0140,0.9657,-0.443,0.702,-2.137,-0.83,-8.04
40660,-0.0631,-0.0186,0.9794,-0.061,0.916,-1.756,-1.09,-7.90
40680,-0.0656,-0.0182,0.9758,0.351,0.718,-1.542,-1.07,-7.76
40700,-0.0592,-0.0272,0.9937,0.534,0.901,-1.405,-1.57,-7.63
40720,-0.0586,-0.0319,1.0074,0.519,0.809,-1.084,-1.81,-7.50
40740,-0.0560,-0.0334,0.9956,0.504,0.489,-1.053,-1.92,-7.38
40760,-0.0665,-0.0280,0.9772,0.458,0.427,-0.855,-1.64,-7.25
40780,-0.0721,-0.0319,0.9916,0.443,0.611,-0.641,-1.84,-7.14
40800,-0.0675,-0.0262,0.9891,0.550,0.198,-0.443,-1.52,-7.01
40839,-0.0779,-0.0356,0.9817,0.458,0.244,-0.305,-2.08,-6.91
40843,-0.0784,-0.0381,0.9877,0.336,0.183,-0.244,-2.21,-6.81
40860,-0.0822,-0.0370,0.9867,0.198,0.244,-0.351,-2.15,-6.71
40880,-0.0780,-0.0361,1.0023,0.076,0.504,-0.244,-2.06,-6.61
40900,-0.0725,-0.0367,1.0024,0.137,0.260,-0.214,-2.10,-6.52
40920,-0.0696,-0.0364,1.0026,0.244,0.412,-0.336,-2.08,-6.43
40940,-0.0690,-0.0372,1.0038,-0.015,0.519,-0.351,-2.12,-6.34
40960,-0.0609,-0.0422,1.0137,-0.092,0.397,-0.397,-2.39,-6.26
40980,-0.0588,-0.0437,1.0165,-0.458,0.443,-0.534,-2.46,-6.20
41000,-0.0569,-0.0385,1.0020,-0.580,0.412,-0.656,-2.20,-6.13
41020,-0.0551,-0.0366,0.9823,-0.534,0.565,-0.611,-2.14,-6.06
41040,-0.0503,-0.0442,0.9714,-0.382,0.626,-0.489,-2.60,-6.00
41060,-0.0542,-0.0465,0.9830,-0.718,0.855,-0.672,-2.71,-5.95
41081,-0.0459,-0.0421,1.0092,-0.931,0.763,-0.687,-2.39,-5.89
41100,-0.0450,-0.0378,1.0037,-0.931,0.046,-0.458,-2.16,-5.84
41120,-0.0232,-0.0308,1.0000,-0.840,0.076,-0.321,-1.76,-5.77
41140,-0.0278,-0.0270,0.9769,-0.260,-0.229,-0.305,-1.58,-5.69
41160,-0.0275,-0.0322,1.0031,0.061,-0.015,-0.137,-1.84,-5.62
41180,-0.0258,-0.0287,1.0094,0.504,-0.580,0.092,-1.63,-5.53
41200,-0.0308,-0.0215,0.9849,0.901,-0.641,0.458,-1.25,-5.42
41220,-0.0326,-0.0137,0.9746,1.160,-0.366,0.641,-0.80,-5.31
41240,-0.0276,0.0002,0.9756,1.481,-0.504,0.977,0.01,-5.17
41260,-0.0342,0.0082,0.9744,1.603,-0.427,1.298,0.48,-5.03
41280,-0.0276,0.0148,0.9896,1.710,-0.321,1.527,0.86,-4.88
41300,-0.0240,0.0243,0.9832,1.878,-0.473,1.878,1.42,-4.71
41320,-0.0194,0.0320,0.9857,1.802,-0.198,2.244,1.86,-4.55
41340,-0.0250,0.0356,0.9736,1.679,-0.305,2.519,2.10,-4.38
41360,-0.0215,0.0565,0.9661,1.756,0.137,2.947,3.35,-4.19
41380,-0.0249,0.0607,0.9728,2.107,0.244,3.282,3.57,-4.00
41400,-0.0200,0.0570,0.9984,2.458,0.443,3.664,3.27,-3.80
41420,-0.0195,0.0620,1.0076,2.198,0.275,3.969,3.52,-3.61
41440,-0.0172,0.0732,1.0105,1.588,0.214,4.473,4.15,-3.43
41460,-0.0220,0.0825,1.0228,1.176,0.412,4.733,4.61,-3.24
41480,-0.0099,0.0931,1.0294,0.748,0.122,5.191,5.17,-3.06
41500,-0.0046,0.1017,0.9929,0.489,-0.076,5.603,5.85,-2.87
41520,-0.0059,0.1055,0.9727,0.153,0.137,6.092,6.19,-2.69
41540,-0.0157,0.1183,0.9934,-0.260,0.198,6.550,6.79,-2.50
41560,-0.0117,0.1179,1.0111,-0.198,-0.076,7.038,6.65,-2.32
41580,-0.0139,0.1211,0.9995,0.229,-0.275,7.374,6.91,-2.13
41600,-0.0072,0.1154,0.9833,0.198,-0.183,8.015,6.69,-1.95
41620,-0.0159,0.1105,0.9701,0.214,-0.046,8.458,6.50,-1.78
41640,-0.0247,0.1071,1.0026,-0.092,0.321,8.794,6.10,-1.63
41660,-0.0206,0.1174,1.0044,-0.351,0.229,9.176,6.67,-1.47
41681,-0.0175,0.1261,0.9873,-0.336,0.550,9.649,7.28,-1.30
41700,-0.0208,0.1249,0.9783,0.000,0.718,10.122,7.27,-1.13
41720,-0.0162,0.1195,0.9943,0.550,0.901,10.443,6.85,-0.96
41740,-0.0204,0.1168,0.9977,0.962,0.580,10.824,6.68,-0.78
41760,-0.0242,0.1229,0.9958,1.053,0.565,10.977,7.04,-0.61
41780,-0.0231,0.1289,1.0050,0.947,0.794,11.389,7.31,-0.43
41800,-0.0212,0.1357,1.0222,0.947,0.534,11.725,7.56,-0.25
41820,-0.0210,0.1373,1.0378,0.702,0.122,12.107,7.54,-0.08
41840,-0.0094,0.1428,1.0225,0.534,-0.550,12.397,7.95,0.09
41860,-0.0131,0.1558,0.9882,-0.031,-0.534,12.718,8.96,0.27
41880,-0.0228,0.1724,0.9833,-0.534,-0.351,13.252,9.94,0.45
41900,-0.0219,0.1903,0.9966,-0.458,-0.336,13.863,10.81,0.65
41920,-0.0079,0.1980,0.9753,0.183,-0.672,14.382,11.48,0.87
41940,-0.0209,0.1932,0.9675,0.870,-0.489,14.779,11.29,1.09
41960,-0.0220,0.1892,0.9891,1.145,-0.336,15.252,10.83,1.31
41980,-0.0194,0.1892,0.9880,1.771,-0.855,15.695,10.84,1.53
42000,-0.0153,0.1858,1.0037,2.015,-0.611,16.183,10.49,1.75
42020,-0.0059,0.1877,1.0142,2.000,-0.687,16.504,10.49,1.97
42040,-0.0018,0.1927,0.9990,1.634,-1.008,17.008,10.92,2.18
42060,-0.0022,0.2010,0.9816,1.664,-1.008,17.450,11.58,2.40
42080,0.0010,0.2113,0.9803,1.802,-0.641,17.969,12.16,2.63
42100,-0.0029,0.2076,1.0139,1.924,-0.153,18.366,11.57,2.85
42120,-0.0055,0.2111,1.0288,1.450,-0.580,18.916,11.59,3.05
42140,-0.0071,0.2252,1.0273,1.038,-0.427,19.084,12.37,3.26
42160,-0.0042,0.2329,1.0249,0.550,-0.336,19.511,12.80,3.46
42180,-0.0129,0.2201,1.0453,-0.260,-0.412,19.817,11.89,3.62
42219,-0.0048,0.2537,1.0137,-1.740,-1.344,20.305,14.05,3.80
42223,-0.0076,0.2495,1.0184,-1.695,-1.344,20.321,13.77,3.96
42240,-0.0114,0.2546,1.0253,-1.725,-1.206,20.672,13.95,4.13
42260,0.0115,0.2427,1.0276,-1.252,-1.649,20.824,13.29,4.29
42281,0.0083,0.2336,0.9976,-0.809,-2.092,21.221,13.18,4.45
42300,0.0162,0.2296,1.0060,-0.504,-2.092,21.405,12.86,4.61
42320,0.0123,0.2294,1.0325,-0.458,-2.031,21.695,12.53,4.76
42340,0.0278,0.2340,1.0215,-0.626,-2.046,22.000,12.90,4.91
42360,0.0336,0.2406,1.0129,-0.473,-1.664,22.504,13.36,5.07
42381,0.0417,0.2373,1.0223,-0.626,-1.481,23.008,13.07,5.21
42400,0.0403,0.2439,0.9961,-0.916,-1.679,23.466,13.76,5.37
42420,0.0393,0.2623,0.9784,-0.779,-1.725,23.740,15.01,5.55
42440,0.0411,0.2744,0.9559,0.305,-1.832,24.275,16.02,5.76
42460,0.0458,0.2849,0.9341,1.099,-1.847,24.931,16.96,6.01
42480,0.0245,0.2864,0.9454,1.847,-1.344,25.450,16.85,6.26
42500,0.0321,0.2883,0.9823,2.183,-0.977,26.061,16.36,6.50
42521,0.0209,0.3032,0.9823,2.611,-1.069,26.824,17.15,6.77
42540,0.0375,0.2942,0.9817,2.992,-0.809,27.282,16.68,7.03
42560,0.0216,0.2917,0.9888,2.641,-0.504,27.771,16.44,7.27
42580,0.0089,0.3015,1.0187,2.153,-0.366,28.031,16.49,7.49
42600,0.0012,0.3035,1.0331,1.328,-0.366,28.351,16.37,7.70
42620,-0.0016,0.3175,1.0276,0.244,-0.214,28.412,17.17,7.89
42640,-0.0128,0.3369,1.0110,-0.183,-0.260,28.718,18.43,8.10
42660,-0.0123,0.3389,1.0327,-0.763,-0.351,28.870,18.17,8.28
42680,-0.0253,0.3467,1.0292,-1.069,-0.794,28.931,18.62,8.47
42701,-0.0087,0.3491,1.0419,-1.832,-0.427,29.069,18.53,8.63
42720,-0.0116,0.3478,1.0269,-2.672,-0.336,29.191,18.71,8.78
42740,-0.0151,0.3459,1.0299,-3.313,-0.183,29.466,18.57,8.91
42760,-0.0010,0.3545,1.0106,-3.588,-0.260,29.908,19.33,9.05
42780,-0.0037,0.3435,0.9984,-3.145,-0.168,30.214,18.99,9.19
42800,-0.0153,0.3224,0.9974,-2.718,-0.229,30.580,17.91,9.31
42820,-0.0095,0.2980,1.0276,-2.489,0.122,30.947,16.17,9.40
42840,-0.0166,0.3051,1.0310,-2.489,-0.382,31.435,16.48,9.49
42860,-0.0182,0.3087,1.0389,-2.275,-0.351,31.634,16.55,9.59
42880,-0.0192,0.3007,1.0205,-2.244,-0.550,32.000,16.42,9.68
42900,-0.0275,0.3019,1.0042,-2.687,-0.458,32.260,16.73,9.77
42920,-0.0225,0.3195,0.9746,-2.718,-0.611,32.458,18.15,9.88
42940,-0.0179,0.3397,0.9292,-2.168,-0.550,32.733,20.08,10.05
42960,-0.0313,0.3302,0.9250,-0.641,-0.626,32.992,19.64,10.22
42981,-0.0327,0.3041,0.9526,0.565,-0.763,33.084,17.70,10.39
43000,-0.0330,0.2848,0.9890,1.023,-0.702,33.069,16.06,10.52
43020,-0.0267,0.2891,1.0068,1.023,-1.038,33.099,16.02,10.65
43040,-0.0237,0.2937,1.0055,0.382,-1.145,33.023,16.28,10.77
43060,-0.0245,0.3019,1.0042,-0.351,-1.282,33.038,16.73,10.88
43080,-0.0367,0.3087,0.9827,-0.473,-1.435,33.206,17.44,11.00
43100,-0.0125,0.3141,0.9753,-0.626,-1.466,33.237,17.85,11.13
43120,-0.0343,0.3099,0.9271,-0.565,-1.298,33.237,18.48,11.26
43140,-0.0283,0.3134,0.9281,-0.534,-0.733,33.328,18.66,11.40
43160,-0.0321,0.3131,0.9403,-0.519,-0.366,33.206,18.42,11.53
43180,-0.0393,0.3054,0.9719,-0.626,0.260,33.237,17.44,11.64
43200,-0.0385,0.3092,1.0115,-1.084,0.550,33.298,17.00,11.72
43220,-0.0345,0.3193,1.0232,-1.466,0.626,33.298,17.33,11.81
43240,-0.0322,0.3164,1.0212,-1.649,1.038,33.527,17.21,11.88
43261,-0.0302,0.3143,1.0171,-1.725,0.794,33.527,17.17,11.95
43280,-0.0276,0.2980,1.0365,-1.725,0.702,33.710,16.04,12.00
43300,-0.0463,0.3005,1.0359,-2.061,0.656,33.649,16.18,12.05
43320,-0.0420,0.3011,1.0493,-2.198,0.870,33.695,16.01,12.08
43340,-0.0508,0.3115,1.0297,-1.893,0.519,33.939,16.83,12.14
43360,-0.0427,0.3016,1.0361,-1.023,0.947,34.122,16.23,12.20
43380,-0.0443,0.2793,1.0594,-0.748,1.328,34.122,14.77,12.24
43400,-0.0150,0.2833,1.0596,-0.809,1.099,33.908,14.97,12.28
43420,-0.0172,0.2805,1.0083,-0.748,0.550,33.954,15.55,12.33
43440,-0.0096,0.2832,0.9880,-0.351,0.412,34.092,15.99,12.39
43460,-0.0033,0.2753,0.9788,0.015,0.015,34.061,15.71,12.46
43480,-0.0109,0.2722,0.9792,-0.031,-0.519,33.908,15.54,12.52
43500,-0.0148,0.2762,0.9960,0.092,-0.840,33.878,15.50,12.58
43520,-0.0182,0.2916,0.9916,0.031,-1.145,33.924,16.39,12.66
43540,-0.0233,0.2916,0.9700,0.122,-1.389,34.107,16.73,12.74
43560,-0.0122,0.2979,0.9814,0.305,-1.389,34.260,16.88,12.83
43599,-0.0105,0.3011,0.9957,0.046,-1.695,34.489,16.83,12.91
43603,-0.0093,0.3053,1.0020,0.000,-1.817,34.550,16.95,12.99
43620,-0.0095,0.3176,0.9919,0.015,-2.168,34.702,17.76,13.09
43641,-0.0027,0.3280,0.9727,0.000,-2.458,35.099,18.64,13.20
43660,-0.0115,0.3268,0.9358,0.473,-2.595,35.191,19.25,13.33
43680,-0.0183,0.3167,0.9451,0.962,-2.076,35.328,18.52,13.45
43700,-0.0214,0.3063,0.9645,1.450,-1.771,35.496,17.62,13.57
43720,-0.0192,0.2937,0.9851,1.435,-1.450,35.542,16.60,13.65
43740,-0.0109,0.2979,0.9730,1.405,-1.344,35.359,17.02,13.75
43760,-0.0236,0.2916,0.9792,1.344,-0.733,35.389,16.58,13.83
43780,-0.0221,0.2897,1.0066,1.374,-0.763,35.221,16.05,13.90
43800,-0.0161,0.2997,1.0295,1.038,-0.718,35.038,16.23,13.97
43820,-0.0204,0.2968,1.0233,0.916,-0.672,34.931,16.17,14.03
43840,-0.0103,0.2942,1.0438,0.443,-0.504,34.733,15.74,14.07
43860,-0.0021,0.2972,1.0553,-0.504,-0.672,34.626,15.73,14.10
43880,-0.0005,0.3074,1.0421,-1.405,-0.672,34.458,16.43,14.12
43900,0.0088,0.3188,1.0194,-1.664,-0.718,34.611,17.37,14.15
43920,0.0164,0.3224,0.9971,-1.359,-0.550,34.748,17.92,14.20
43940,0.0165,0.3231,1.0016,-1.160,-0.229,34.794,17.88,14.25
43960,0.0236,0.3146,0.9968,-0.473,-0.351,34.916,17.51,14.31
43980,0.0170,0.3015,1.0000,0.046,-0.168,35.099,16.78,14.36
44000,0.0236,0.2825,1.0298,-0.015,-0.046,35.160,15.34,14.38
44020,0.0188,0.2805,1.0135,0.168,-0.382,35.115,15.47,14.40
44040,0.0339,0.2714,1.0009,0.092,-0.275,35.221,15.17,14.42
44060,0.0253,0.2578,1.0016,0.015,0.107,35.115,14.43,14.42
44080,0.0308,0.2606,1.0150,-0.595,0.137,34.947,14.40,14.41
44100,0.0303,0.2699,0.9609,-0.794,-0.092,34.779,15.69,14.42
44120,0.0364,0.2592,0.9700,-0.443,0.611,34.427,14.96,14.42
44140,0.0223,0.2544,0.9818,-0.107,0.351,34.244,14.53,14.42
44160,0.0355,0.2422,1.0208,0.168,0.275,33.863,13.35,14.40
44180,0.0400,0.2335,0.9990,0.534,-0.397,33.664,13.16,14.39
44201,0.0446,0.2135,0.9709,1.038,-0.656,33.282,12.40,14.37
44220,0.0491,0.1934,0.9844,1.176,-0.580,32.809,11.11,14.32
44240,0.0553,0.1691,1.0261,0.916,-0.672,32.214,9.36,14.24
44260,0.0708,0.1649,1.0433,0.076,-0.779,31.679,8.98,14.14
44280,0.0752,0.1749,1.0223,-0.824,-0.931,31.115,9.71,14.03
44301,0.0853,0.1636,1.0151,-1.420,-0.779,30.412,9.15,13.91
44320,0.0903,0.1581,0.9960,-1.863,-0.641,29.832,9.02,13.77
44340,0.0931,0.1478,0.9729,-2.061,-0.366,29.115,8.64,13.63
44360,0.0920,0.1563,0.9606,-1.863,0.076,28.519,9.24,13.51
44380,0.0885,0.1517,0.9622,-1.634,0.061,27.893,8.96,13.38
44400,0.0839,0.1292,0.9684,-1.313,0.168,27.206,7.60,13.24
44420,0.0889,0.1038,0.9932,-0.947,0.397,26.641,5.96,13.08
44440,0.0958,0.0868,0.9890,-0.947,0.290,25.695,5.02,12.90
44460,0.0986,0.0697,0.9851,-1.359,0.565,24.916,4.05,12.70
44481,0.1021,0.0651,0.9906,-1.710,0.733,24.305,3.76,12.48
44500,0.1051,0.0604,0.9915,-1.695,0.977,23.481,3.49,12.27
44520,0.1150,0.0621,0.9932,-1.511,1.099,22.931,3.58,12.07
44540,0.1212,0.0603,1.0155,-1.298,1.160,22.290,3.40,11.87
44560,0.1375,0.0710,1.0334,-0.916,0.809,21.817,3.93,11.69
44580,0.1539,0.0686,1.0016,-0.305,0.275,21.435,3.92,11.53
44600,0.1503,0.0541,0.9738,0.183,0.412,20.718,3.18,11.37
44620,0.1674,0.0541,1.0089,-0.061,0.962,20.260,3.07,11.20
44640,0.1874,0.0580,1.0411,-0.244,0.901,19.771,3.19,11.03
44660,0.2021,0.0654,1.0397,-0.458,0.260,19.328,3.60,10.88
44680,0.2219,0.0734,1.0120,-0.382,-0.229,19.038,4.15,10.73
44700,0.2266,0.0714,1.0060,-0.382,-0.061,18.656,4.06,10.59
44720,0.2181,0.0649,0.9845,-0.305,-0.244,18.321,3.77,10.45
44740,0.2205,0.0547,0.9868,-0.550,0.092,17.817,3.17,10.29
44760,0.1996,0.0444,0.9954,-0.458,0.015,17.496,2.56,10.13
44780,0.2126,0.0225,1.0148,-0.031,-0.244,16.962,1.27,9.95
44800,0.2217,0.0011,0.9841,0.366,-0.687,16.214,0.06,9.76
44820,0.2148,-0.0015,0.9631,0.031,-0.504,15.542,-0.09,9.57
44840,0.2145,0.0077,0.9875,-0.015,-0.153,14.824,0.45,9.38
44860,0.2238,0.0078,1.0013,0.427,-0.305,14.198,0.45,9.21
44880,0.2285,0.0034,0.9978,0.427,-0.290,13.786,0.20,9.04
44900,0.2247,-0.0056,1.0023,0.015,-0.015,13.313,-0.32,8.85
44920,0.2244,0.0060,1.0154,-0.504,0.122,12.901,0.34,8.67
44940,0.2283,0.0072,0.9927,-0.794,-0.107,12.489,0.42,8.49
44979,0.2236,-0.0060,1.0073,-0.855,0.122,11.603,-0.34,8.30
44983,0.2240,-0.0090,1.0029,-0.855,0.015,11.527,-0.52,8.11
45000,0.2286,-0.0099,0.9609,-0.595,-0.015,11.130,-0.59,7.92
45020,0.2219,-0.0155,0.9675,-0.366,0.748,10.626,-0.92,7.74
45040,0.2207,-0.0432,1.0330,-1.252,1.115,10.107,-2.40,7.51
45060,0.2194,-0.0406,1.0286,-2.061,0.641,9.649,-2.26,7.27
45080,0.2195,-0.0325,0.9792,-2.397,0.702,9.237,-1.90,7.04
45100,0.2155,-0.0347,0.9706,-1.985,1.099,8.443,-2.05,6.82
45120,0.2220,-0.0569,0.9774,-1.664,0.840,7.756,-3.33,6.59
45140,0.2222,-0.0718,0.9985,-1.420,0.763,7.206,-4.11,6.35
45160,0.2222,-0.0715,1.0010,-1.481,0.397,6.733,-4.09,6.11
45180,0.2229,-0.0762,0.9928,-1.298,0.611,6.382,-4.39,5.87
45200,0.2200,-0.0884,0.9958,-0.916,0.794,5.969,-5.07,5.64
45220,0.2246,-0.0906,0.9711,-0.595,0.718,5.588,-5.33,5.40
45240,0.2249,-0.0940,0.9712,-0.443,1.084,5.313,-5.53,5.18
45260,0.2206,-0.0983,0.9899,-0.107,1.099,5.023,-5.67,4.96
45280,0.2281,-0.0945,1.0054,0.183,0.794,4.626,-5.37,4.76
45300,0.2283,-0.0920,0.9940,0.489,0.580,4.489,-5.29,4.56
45320,0.2256,-0.0779,0.9824,0.641,0.702,4.107,-4.53,4.39
45340,0.2174,-0.0743,1.0055,0.840,0.931,3.908,-4.23,4.24
45360,0.2279,-0.0795,1.0343,1.252,0.733,3.756,-4.39,4.09
45381,0.2350,-0.0898,1.0275,1.252,0.153,3.313,-5.00,3.93
45400,0.2266,-0.0819,1.0035,0.885,-0.061,3.008,-4.67,3.78
45420,0.2301,-0.0876,1.0303,0.718,0.153,2.595,-4.86,3.62
45440,0.2533,-0.0852,1.0289,0.885,-0.443,2.275,-4.73,3.47
45460,0.2456,-0.0834,0.9906,0.840,-0.763,2.000,-4.81,3.32
45480,0.2418,-0.0762,0.9824,0.809,-0.412,1.786,-4.43,3.18
45500,0.2528,-0.0914,0.9795,0.870,-0.122,1.573,-5.33,3.03
45520,0.2445,-0.0912,0.9679,0.519,-0.076,1.496,-5.38,2.87
45540,0.2480,-0.0822,0.9989,0.000,0.351,1.267,-4.70,2.72
45560,0.2582,-0.0796,1.0325,-0.397,-0.076,1.176,-4.41,2.57
45580,0.2545,-0.0747,1.0138,-0.595,-0.473,1.191,-4.21,2.42
45600,0.2473,-0.0665,1.0104,-0.595,-0.321,1.115,-3.77,2.29
45620,0.2511,-0.0707,0.9891,-0.290,-0.565,0.947,-4.09,2.15
45641,0.2563,-0.0829,0.9742,0.031,-0.153,0.840,-4.86,2.01
45660,0.2476,-0.0854,0.9952,-0.397,0.107,0.901,-4.91,1.87
45680,0.2557,-0.0814,0.9862,-0.489,-0.107,0.763,-4.72,1.73
45700,0.2439,-0.0829,0.9963,-0.229,0.580,0.748,-4.76,1.59
45720,0.2566,-0.0764,0.9902,0.153,0.702,0.672,-4.41,1.47
45740,0.2567,-0.0778,0.9498,0.702,0.794,0.611,-4.68,1.37
45760,0.2433,-0.0831,0.9792,1.267,1.481,0.824,-4.85,1.27
45780,0.2522,-0.0885,1.0074,1.405,1.527,0.824,-5.02,1.17
45800,0.2535,-0.0804,1.0161,1.130,1.206,0.870,-4.53,1.08
45820,0.2583,-0.0853,1.0215,0.992,0.733,1.084,-4.77,0.98
45840,0.2633,-0.0775,0.9987,1.053,0.580,1.008,-4.44,0.89
45860,0.2469,-0.0717,0.9958,1.115,0.412,0.855,-4.12,0.81
45881,0.2471,-0.0825,1.0118,1.176,0.473,0.824,-4.66,0.73
45900,0.2396,-0.0820,1.0300,0.687,0.534,0.656,-4.55,0.63
45920,0.2460,-0.0892,1.0482,0.214,0.458,0.519,-4.87,0.53
45940,0.2411,-0.0834,1.0347,-0.351,0.137,0.427,-4.61,0.42
45960,0.2380,-0.0833,1.0284,-0.672,0.275,0.168,-4.63,0.30
45980,0.2369,-0.0856,1.0059,-0.992,0.305,-0.137,-4.86,0.18
46000,0.2423,-0.0781,1.0166,-1.160,0.489,-0.198,-4.39,0.07
46020,0.2549,-0.0713,0.9707,-0.962,-0.031,-0.351,-4.20,-0.04
46040,0.2477,-0.0696,0.9601,-0.809,0.214,-0.321,-4.15,-0.14
46060,0.2487,-0.0844,0.9835,-0.183,0.168,-0.244,-4.90,-0.23
46080,0.2502,-0.0961,0.9946,0.107,-0.321,-0.427,-5.52,-0.34
46100,0.2439,-0.0920,0.9879,0.137,-0.244,-0.260,-5.32,-0.43
46120,0.2451,-0.0938,0.9923,0.137,0.046,-0.229,-5.40,-0.53
46140,0.2496,-0.0995,1.0283,-0.198,0.336,-0.168,-5.53,-0.63
46160,0.2505,-0.0862,1.0070,-0.015,-0.168,0.015,-4.89,-0.72
46180,0.2413,-0.0945,0.9862,0.458,0.015,0.076,-5.47,-0.81
46200,0.2213,-0.1003,0.9906,0.473,0.351,-0.183,-5.78,-0.90
46220,0.2128,-0.0785,1.0282,0.229,0.580,-0.107,-4.37,-0.96
46240,0.2220,-0.0743,1.0295,0.031,0.550,-0.076,-4.13,-1.02
46260,0.2130,-0.0701,0.9840,0.168,0.412,-0.153,-4.07,-1.08
46280,0.2078,-0.0693,0.9933,0.244,0.763,-0.137,-3.99,-1.14
46300,0.2091,-0.0632,1.0098,0.473,0.565,-0.198,-3.58,-1.18
46320,0.2108,-0.0653,0.9952,0.962,0.183,-0.198,-3.75,-1.21
46340,0.1936,-0.0765,1.0243,1.099,0.305,-0.061,-4.27,-1.25
46379,0.1996,-0.0857,0.9415,2.076,-0.901,-0.046,-5.20,-1.29
46383,0.1906,-0.0908,0.9210,2.046,-0.550,-0.076,-5.63,-1.33
46400,0.1766,-0.0938,0.9561,1.679,0.626,-0.046,-5.60,-1.39
46420,0.1917,-0.0848,1.0228,1.267,0.687,0.046,-4.74,-1.43
46440,0.1995,-0.0728,0.9670,1.435,0.153,0.031,-4.30,-1.46
46460,0.1858,-0.0726,0.9852,1.160,1.130,0.107,-4.22,-1.49
46480,0.1830,-0.0652,1.0013,1.160,0.641,0.031,-3.72,-1.51
46500,0.1586,-0.0609,0.9749,0.824,0.641,-0.061,-3.58,-1.54
46520,0.1532,-0.0582,0.9917,0.702,1.405,-0.122,-3.36,-1.56
46540,0.1667,-0.0557,1.0016,0.260,1.176,-0.168,-3.18,-1.59
46560,0.1494,-0.0487,1.0137,0.458,1.481,-0.092,-2.75,-1.60
46580,0.1671,-0.0690,1.0179,0.611,1.588,-0.092,-3.88,-1.63
46600,0.1592,-0.0792,1.0038,0.137,1.344,-0.198,-4.51,-1.69
46620,0.1489,-0.0619,1.0144,-0.122,1.802,-0.122,-3.49,-1.73
46640,0.1519,-0.0641,0.9851,0.260,1.435,-0.168,-3.72,-1.76
46660,0.1539,-0.0590,1.0198,-0.321,1.695,-0.137,-3.31,-1.80
46680,0.1335,-0.0587,0.9833,-0.137,0.870,-0.046,-3.42,-1.83
46700,0.1409,-0.0607,1.0128,-0.397,1.496,-0.137,-3.43,-1.87
46720,0.1129,-0.0591,1.0000,-0.351,0.305,-0.031,-3.38,-1.91
46740,0.0868,-0.0543,1.0128,-0.443,0.611,0.061,-3.07,-1.94
46760,0.0695,-0.0476,1.0061,0.137,0.305,-0.046,-2.71,-1.96
46780,0.0707,-0.0680,0.9678,0.290,0.198,-0.031,-4.02,-1.99
46800,0.0552,-0.0583,0.9901,-0.489,0.672,-0.061,-3.37,-2.03
46820,0.0763,-0.0514,1.0259,-0.626,0.473,-0.122,-2.87,-2.06
46840,0.0781,-0.0481,0.9854,-0.504,0.168,-0.153,-2.79,-2.08
46860,0.0554,-0.0471,0.9717,-0.351,0.473,-0.198,-2.78,-2.10
46880,0.0562,-0.0516,0.9761,-0.137,0.382,-0.076,-3.03,-2.12
46900,0.0393,-0.0425,0.9683,-0.107,0.519,-0.183,-2.51,-2.13
46920,0.0280,-0.0427,0.9940,-0.183,0.855,-0.229,-2.46,-2.14
46941,0.0250,-0.0410,0.9823,-0.107,0.580,-0.092,-2.39,-2.15
46960,0.0035,-0.0436,0.9807,-0.107,1.405,-0.031,-2.54,-2.16
46980,-0.0209,-0.0485,0.9932,-0.656,1.710,0.000,-2.79,-2.19
47000,-0.0316,-0.0215,0.9546,-0.672,1.466,-0.046,-1.29,-2.18
47020,-0.0354,-0.0210,0.9596,0.183,2.397,0.015,-1.25,-2.16
47040,-0.0588,-0.0408,0.9731,0.366,2.382,0.229,-2.40,-2.16
47060,-0.0529,-0.0370,1.0222,0.443,2.580,0.198,-2.07,-2.15
47080,-0.0585,-0.0352,1.0114,0.504,2.214,0.244,-1.99,-2.13
47100,-0.0553,-0.0433,1.0258,0.458,2.412,0.229,-2.42,-2.13
47120,-0.0640,-0.0359,1.0294,0.305,2.107,0.214,-2.00,-2.12
47140,-0.0553,-0.0420,1.0251,0.473,1.771,0.229,-2.35,-2.12
47160,-0.0549,-0.0498,1.0076,0.534,0.870,0.229,-2.83,-2.12
47180,-0.0570,-0.0360,0.9812,0.550,0.687,0.198,-2.10,-2.11
47200,-0.0874,-0.0314,0.9543,0.458,0.718,0.183,-1.88,-2.10
47220,-0.0873,-0.0345,1.0063,0.336,0.977,0.046,-1.97,-2.09
47240,-0.0743,-0.0294,1.0162,0.214,0.122,0.015,-1.66,-2.07
47260,-0.0708,-0.0320,0.9764,0.580,-0.061,0.031,-1.88,-2.06
47280,-0.0774,-0.0278,0.9967,0.733,-0.015,0.260,-1.60,-2.04
47300,-0.0704,-0.0343,0.9718,0.885,-0.290,0.321,-2.02,-2.02
47320,-0.0901,-0.0359,0.9309,0.885,0.198,0.168,-2.21,-2.00
47340,-0.0924,-0.0502,0.9457,0.656,0.840,0.015,-3.04,-2.01
47360,-0.0925,-0.0400,0.9768,0.275,1.237,0.031,-2.35,-2.01
47380,-0.0946,-0.0333,0.9702,0.489,1.313,0.092,-1.97,-2.00
47400,-0.0885,-0.0200,0.9634,0.336,1.542,-0.031,-1.19,-1.98
47420,-0.0940,-0.0194,0.9845,0.427,1.939,0.046,-1.13,-1.95
47440,-0.0924,-0.0282,0.9777,0.672,1.374,0.015,-1.65,-1.94
47460,-0.1001,-0.0333,1.0018,0.565,1.221,0.031,-1.91,-1.92
47480,-0.1102,-0.0323,1.0272,0.198,1.221,0.168,-1.80,-1.92
47500,-0.1042,-0.0359,1.0251,0.107,0.840,0.000,-2.01,-1.92
47520,-0.1079,-0.0328,0.9976,0.153,0.870,0.137,-1.89,-1.91
47540,-0.1006,-0.0356,0.9829,0.183,0.733,0.000,-2.08,-1.91
47560,-0.1047,-0.0341,0.9910,-0.061,0.855,0.031,-1.97,-1.92
47580,-0.0963,-0.0220,1.0076,-0.656,0.519,-0.076,-1.25,-1.92
47600,-0.0884,-0.0105,0.9717,-0.611,-0.198,0.107,-0.62,-1.90
47620,-0.1021,-0.0168,0.9767,-0.321,-0.076,0.015,-0.99,-1.89
47640,-0.0953,-0.0350,1.0006,0.046,-0.412,-0.046,-2.01,-1.89
47660,-0.1019,-0.0272,0.9801,-0.061,-0.824,0.092,-1.59,-1.89
47680,-0.1097,-0.0231,1.0054,0.107,-0.504,0.214,-1.31,-1.87
47700,-0.0963,-0.0366,1.0266,0.611,-0.901,0.061,-2.04,-1.86
47720,-0.1090,-0.0392,1.0084,0.427,-0.962,-0.015,-2.23,-1.86
47758,-0.0996,-0.0270,1.0160,-0.947,-0.611,-0.198,-1.52,-1.87
47763,-0.1058,-0.0212,0.9957,-0.702,-0.473,-0.137,-1.22,-1.88
47780,-0.1055,-0.0098,0.9822,-0.977,-0.092,-0.031,-0.57,-1.87
47800,-0.0927,-0.0060,0.9712,-0.519,-0.321,0.000,-0.35,-1.85
47820,-0.0935,-0.0200,0.9904,-0.397,-0.076,-0.061,-1.16,-1.84
47840,-0.1005,-0.0337,0.9983,-0.534,-0.153,0.015,-1.93,-1.85
47860,-0.0885,-0.0221,0.9645,-0.794,-0.260,-0.015,-1.31,-1.86
47880,-0.1017,-0.0208,0.9194,-0.336,0.031,-0.076,-1.29,-1.85
47900,-0.1042,-0.0345,0.9691,0.061,1.145,-0.015,-2.04,-1.86
47920,-0.0940,-0.0419,0.9673,0.275,0.626,-0.076,-2.48,-1.86
47940,-0.0980,-0.0411,0.9778,-0.137,1.023,-0.107,-2.41,-1.88
47960,-0.1055,-0.0408,1.0103,-0.031,1.038,0.000,-2.31,-1.89
47980,-0.0951,-0.0281,0.9814,0.260,0.931,-0.015,-1.64,-1.88
48000,-0.0977,-0.0337,0.9930,-0.031,1.191,0.046,-1.94,-1.88
48020,-0.1047,-0.0419,0.9888,-0.580,0.885,0.015,-2.42,-1.90
48040,-0.1038,-0.0250,1.0085,-0.763,1.405,0.000,-1.42,-1.91
48060,-0.0997,-0.0162,0.9969,-0.305,0.748,0.031,-0.93,-1.89
48080,-0.0973,-0.0272,0.9988,0.015,0.947,0.092,-1.56,-1.89
48100,-0.1107,-0.0308,0.9617,0.061,0.901,-0.046,-1.83,-1.88
48120,-0.1041,-0.0459,0.9919,-0.260,1.405,-0.061,-2.65,-1.90
48140,-0.1075,-0.0328,0.9758,-0.290,0.779,0.015,-1.93,-1.91
48160,-0.1052,-0.0189,0.9742,0.321,0.901,-0.046,-1.11,-1.89
48180,-0.1139,-0.0281,1.0134,0.733,0.611,0.015,-1.59,-1.87
48200,-0.0994,-0.0441,0.9659,0.794,-0.260,-0.015,-2.61,-1.87
48220,-0.1266,-0.0291,0.9507,0.489,0.305,0.031,-1.75,-1.85
48240,-0.1178,-0.0350,0.9865,0.504,0.641,0.137,-2.03,-1.85
48260,-0.1323,-0.0308,1.0415,0.305,0.611,-0.031,-1.69,-1.84
48280,-0.1331,-0.0267,1.1420,-0.015,0.473,-0.046,-1.34,-1.83
48300,-0.1132,-0.0277,1.1180,-0.519,-1.328,-0.153,-1.42,-1.83
48321,-0.1313,-0.0270,1.0005,-0.504,-1.893,-0.122,-1.54,-1.84
48340,-0.1421,-0.0311,0.9604,-0.305,-1.481,-0.275,-1.86,-1.84
48360,-0.1107,-0.0397,0.9498,-0.061,-1.008,-0.366,-2.39,-1.85
48380,-0.1250,-0.0315,0.9026,-0.824,-0.763,-0.489,-2.00,-1.87
48400,-0.1168,-0.0298,0.9082,-1.282,0.504,-0.504,-1.88,-1.90
48420,-0.1105,-0.0287,0.8690,-1.649,0.947,-0.458,-1.89,-1.93
48440,-0.1161,-0.0294,0.8573,-1.817,2.168,-0.443,-1.97,-1.97
48460,-0.1071,-0.0367,0.9788,-1.756,3.954,-0.412,-2.15,-2.01
48480,-0.0880,-0.0447,1.0027,-1.206,2.840,-0.336,-2.55,-2.04
48500,-0.0986,-0.0581,0.9885,-1.099,2.397,-0.458,-3.36,-2.09
48520,-0.0961,-0.0654,1.0170,-1.130,2.595,-0.580,-3.68,-2.14
48540,-0.0951,-0.0605,1.0645,-1.267,2.351,-0.702,-3.26,-2.19
48560,-0.1243,-0.0613,1.0566,-1.435,1.863,-0.687,-3.32,-2.24
48581,-0.1136,-0.0443,1.0446,-1.328,2.443,-0.840,-2.43,-2.27
48600,-0.1019,-0.0281,0.9888,-0.550,2.336,-0.702,-1.63,-2.27
48620,-0.0964,-0.0405,1.0193,0.382,3.130,-0.763,-2.28,-2.26
48640,-0.0896,-0.0521,1.0701,0.336,2.076,-0.519,-2.79,-2.26
48660,-0.0811,-0.0515,1.0356,0.229,0.977,-0.641,-2.85,-2.27
48680,-0.0934,-0.0536,1.0327,-0.382,0.504,-0.458,-2.97,-2.29
48700,-0.0851,-0.0448,1.0483,-1.069,-0.885,-0.382,-2.45,-2.32
48720,-0.0908,-0.0427,1.0059,-1.298,-2.443,-0.580,-2.43,-2.34
48740,-0.1180,-0.0402,0.9948,-1.695,-3.176,-0.595,-2.31,-2.38
48760,-0.1132,-0.0442,0.9354,-1.145,-3.725,-0.840,-2.70,-2.41
48780,-0.1226,-0.0432,0.9224,-1.282,-2.962,-0.901,-2.68,-2.44
48800,-0.1245,-0.0516,0.9478,-1.191,-2.718,-0.947,-3.12,-2.47
48820,-0.1284,-0.0555,0.9650,-1.405,-2.107,-1.023,-3.29,-2.52
48840,-0.1311,-0.0508,0.9688,-1.328,-1.588,-1.023,-3.00,-2.55
48860,-0.1196,-0.0547,0.9708,-1.221,-0.992,-1.038,-3.22,-2.59
48880,-0.1200,-0.0588,0.9547,-0.626,-0.626,-1.069,-3.53,-2.62
48900,-0.1257,-0.0739,0.9734,-0.336,0.229,-0.947,-4.34,-2.66
48920,-0.1451,-0.0729,1.0245,-0.534,0.809,-0.840,-4.07,-2.70
48940,-0.1342,-0.0673,1.0361,-0.733,1.038,-0.870,-3.71,-2.74
48960,-0.1367,-0.0536,0.9807,-0.351,1.130,-1.084,-3.13,-2.75
48980,-0.1428,-0.0657,1.0222,-0.702,2.275,-1.206,-3.68,-2.78
49000,-0.1514,-0.0697,1.0527,-1.099,2.153,-1.191,-3.79,-2.82
49020,-0.1434,-0.0576,1.0724,-2.000,1.908,-1.313,-3.08,-2.87
49040,-0.1277,-0.0273,1.0402,-2.382,1.389,-1.191,-1.51,-2.89
49060,-0.1246,-0.0287,0.9916,-1.954,1.160,-1.145,-1.66,-2.90
49098,-0.1422,-0.0649,0.9741,-0.672,0.168,-1.313,-3.81,-2.93
49103,-0.1372,-0.0698,0.9869,-0.550,0.092,-1.328,-4.05,-2.97
49120,-0.1538,-0.0836,0.9756,-0.275,-0.260,-1.481,-4.90,-3.01
49140,-0.1561,-0.0948,0.9834,-0.489,-0.198,-1.481,-5.51,-3.07
49160,-0.1582,-0.0876,0.9786,-0.702,-0.260,-1.679,-5.12,-3.12
49180,-0.1479,-0.0786,0.9308,-0.183,-0.382,-1.771,-4.83,-3.16
49201,-0.1611,-0.0813,0.8975,0.779,-0.076,-1.771,-5.18,-3.19
49220,-0.1705,-0.0847,0.9349,1.252,0.458,-1.847,-5.18,-3.20
49240,-0.1497,-0.0841,0.9097,1.908,0.168,-1.985,-5.28,-3.21
49260,-0.1616,-0.0750,0.8916,2.061,0.931,-1.817,-4.81,-3.20
49280,-0.1625,-0.0708,0.9335,2.153,1.450,-1.771,-4.34,-3.18
49300,-0.1569,-0.0676,0.9738,2.015,1.511,-1.878,-3.97,-3.16
49320,-0.1803,-0.0616,0.9958,1.542,1.786,-1.893,-3.54,-3.13
49340,-0.1776,-0.0573,1.0444,0.336,2.412,-1.939,-3.14,-3.13
49360,-0.1670,-0.0256,1.0168,-0.244,1.985,-1.863,-1.44,-3.10
49381,-0.1686,-0.0195,1.0099,-0.351,2.565,-1.695,-1.11,-3.06
49400,-0.1812,-0.0239,0.9781,-0.305,2.076,-1.679,-1.40,-3.04
49420,-0.1785,-0.0374,0.9919,0.153,2.885,-1.634,-2.16,-3.02
49440,-0.1937,-0.0620,1.0071,-0.229,2.611,-1.710,-3.52,-3.03
49460,-0.1893,-0.0454,1.0018,-0.916,2.382,-1.664,-2.60,-3.04
49480,-0.1976,-0.0334,0.9972,-1.084,2.198,-1.649,-1.92,-3.04
49500,-0.1835,-0.0242,0.9915,-1.084,1.954,-1.389,-1.40,-3.03
49520,-0.1890,-0.0138,0.9360,-0.382,1.008,-1.298,-0.84,-2.99
49540,-0.2024,-0.0352,0.9707,0.489,1.206,-1.069,-2.07,-2.96
49560,-0.1952,-0.0371,0.9659,1.038,0.382,-0.885,-2.20,-2.93
49580,-0.2045,-0.0383,0.9600,1.389,-0.031,-0.672,-2.29,-2.89
49600,-0.2053,-0.0519,0.9705,1.466,-0.427,-0.473,-3.06,-2.86
49620,-0.2183,-0.0392,0.9486,1.435,-0.565,-0.489,-2.37,-2.82
49640,-0.2241,-0.0393,0.9664,1.359,-0.229,-0.351,-2.33,-2.79
49660,-0.2240,-0.0404,1.0037,1.374,-0.366,-0.275,-2.31,-2.75
49681,-0.2230,-0.0364,1.0248,0.916,-0.290,-0.275,-2.03,-2.72
49700,-0.2279,-0.0162,0.9943,0.137,-0.260,-0.489,-0.94,-2.68
49720,-0.2180,-0.0076,0.9779,-0.305,0.153,-0.595,-0.44,-2.64
49740,-0.2180,0.0111,0.9728,-0.489,0.366,-0.687,0.65,-2.59
49760,-0.2184,0.0010,0.9891,-0.519,0.641,-0.580,0.06,-2.54
49780,-0.2052,-0.0129,1.0231,-0.565,0.534,-0.656,-0.72,-2.52
49800,-0.2164,-0.0120,1.0125,-0.824,0.153,-0.550,-0.68,-2.50
49820,-0.2220,-0.0187,1.0273,-1.038,0.443,-0.565,-1.04,-2.49
49840,-0.2196,-0.0315,1.0391,-1.267,0.092,-0.550,-1.74,-2.50
49860,-0.2191,-0.0310,1.0179,-1.420,-0.107,-0.504,-1.74,-2.51
49880,-0.2075,-0.0239,1.0056,-1.618,-0.137,-0.550,-1.36,-2.52
49900,-0.2051,-0.0317,0.9987,-1.313,-0.015,-0.718,-1.82,-2.53
49920,-0.2048,-0.0326,0.9972,-0.748,-0.168,-0.580,-1.87,-2.53
49940,-0.1846,-0.0465,0.9878,-0.229,-0.427,-0.534,-2.70,-2.54
49960,-0.2068,-0.0496,0.9753,-0.305,-0.321,-0.626,-2.91,-2.55
49980,-0.1849,-0.0516,0.9839,0.015,-0.595,-0.565,-3.00,-2.56
50000,-0.1805,-0.0332,0.9608,-0.031,-0.794,-0.473,-1.98,-2.55
50020,-0.1952,-0.0305,0.9618,0.321,-0.641,-0.565,-1.82,-2.53
50040,-0.1731,-0.0381,0.9817,0.519,-0.397,-0.275,-2.22,-2.51
50060,-0.1903,-0.0364,0.9706,0.443,-0.412,-0.443,-2.15,-2.50
50080,-0.1849,-0.0449,0.9861,0.000,-0.168,-0.443,-2.61,-2.50
50100,-0.1732,-0.0243,0.9525,0.015,-0.412,-0.443,-1.46,-2.48
50120,-0.1851,-0.0219,0.9464,0.092,-0.046,-0.443,-1.32,-2.45
50140,-0.1874,-0.0398,0.9973,-0.076,0.489,-0.397,-2.29,-2.45
50160,-0.1791,-0.0288,0.9934,-0.489,-0.076,-0.519,-1.66,-2.45
50180,-0.1871,-0.0233,0.9572,-0.229,0.351,-0.489,-1.40,-2.43
50200,-0.1904,-0.0325,0.9880,0.000,1.221,-0.641,-1.88,-2.42
50220,-0.1805,-0.0393,1.0177,-0.183,0.916,-0.489,-2.21,-2.42
50240,-0.1887,-0.0371,1.0100,-0.702,0.855,-0.641,-2.10,-2.43
50260,-0.1809,-0.0306,0.9968,-0.840,0.809,-0.595,-1.76,-2.43
50280,-0.1781,-0.0250,0.9973,-0.733,0.992,-0.656,-1.44,-2.42
50300,-0.1810,-0.0194,0.9943,-0.611,0.824,-0.519,-1.12,-2.41
50320,-0.1742,-0.0310,1.0128,-0.260,0.748,-0.473,-1.75,-2.40
50340,-0.1801,-0.0354,1.0095,-0.244,0.321,-0.336,-2.01,-2.40
50360,-0.1774,-0.0413,0.9829,-0.382,0.244,-0.382,-2.40,-2.41
50381,-0.1766,-0.0382,0.9495,-0.321,0.305,-0.275,-2.30,-2.41
50400,-0.1735,-0.0371,0.9578,0.015,0.489,-0.305,-2.22,-2.41
50439,-0.1790,-0.0378,0.9531,0.046,0.412,-0.336,-2.27,-2.40
50443,-0.1810,-0.0367,0.9501,0.122,0.550,-0.351,-2.21,-2.40
50460,-0.1781,-0.0372,0.9678,0.031,0.672,-0.351,-2.20,-2.39
50480,-0.1777,-0.0441,0.9833,-0.076,0.611,-0.489,-2.57,-2.40
50500,-0.1744,-0.0349,0.9661,0.015,0.458,-0.595,-2.07,-2.39
50520,-0.1764,-0.0399,0.9642,0.168,0.534,-0.565,-2.37,-2.39
50540,-0.1807,-0.0360,0.9769,-0.214,0.534,-0.687,-2.11,-2.38
50560,-0.1810,-0.0294,0.9542,-0.275,0.351,-0.855,-1.77,-2.38
50580,-0.1742,-0.0345,0.9869,-0.351,0.931,-0.718,-2.00,-2.38
50600,-0.1809,-0.0231,0.9912,-0.397,0.504,-0.626,-1.33,-2.36
50620,-0.1757,-0.0269,0.9907,-0.366,0.443,-0.504,-1.55,-2.36
50640,-0.1854,-0.0375,0.9833,-0.244,0.565,-0.550,-2.18,-2.36
50660,-0.1837,-0.0503,1.0107,-0.290,0.611,-0.489,-2.85,-2.37
50680,-0.1870,-0.0524,0.9874,-0.183,0.366,-0.611,-3.04,-2.39
50700,-0.1865,-0.0515,0.9899,-0.244,0.733,-0.702,-2.98,-2.41
50720,-0.2047,-0.0503,1.0148,-0.107,0.824,-0.794,-2.84,-2.42
50740,-0.1869,-0.0566,1.0282,0.015,0.641,-0.901,-3.15,-2.43
50760,-0.2072,-0.0645,0.9968,0.000,0.641,-1.023,-3.70,-2.46
50780,-0.2036,-0.0669,1.0006,-0.153,0.947,-1.267,-3.82,-2.49
50800,-0.1943,-0.0580,0.9954,-0.137,0.672,-1.374,-3.33,-2.51
50820,-0.2081,-0.0601,0.9785,-0.046,0.718,-1.511,-3.51,-2.53
50840,-0.2058,-0.0698,1.0035,-0.061,0.718,-1.588,-3.98,-2.56
50860,-0.2037,-0.0660,0.9883,-0.412,0.214,-1.771,-3.82,-2.59
50880,-0.2045,-0.0569,0.9772,-0.427,0.107,-1.939,-3.33,-2.61
50901,-0.1957,-0.0527,0.9774,-0.626,-0.031,-1.908,-3.09,-2.64
50920,-0.1982,-0.0415,0.9905,-0.550,-0.092,-1.908,-2.40,-2.64
50940,-0.1974,-0.0391,0.9956,-0.489,-0.260,-1.908,-2.25,-2.64
50960,-0.1899,-0.0283,0.9794,-0.107,-0.794,-1.542,-1.66,-2.63
50980,-0.1895,-0.0408,0.9696,0.183,-0.855,-1.634,-2.41,-2.62
51000,-0.1957,-0.0413,0.9602,0.321,-0.962,-1.664,-2.46,-2.61
51020,-0.1957,-0.0444,0.9847,0.214,-0.641,-1.466,-2.58,-2.60
51040,-0.1942,-0.0468,0.9806,-0.107,-0.885,-1.420,-2.73,-2.61
51060,-0.2006,-0.0436,0.9646,-0.076,-0.427,-1.298,-2.59,-2.61
51080,-0.1893,-0.0308,0.9678,-0.076,-0.168,-1.298,-1.82,-2.60
51100,-0.1965,-0.0315,0.9681,0.214,-0.107,-1.328,-1.86,-2.58
51120,-0.1985,-0.0417,0.9999,0.519,0.137,-1.252,-2.39,-2.56
51140,-0.1932,-0.0432,0.9869,0.412,0.092,-1.374,-2.51,-2.55
51160,-0.1871,-0.0367,0.9645,0.443,0.427,-1.435,-2.18,-2.54
51180,-0.1969,-0.0421,0.9708,0.427,0.855,-1.466,-2.48,-2.53
51200,-0.1913,-0.0433,0.9852,0.458,1.053,-1.359,-2.52,-2.52
51220,-0.1906,-0.0380,0.9902,0.168,1.023,-1.359,-2.20,-2.51
51240,-0.1918,-0.0347,0.9929,0.092,0.931,-1.405,-2.00,-2.50
51260,-0.1825,-0.0286,0.9983,-0.076,0.824,-1.359,-1.64,-2.48
51280,-0.1836,-0.0134,0.9766,-0.031,0.611,-1.069,-0.79,-2.45
51300,-0.1875,-0.0155,0.9666,0.076,0.702,-0.962,-0.92,-2.42
51321,-0.1826,-0.0208,0.9659,0.458,0.702,-0.855,-1.23,-2.38
51340,-0.1854,-0.0302,0.9669,0.580,0.779,-0.855,-1.79,-2.36
51360,-0.1863,-0.0382,0.9597,0.626,0.733,-0.870,-2.28,-2.35
51380,-0.1901,-0.0371,0.9777,0.351,1.115,-0.916,-2.17,-2.34
51400,-0.1897,-0.0244,0.9806,0.244,1.053,-0.779,-1.43,-2.31
51420,-0.1780,-0.0117,0.9757,0.443,1.053,-0.748,-0.69,-2.27
51440,-0.1847,-0.0038,0.9641,0.718,1.130,-0.611,-0.22,-2.22
51460,-0.1801,-0.0002,0.9758,0.931,1.405,-0.412,-0.01,-2.15
51480,-0.1785,0.0005,0.9938,0.992,1.679,-0.137,0.03,-2.09
51500,-0.1779,0.0104,1.0325,0.489,1.878,0.000,0.58,-2.03
51520,-0.1804,0.0143,1.0345,0.214,1.206,0.458,0.79,-1.97
51540,-0.1715,0.0151,1.0315,0.382,0.901,0.534,0.84,-1.90
51560,-0.1699,0.0204,1.0144,0.595,0.412,0.763,1.15,-1.83
51580,-0.1691,0.0197,1.0089,0.473,0.412,0.947,1.12,-1.76
51600,-0.1917,0.0267,1.0547,0.611,0.107,1.084,1.45,-1.69
51620,-0.1812,0.0271,1.0922,0.382,-0.992,1.374,1.42,-1.62
51640,-0.1392,0.0463,1.0697,0.443,-1.893,1.679,2.48,-1.53
51660,-0.1611,0.0664,0.9526,0.198,-1.969,2.122,3.99,-1.41
51680,-0.1620,0.0681,0.9410,0.107,-1.191,2.687,4.14,-1.30
51700,-0.1351,0.0735,0.9177,0.366,-1.450,3.237,4.58,-1.17
51720,-0.1484,0.0763,0.8867,0.855,-0.901,3.756,4.92,-1.04
51740,-0.1646,0.0750,0.9283,0.977,-0.183,4.198,4.62,-0.90
51761,-0.1564,0.0654,0.9685,0.687,-0.153,4.656,3.86,-0.79
51799,-0.1361,0.1097,0.9774,-0.168,0.198,5.740,6.41,-0.65
51804,-0.1438,0.1088,0.9747,-0.260,0.214,5.847,6.37,-0.52
51820,-0.1488,0.0934,0.9603,-0.015,0.412,6.153,5.55,-0.40
51840,-0.1346,0.0978,0.9540,0.519,0.366,6.565,5.85,-0.26
51860,-0.1151,0.0802,0.9520,1.145,0.092,6.962,4.82,-0.14
51880,-0.1139,0.0774,0.9351,1.405,0.137,7.237,4.73,-0.01
51900,-0.1144,0.0859,0.9542,1.267,0.519,7.664,5.15,0.11
51920,-0.1091,0.0920,0.9564,0.916,0.321,8.061,5.50,0.24
51940,-0.1212,0.0898,0.9530,0.641,0.748,8.473,5.39,0.36
51960,-0.1146,0.1011,0.9602,-0.031,0.962,8.962,6.01,0.47
51981,-0.1155,0.1169,0.9587,0.107,1.084,9.282,6.95,0.60
52000,-0.1091,0.1138,0.9751,0.244,1.313,9.924,6.65,0.73
52020,-0.1171,0.1058,0.9727,0.412,1.069,10.107,6.21,0.84
52040,-0.1119,0.1088,0.9816,0.763,1.267,10.443,6.32,0.97
52060,-0.1068,0.1187,0.9688,0.901,1.053,10.809,6.98,1.11
52080,-0.1251,0.1160,0.9982,0.824,1.405,11.069,6.63,1.23
52100,-0.1201,0.1095,1.0226,0.107,1.252,11.420,6.11,1.33
52120,-0.1130,0.1215,1.0034,-0.260,0.977,11.588,6.90,1.44
52140,-0.1230,0.1364,0.9819,-0.031,1.038,12.061,7.91,1.57
52160,-0.1312,0.1422,0.9823,0.427,1.435,12.565,8.24,1.71
52180,-0.1078,0.1371,1.0035,0.611,1.939,13.038,7.78,1.84
52200,-0.1388,0.1255,1.0042,0.733,2.031,13.328,7.12,1.96
52220,-0.1409,0.1149,1.0118,0.305,2.427,13.893,6.48,2.06
52240,-0.1395,0.0990,1.0408,-0.595,2.733,13.954,5.43,2.11
52260,-0.1422,0.1346,1.0292,-1.221,3.053,14.336,7.45,2.20
52280,-0.1421,0.1407,0.9673,-1.053,2.779,14.550,8.28,2.30
52300,-0.1116,0.1235,1.0050,-0.336,3.847,14.809,7.01,2.39
52321,-0.1282,0.1205,0.9917,0.031,2.626,14.916,6.93,2.48
52340,-0.1080,0.1104,0.9963,0.366,2.489,15.069,6.32,2.56
52360,-0.1107,0.1068,1.0033,0.550,2.061,15.374,6.08,2.64
52380,-0.1171,0.0941,1.0234,0.641,1.618,15.573,5.25,2.71
52400,-0.1088,0.0914,1.0171,0.229,0.809,15.725,5.14,2.76
52420,-0.1284,0.1133,1.0161,-0.397,0.641,15.786,6.36,2.82
52440,-0.1040,0.1094,1.0189,-1.069,0.733,15.878,6.13,2.87
52460,-0.1011,0.1074,0.9645,-1.282,0.260,16.061,6.36,2.91
52480,-0.1089,0.1277,0.9576,-1.618,0.427,16.031,7.59,2.98
52500,-0.0854,0.1232,0.9680,-1.679,0.351,16.412,7.25,3.03
52520,-0.0922,0.1182,0.9594,-0.840,-0.534,16.565,7.02,3.09
52540,-0.0963,0.1146,0.9524,-0.244,-0.321,16.855,6.86,3.16
52560,-0.0919,0.1008,0.9664,0.504,-0.321,17.053,5.96,3.23
52581,-0.0991,0.0791,1.0020,0.702,-0.015,17.038,4.51,3.27
52600,-0.0826,0.0796,1.0066,0.336,0.015,17.359,4.52,3.30
52620,-0.0730,0.0771,1.0228,0.260,0.168,17.420,4.31,3.33
52640,-0.0592,0.0785,1.0116,-0.534,-0.137,17.511,4.44,3.34
52660,-0.0565,0.1089,0.9795,-1.130,-0.229,17.725,6.34,3.37
52680,-0.0457,0.1428,0.9783,-1.176,-0.031,18.107,8.31,3.45
52700,-0.0614,0.1509,0.9663,-0.947,-0.031,18.336,8.87,3.54
52721,-0.0536,0.1439,0.9579,-0.229,-0.076,18.458,8.54,3.64
52740,-0.0540,0.1289,0.9420,0.214,-0.015,18.718,7.79,3.72
52760,-0.0531,0.1309,0.9236,0.763,-0.076,18.885,8.06,3.82
52780,-0.0414,0.1051,0.9581,0.779,0.595,19.191,6.26,3.89
52800,-0.0405,0.1077,0.9780,1.038,0.244,19.115,6.28,3.96
52820,-0.0299,0.1097,0.9872,0.443,0.290,19.435,6.34,4.01
52840,-0.0151,0.1106,0.9584,0.427,0.427,19.511,6.58,4.07
52860,-0.0201,0.0995,0.9729,-0.183,0.962,19.634,5.84,4.11
52880,-0.0337,0.1104,0.9852,-0.214,0.748,19.771,6.39,4.15
52900,-0.0101,0.1096,1.0232,-0.595,1.084,19.847,6.12,4.17
52920,-0.0206,0.1163,1.0184,-0.779,0.626,20.031,6.52,4.21
52940,-0.0062,0.1215,1.0300,-0.718,0.534,20.107,6.73,4.24
52960,0.0035,0.1179,1.0126,-0.427,0.305,20.183,6.64,4.28
52980,-0.0022,0.1249,0.9961,-0.305,-0.015,20.351,7.15,4.33
53000,0.0112,0.1172,1.0170,-0.351,0.046,20.290,6.57,4.37
53020,0.0193,0.1119,1.0082,0.137,-0.427,20.351,6.34,4.41
53040,-0.0001,0.1058,1.0266,0.305,-0.275,20.580,5.89,4.45
53060,0.0216,0.0881,1.0225,-0.107,-0.412,20.550,4.93,4.46
53080,0.0409,0.1050,1.0236,-0.473,-0.397,20.672,5.86,4.47
53100,0.0192,0.1057,0.9979,-0.779,-0.427,20.885,6.05,4.49
53120,0.0391,0.1033,1.0018,-0.947,-0.031,20.840,5.89,4.50
53140,0.0413,0.1173,0.9868,-0.885,0.122,20.916,6.78,4.53
53160,0.0339,0.1155,0.9630,-0.748,0.626,21.176,6.84,4.56
53180,0.0308,0.1053,0.9695,-0.641,1.008,21.160,6.20,4.58
53219,0.0396,0.1155,0.9442,-0.046,1.359,21.221,6.97,4.63
53223,0.0302,0.1068,0.9524,0.000,1.466,21.145,6.40,4.66
53240,0.0460,0.1204,0.9485,0.137,1.939,21.252,7.23,4.72
53260,0.0469,0.1180,0.9689,0.137,2.168,21.344,6.95,4.76
53280,0.0366,0.1238,0.9625,-0.137,2.168,21.313,7.33,4.81
53300,0.0541,0.1042,0.9772,-1.023,2.641,21.405,6.09,4.82
53320,0.0367,0.1255,0.9735,-2.061,2.672,21.374,7.35,4.83
53340,0.0243,0.1356,0.9780,-2.870,2.962,21.496,7.89,4.83
53360,0.0475,0.1498,0.9761,-2.840,3.008,21.634,8.72,4.86
53380,0.0498,0.1423,0.9745,-2.748,3.130,21.832,8.31,4.87
53400,0.0319,0.1431,0.9680,-2.595,2.870,21.847,8.41,4.89
53420,0.0610,0.1600,1.0095,-2.244,2.748,21.893,9.01,4.93
53440,0.0383,0.1403,1.0013,-2.214,2.031,22.198,7.97,4.95
53460,0.0332,0.1172,0.9850,-2.473,1.939,22.336,6.78,4.93
53480,0.0483,0.1340,1.0021,-2.092,1.740,22.473,7.62,4.95
53500,0.0476,0.1293,0.9882,-1.664,1.267,22.870,7.45,4.96
53520,0.0272,0.1078,0.9874,-1.405,1.252,22.931,6.23,4.96
53540,0.0447,0.1111,1.0190,-1.176,1.084,23.176,6.22,4.96
53560,0.0500,0.1195,0.9908,-0.870,0.702,23.313,6.88,4.99
53580,0.0305,0.1152,1.0020,-0.794,0.779,23.389,6.56,5.00
53600,0.0321,0.1198,1.0131,-0.458,0.641,23.191,6.74,5.03
53620,0.0413,0.1222,1.0127,-0.870,0.412,23.328,6.88,5.05
53640,-0.0017,0.1211,1.0332,-1.023,0.427,23.160,6.68,5.06
53660,0.0507,0.1580,1.0348,-1.634,0.198,23.237,8.68,5.10
53680,0.0270,0.1610,0.9729,-1.649,0.214,23.176,9.40,5.15
53700,0.0160,0.1486,0.9943,-1.649,1.191,23.237,8.50,5.19
53720,0.0334,0.1464,1.0000,-1.481,1.115,23.344,8.33,5.22
53740,0.0323,0.1309,1.0048,-1.542,1.435,23.420,7.42,5.24
53760,0.0160,0.1519,0.9821,-1.084,1.328,23.573,8.79,5.29
53780,0.0531,0.1443,0.9966,-0.931,2.046,23.664,8.24,5.33
53800,0.0077,0.1317,1.0192,-1.420,1.802,23.573,7.36,5.34
53820,0.0323,0.1318,1.0524,-1.771,1.023,23.679,7.14,5.34
53840,0.0481,0.1490,1.0388,-2.046,0.366,23.634,8.16,5.36
53860,0.0237,0.1495,1.0490,-2.137,0.504,23.710,8.11,5.37
53880,0.0348,0.1505,1.0516,-3.053,-0.443,23.710,8.14,5.37
53900,0.0494,0.1759,1.0006,-3.359,-0.870,23.924,9.97,5.39
53920,0.0294,0.1798,0.9452,-3.374,-0.656,24.183,10.77,5.43
53940,0.0363,0.1682,0.9666,-3.099,-0.412,24.321,9.87,5.46
53960,0.0435,0.1697,0.9729,-2.809,-0.412,24.397,9.89,5.50
53980,0.0155,0.1378,0.9701,-2.763,-0.122,24.489,8.09,5.49
54000,0.0376,0.1460,0.9938,-2.992,-0.015,24.626,8.36,5.49
54020,0.0448,0.1442,0.9813,-3.679,0.046,24.687,8.36,5.48
54040,0.0425,0.1472,0.9589,-3.817,-0.321,24.550,8.73,5.47
54060,0.0466,0.1422,0.9724,-4.031,0.000,24.473,8.32,5.45
54080,0.0320,0.1461,1.0131,-4.076,-0.153,24.198,8.21,5.42
54100,0.0275,0.1490,1.0101,-4.366,-0.763,24.336,8.39,5.39
54120,0.0421,0.1578,1.0010,-3.756,-1.298,24.290,8.96,5.39
54140,0.0399,0.1665,1.0369,-3.267,-1.313,24.550,9.12,5.40
54160,0.0381,0.1525,1.0210,-3.160,-2.122,24.702,8.49,5.40
54180,0.0399,0.1289,1.0476,-3.298,-2.092,24.855,7.01,5.37
54200,0.0278,0.1111,1.0149,-2.412,-2.718,24.885,6.25,5.34
54220,0.0570,0.1104,1.0193,-0.947,-2.809,25.084,6.18,5.34
54240,0.0433,0.0994,1.0073,0.351,-3.237,24.885,5.63,5.35
54260,0.0408,0.1038,1.0640,0.427,-3.130,24.656,5.57,5.36
54280,0.0548,0.1276,1.0923,-0.107,-2.947,24.672,6.66,5.39
54300,0.0452,0.1310,1.0465,-0.412,-2.916,24.427,7.13,5.42
54320,0.0510,0.1681,1.0090,-0.809,-2.626,24.641,9.46,5.48
54341,0.0477,0.1460,0.9835,-0.550,-2.076,24.733,8.44,5.53
54360,0.0620,0.1848,0.9149,-0.031,-2.122,24.809,11.42,5.65
54380,0.0382,0.1686,0.9257,0.198,-0.824,24.885,10.32,5.74
54400,0.0488,0.1930,0.9518,0.473,-0.321,24.962,11.46,5.87
54420,0.0773,0.1976,0.9323,0.855,-0.290,25.008,11.97,6.01
54440,0.0511,0.1721,0.9341,1.221,0.061,25.069,10.44,6.12
54460,0.0344,0.1588,0.9849,0.748,0.122,24.962,9.16,6.19
54480,0.0587,0.1412,0.9863,0.031,0.458,24.916,8.15,6.23
54500,0.0427,0.1552,0.9584,-1.450,1.206,24.824,9.20,6.26
54520,0.0552,0.1670,0.9578,-2.015,1.634,24.702,9.89,6.30
54540,0.0476,0.1661,0.9746,-3.099,1.847,24.656,9.67,6.30
54560,0.0547,0.1882,0.9723,-3.038,1.985,24.626,10.96,6.34
54580,0.0677,0.1929,0.9672,-3.313,1.939,24.565,11.28,6.37
54600,0.0618,0.1864,0.9814,-3.557,1.527,24.687,10.75,6.39
54620,0.0613,0.2040,0.9833,-3.664,1.542,24.550,11.72,6.42
54659,0.0558,0.1641,1.0374,-4.550,1.756,24.397,8.99,6.39
54663,0.0710,0.1990,1.0215,-4.275,1.939,24.489,11.02,6.40
54680,0.0577,0.1659,0.9996,-4.641,1.588,24.702,9.42,6.36
54700,0.0469,0.1616,0.9889,-5.084,2.000,24.733,9.28,6.32
54720,0.0422,0.1589,1.0040,-4.885,2.656,24.855,9.00,6.28
54740,0.0350,0.1755,1.0195,-4.107,2.260,25.084,9.77,6.27
54760,0.0453,0.1506,1.0344,-3.542,2.443,25.038,8.29,6.24
54780,0.0356,0.1484,1.0223,-3.115,2.473,25.038,8.26,6.22
54800,0.0378,0.1143,1.0527,-3.252,2.901,25.084,6.19,6.16
54820,0.0339,0.1055,1.0389,-3.786,2.061,24.840,5.80,6.08
54840,0.0593,0.1416,1.0150,-3.802,2.168,24.824,7.94,6.04
54860,0.0298,0.1862,0.9558,-3.145,2.061,24.626,11.02,6.08
54880,0.0387,0.1890,0.9490,-1.710,2.214,24.794,11.26,6.15
54900,0.0400,0.1467,0.9133,0.015,2.214,24.931,9.13,6.21
54920,0.0575,0.1113,0.9447,1.740,3.053,25.008,6.72,6.25
54940,0.0568,0.0914,0.9952,1.939,3.038,25.282,5.25,6.27
54960,0.0470,0.0847,0.9716,2.366,1.908,25.084,4.98,6.29
54980,0.0465,0.0712,1.0011,2.092,2.260,25.084,4.07,6.29
55000,0.0431,0.0992,1.0042,1.847,1.542,24.824,5.64,6.31
55020,0.0393,0.1272,1.0160,1.939,0.824,24.611,7.14,6.36
55040,0.0625,0.1442,1.0006,2.351,-0.031,24.198,8.20,6.45
55060,0.0505,0.1733,1.0150,1.603,-0.031,23.969,9.69,6.54
55080,0.0262,0.1755,1.0259,0.824,-0.733,23.511,9.71,6.62
55100,0.0527,0.1477,1.0415,0.229,-1.176,23.069,8.07,6.66
55120,0.0503,0.1368,1.0085,-0.458,-1.786,22.779,7.73,6.67
55140,0.0670,0.1368,1.0436,-1.557,-1.298,22.427,7.47,6.65
55160,0.0492,0.1216,1.0437,-1.878,-2.031,21.817,6.64,6.62
55180,0.0718,0.1300,1.0675,-2.779,-1.679,21.542,6.94,6.57
55200,0.0771,0.0966,1.0355,-3.908,-1.786,21.084,5.33,6.47
55220,0.0969,0.1125,1.0571,-5.542,-1.908,20.687,6.08,6.35
55240,0.0908,0.0946,1.0262,-6.183,-2.229,20.244,5.27,6.21
55261,0.0894,0.1069,1.0157,-6.031,-2.229,20.137,6.01,6.09
55281,0.1036,0.0797,1.0116,-5.878,-2.275,19.618,4.51,5.94
55300,0.0829,0.0732,0.9752,-5.802,-2.061,19.420,4.30,5.79
55320,0.0894,0.0531,1.0068,-5.481,-1.344,18.962,3.02,5.63
55340,0.1050,0.0551,0.9915,-5.603,-2.092,18.595,3.18,5.47
55360,0.1002,0.0682,0.9575,-4.931,-1.893,18.504,4.08,5.35
55380,0.0964,0.0507,0.9497,-3.649,-1.435,18.260,3.05,5.23
55400,0.0974,0.0409,1.0153,-3.176,-1.191,17.908,2.31,5.11
55420,0.1000,0.0475,1.0256,-3.252,-1.725,17.786,2.65,5.00
55440,0.0970,0.0477,0.9979,-2.855,-1.420,17.450,2.74,4.89
55460,0.0813,0.0266,0.9791,-2.473,-1.557,17.267,1.56,4.78
55480,0.0963,0.0260,0.9912,-1.664,-1.359,16.947,1.50,4.68
55500,0.0865,0.0231,1.0026,-0.855,-1.679,16.779,1.32,4.60
55521,0.0742,0.0426,1.0355,-0.260,-1.496,16.611,2.36,4.55
55541,0.0984,0.0330,1.0396,0.519,-1.588,16.275,1.82,4.50
55560,0.0901,0.0360,1.0448,0.534,-1.405,15.985,1.97,4.46
55580,0.1173,0.0350,1.0315,0.046,-1.664,15.710,1.95,4.41
55600,0.1151,0.0236,1.0166,-0.137,-1.664,15.313,1.33,4.35
55620,0.1088,0.0315,1.0408,-0.198,-1.191,15.206,1.73,4.29
55640,0.0928,0.0505,1.0173,-0.031,-1.695,14.748,2.84,4.26
55660,0.1091,0.0380,1.0278,0.000,-1.206,14.321,2.12,4.22
55680,0.0950,0.0294,1.0339,-0.366,-1.084,13.847,1.63,4.16
55700,0.0981,0.0242,1.0417,-1.298,-1.008,13.450,1.33,4.08
55720,0.0995,0.0311,1.0269,-1.359,-1.298,13.130,1.74,4.01
55740,0.1149,0.0063,1.0225,-1.603,-0.550,12.733,0.36,3.90
55760,0.1047,-0.0037,0.9976,-2.763,-0.504,12.336,-0.21,3.76
55780,0.1117,0.0225,0.9803,-3.450,-0.305,12.046,1.31,3.65
55801,0.1083,0.0203,0.9502,-2.550,-0.748,11.725,1.22,3.55
55820,0.0972,-0.0149,0.9899,-2.000,0.092,11.267,-0.86,3.42
55840,0.0979,-0.0176,0.9968,-2.061,-0.672,10.916,-1.01,3.29
55860,0.1254,-0.0109,0.9836,-2.183,-0.473,10.595,-0.63,3.17
55880,0.1034,-0.0215,0.9214,-3.145,-0.153,10.183,-1.34,3.02
55900,0.1241,0.0006,0.9363,-3.557,0.916,10.076,0.04,2.89
55920,0.1355,-0.0139,0.8535,-2.015,0.198,10.061,-0.93,2.77
55940,0.1113,-0.0190,0.9126,-0.076,1.221,9.786,-1.20,2.69
55960,0.1014,-0.0125,1.0118,1.328,0.855,9.588,-0.71,2.65
55980,0.1189,-0.0247,1.0344,1.969,0.748,9.237,-1.37,2.61
56000,0.0929,-0.0333,1.0115,1.954,0.885,9.405,-1.89,2.56
56020,0.1241,-0.0542,1.0466,2.107,1.053,9.160,-2.96,2.49
56040,0.1323,-0.0242,1.0743,1.466,0.626,9.008,-1.29,2.44
56079,0.1418,0.0010,1.0365,1.359,0.489,8.901,0.05,2.42
56083,0.1311,0.0082,1.0504,1.069,0.168,8.702,0.45,2.40
56100,0.1617,0.0233,1.0386,1.160,0.244,8.702,1.29,2.40
56120,0.1484,0.0316,1.0072,1.115,-0.031,8.855,1.80,2.41
56140,0.1561,0.0288,1.0201,1.115,-0.473,8.718,1.62,2.42
56160,0.1440,0.0291,0.9990,0.718,-0.687,8.595,1.67,2.42
56180,0.1620,0.0397,0.9905,0.565,0.092,8.641,2.29,2.43
56200,0.1705,0.0414,0.9701,0.290,-0.122,8.641,2.44,2.43
56220,0.1696,0.0507,0.9915,0.092,0.046,8.519,2.93,2.44
56240,0.1825,0.0311,0.9738,0.107,-0.015,8.656,1.83,2.43
56260,0.1932,0.0133,1.0195,-0.611,0.580,8.595,0.75,2.39
56280,0.1836,0.0189,1.0028,-1.893,-0.901,8.305,1.08,2.32
56300,0.1522,0.0585,0.9550,-0.901,-1.649,8.427,3.50,2.33
56320,0.1683,0.0068,1.0271,-0.244,-1.176,8.336,0.38,2.29
56340,0.1621,-0.0092,1.0197,0.137,-1.328,8.489,-0.51,2.23
56360,0.2009,-0.0151,1.0223,0.061,-0.672,8.351,-0.85,2.17
56380,0.1718,-0.0089,0.9839,-0.046,-1.634,8.473,-0.52,2.12
56400,0.1693,-0.0098,0.9907,0.550,-0.504,8.336,-0.56,2.08
56420,0.1733,0.0043,1.0009,0.580,-0.015,8.198,0.24,2.05
56440,0.1786,0.0012,1.0107,0.840,-0.351,8.122,0.07,2.03
56460,0.1855,-0.0031,1.0085,0.611,-0.260,8.015,-0.17,2.00
56480,0.1771,0.0175,1.0118,0.626,0.412,7.832,0.99,1.99
56500,0.1864,0.0045,1.0172,0.992,0.397,7.664,0.25,1.97
56520,0.1810,0.0009,1.0341,0.901,0.122,7.405,0.05,1.95
56540,0.1757,0.0076,1.0223,0.672,-0.122,7.145,0.42,1.93
56560,0.1837,0.0059,1.0233,0.763,0.107,6.824,0.33,1.92
56580,0.1831,0.0018,1.0161,0.489,-0.275,6.779,0.10,1.89
56600,0.1798,-0.0027,1.0133,0.244,-0.366,6.504,-0.15,1.85
56620,0.1794,-0.0024,1.0068,0.061,-0.260,6.366,-0.14,1.82
56640,0.1849,-0.0187,1.0105,0.137,-0.336,6.412,-1.06,1.76
56660,0.1814,-0.0231,1.0046,-0.183,-0.779,6.229,-1.32,1.70
56680,0.1771,-0.0239,0.9836,0.183,-0.809,6.183,-1.39,1.64
56700,0.1753,-0.0319,0.9939,0.382,-0.351,5.969,-1.84,1.58
56720,0.1732,-0.0366,0.9877,0.275,-0.382,5.771,-2.12,1.51
56740,0.1744,-0.0360,0.9854,0.046,0.031,5.618,-2.09,1.44
56760,0.1710,-0.0297,0.9863,0.015,0.107,5.328,-1.72,1.37
56780,0.1787,-0.0409,1.0220,-0.031,0.336,4.916,-2.29,1.30
56800,0.1724,-0.0446,1.0287,-0.550,0.076,4.626,-2.48,1.21
56820,0.1736,-0.0323,1.0227,-0.748,0.046,4.534,-1.81,1.14
56840,0.1704,-0.0450,0.9957,-0.153,0.168,4.198,-2.59,1.06
56860,0.1722,-0.0609,1.0205,-0.168,0.427,3.985,-3.42,0.97
56880,0.1764,-0.0651,1.0073,-0.061,-0.229,3.695,-3.70,0.87
56900,0.1813,-0.0686,0.9999,0.336,0.015,3.542,-3.93,0.78
56920,0.1868,-0.0760,1.0059,0.565,0.015,3.298,-4.32,0.69
56940,0.1852,-0.0811,1.0305,0.443,0.183,3.099,-4.50,0.60
56961,0.1820,-0.0757,1.0135,0.443,-0.092,2.733,-4.27,0.51
56980,0.1869,-0.0791,0.9893,0.458,-0.092,2.611,-4.57,0.42
57000,0.1931,-0.0718,0.9838,0.427,0.229,2.305,-4.17,0.33
57020,0.1888,-0.0679,1.0242,0.351,0.351,2.183,-3.79,0.26
57040,0.2024,-0.0710,1.0262,0.473,-0.183,2.031,-3.96,0.18
57060,0.1920,-0.0638,0.9822,0.061,-0.412,1.817,-3.72,0.10
57080,0.1946,-0.0714,0.9680,-0.443,-0.031,1.740,-4.22,0.01
57100,0.1925,-0.0802,0.9298,-0.595,0.168,1.435,-4.93,-0.10
57120,0.1836,-0.0687,0.9333,-0.977,0.809,1.405,-4.21,-0.20
57140,0.1825,-0.0737,0.9631,-0.473,1.298,1.160,-4.38,-0.30
57160,0.1807,-0.0925,1.0219,0.000,1.527,1.115,-5.17,-0.39
57180,0.1730,-0.0885,1.0502,0.122,0.947,0.809,-4.82,-0.48
57200,0.1893,-0.0857,1.0648,0.473,0.473,0.611,-4.60,-0.55
57220,0.1886,-0.0901,1.0452,0.702,0.076,0.427,-4.93,-0.63
57240,0.1783,-0.0901,1.0571,0.443,0.107,0.351,-4.87,-0.70
57260,0.1931,-0.0868,1.0397,0.244,-0.397,0.366,-4.77,-0.78
57280,0.1932,-0.0909,1.0251,-0.458,-0.244,0.229,-5.07,-0.87
57300,0.1864,-0.0685,1.0061,-0.916,-0.244,0.504,-3.89,-0.95
57320,0.2008,-0.0750,1.0148,-0.855,0.000,0.550,-4.22,-1.03
57340,0.1781,-0.0642,1.0035,-1.145,-0.015,0.565,-3.66,-1.11
57360,0.2072,-0.0708,0.9302,-0.107,-0.656,0.489,-4.35,-1.18
57380,0.1915,-0.0848,0.9215,0.260,0.092,0.275,-5.26,-1.25
57400,0.1854,-0.0801,0.9690,0.244,-0.031,0.260,-4.72,-1.32
57420,0.1947,-0.0833,0.9941,0.504,-0.656,0.061,-4.79,-1.38
57440,0.1715,-0.0961,1.0001,0.656,-0.641,-0.015,-5.49,-1.45
57460,0.1730,-0.0895,1.0295,0.580,-0.321,-0.046,-4.97,-1.50
57499,0.1816,-0.0930,0.9833,-0.229,0.061,-0.031,-5.40,-1.59
57503,0.1779,-0.0938,0.9897,-0.244,0.229,-0.076,-5.41,-1.67
57520,0.1831,-0.0941,1.0247,-0.580,1.344,0.046,-5.25,-1.75
57540,0.1885,-0.0984,1.0322,-0.748,0.794,-0.168,-5.44,-1.84
57560,0.1753,-0.0942,1.0361,-0.977,0.870,-0.305,-5.20,-1.93
57580,0.1833,-0.0952,1.0465,-1.176,0.672,-0.382,-5.20,-2.01
57600,0.1744,-0.0775,1.0070,-1.481,0.229,-0.412,-4.40,-2.09
57620,0.1893,-0.0732,1.0116,-1.053,0.336,-0.580,-4.14,-2.15
57640,0.2041,-0.0760,1.0112,-0.748,-0.397,-0.611,-4.30,-2.21
57660,0.1931,-0.0757,0.9806,-0.550,-0.366,-0.626,-4.41,-2.27
57680,0.1866,-0.0848,0.9803,-0.397,-0.412,-0.534,-4.95,-2.33
57700,0.1937,-0.0970,1.0077,-0.779,-0.534,-0.351,-5.50,-2.41
57720,0.1865,-0.0883,0.9690,-0.626,-0.534,-0.275,-5.20,-2.47
57740,0.1825,-0.0924,0.9657,-0.534,0.198,-0.198,-5.47,-2.54
57760,0.1927,-0.0928,0.9672,-0.489,0.046,-0.198,-5.48,-2.61
57780,0.1823,-0.0814,0.9562,-0.260,0.260,-0.321,-4.87,-2.66
57800,0.1808,-0.0808,0.9862,-0.092,0.885,-0.198,-4.68,-2.71
57820,0.1810,-0.0851,1.0316,-0.260,1.282,-0.244,-4.71,-2.75
57840,0.1770,-0.0785,1.0369,-0.611,0.824,-0.153,-4.33,-2.79
57860,0.1997,-0.0836,1.0150,-0.916,1.038,-0.122,-4.71,-2.85
57880,0.1737,-0.0763,0.9786,-1.603,1.420,-0.122,-4.46,-2.91
57900,0.1864,-0.0687,0.9720,-1.847,1.863,-0.137,-4.04,-2.97
57920,0.1857,-0.0667,0.9475,-1.038,1.634,-0.229,-4.02,-3.01
57940,0.1785,-0.0833,1.0077,-0.458,2.000,-0.137,-4.72,-3.06
57960,0.1805,-0.0842,1.0210,-0.214,1.130,-0.275,-4.72,-3.09
57980,0.1869,-0.0905,1.0168,-0.107,0.641,-0.305,-5.08,-3.14
58000,0.1855,-0.0869,1.0322,0.382,-0.107,-0.366,-4.81,-3.16
58020,0.1869,-0.0934,1.0287,0.550,-0.611,-0.244,-5.19,-3.19
58040,0.1791,-0.0933,1.0249,0.153,-0.931,-0.275,-5.20,-3.23
58060,0.1831,-0.0916,1.0216,-0.458,-1.099,-0.260,-5.12,-3.28
58080,0.1727,-0.0907,0.9783,-0.427,-0.992,-0.061,-5.30,-3.32
58100,0.1843,-0.0917,0.9961,-0.519,-0.244,-0.107,-5.26,-3.37
58121,0.1854,-0.0955,0.9794,-1.557,-0.397,-0.137,-5.57,-3.45
58140,0.1783,-0.0620,0.9014,-1.863,-0.565,-0.275,-3.94,-3.49
58160,0.1805,-0.0559,0.9780,-1.221,0.733,-0.168,-3.27,-3.51
58180,0.1866,-0.0833,1.0200,-0.519,-0.015,-0.183,-4.67,-3.55
58200,0.1705,-0.0762,1.0048,-0.290,-0.076,-0.076,-4.34,-3.57
58220,0.1783,-0.0813,1.0251,-0.107,0.458,-0.015,-4.53,-3.59
58240,0.1779,-0.0933,0.9910,0.092,0.382,0.107,-5.38,-3.62
58260,0.1669,-0.0859,0.9841,0.489,1.191,0.107,-4.99,-3.64
58280,0.1718,-0.0945,1.0227,0.458,1.603,-0.031,-5.28,-3.67
58301,0.1730,-0.0902,1.0297,0.427,1.359,0.015,-5.01,-3.68
58320,0.1648,-0.0801,1.0027,0.473,0.794,-0.046,-4.57,-3.69
58340,0.1707,-0.0935,1.0510,0.565,1.267,-0.153,-5.08,-3.71
58360,0.1722,-0.0887,1.0385,-0.290,-0.031,-0.122,-4.88,-3.74
58380,0.1688,-0.0645,1.0190,-0.473,-0.595,-0.153,-3.62,-3.75
58400,0.1702,-0.0731,1.0070,-0.382,-0.397,-0.107,-4.15,-3.76
58420,0.1669,-0.0780,0.9885,-0.351,-0.336,0.046,-4.51,-3.78
58440,0.1577,-0.0793,0.9808,-0.443,-0.260,-0.092,-4.62,-3.81
58460,0.1578,-0.0842,0.9952,-0.595,0.183,-0.092,-4.84,-3.84
58480,0.1605,-0.0771,0.9692,-0.779,-0.076,-0.321,-4.55,-3.87
58500,0.1547,-0.0704,0.9896,-0.641,0.107,-0.198,-4.07,-3.89
58520,0.1534,-0.0677,1.0211,-0.702,0.366,0.000,-3.80,-3.90
58540,0.1531,-0.0659,0.9949,-0.611,-0.168,0.015,-3.79,-3.91
58560,0.1490,-0.0663,0.9957,-0.977,0.427,0.137,-3.81,-3.93
58580,0.1461,-0.0634,0.9803,-0.718,0.489,0.382,-3.70,-3.93
58600,0.1492,-0.0602,0.9568,-0.076,0.595,0.473,-3.60,-3.93
58620,0.1434,-0.0697,0.9757,0.076,1.191,0.427,-4.09,-3.93
58640,0.1426,-0.0641,0.9590,0.718,1.099,0.473,-3.82,-3.92
58660,0.1447,-0.0634,0.9529,0.855,1.496,0.534,-3.80,-3.90
58680,0.1370,-0.0680,0.9884,0.397,1.802,0.504,-3.94,-3.89
58700,0.1373,-0.0627,1.0103,0.031,1.664,0.458,-3.55,-3.88
58720,0.1398,-0.0630,1.0011,-0.168,1.832,0.473,-3.60,-3.88
58740,0.1342,-0.0608,0.9861,-0.137,1.710,0.687,-3.53,-3.88
58760,0.1238,-0.0613,0.9946,-0.015,1.481,0.641,-3.53,-3.87
58780,0.1290,-0.0693,1.0392,-0.107,1.573,0.550,-3.82,-3.87
58800,0.1210,-0.0638,1.0238,-0.183,0.824,0.504,-3.57,-3.87
58820,0.1357,-0.0535,1.0294,-0.076,0.611,0.458,-2.97,-3.85
58859,0.1267,-0.0594,1.0254,-0.122,-0.443,0.473,-3.32,-3.84
58863,0.1298,-0.0570,1.0244,-0.229,-0.519,0.473,-3.19,-3.83
58880,0.1301,-0.0697,1.0214,-0.626,-0.641,0.473,-3.90,-3.85
58900,0.1254,-0.0723,0.9819,-0.840,-0.947,0.534,-4.21,-3.87
58920,0.1182,-0.0751,1.0020,-1.069,-0.580,0.550,-4.28,-3.90
58940,0.1123,-0.0735,0.9795,-1.237,-1.221,0.382,-4.29,-3.93
58960,0.0903,-0.0593,0.9502,-0.763,-0.824,0.351,-3.57,-3.94
58980,0.0779,-0.0767,0.9690,-0.656,-0.015,0.382,-4.52,-3.96
59000,0.0706,-0.0728,0.9965,-0.672,0.458,0.214,-4.18,-3.98
59020,0.0757,-0.0637,1.0153,-0.840,0.901,0.198,-3.59,-3.99
59040,0.0828,-0.0723,1.0118,-0.550,1.176,0.183,-4.09,-4.00
59060,0.0791,-0.0604,1.0093,-0.275,1.435,0.137,-3.43,-4.00
59080,0.0721,-0.0853,0.9941,-0.595,1.557,0.046,-4.91,-4.03
59100,0.0787,-0.0693,0.9800,-1.084,1.771,0.000,-4.05,-4.05
59120,0.0712,-0.0601,0.9531,-0.290,1.573,-0.046,-3.61,-4.05
59140,0.0709,-0.0706,1.0292,0.229,1.985,-0.061,-3.92,-4.04
59160,0.0764,-0.0695,1.0734,-0.015,1.099,-0.046,-3.70,-4.03
59180,0.0714,-0.0660,1.0458,-0.305,0.534,0.122,-3.61,-4.03
59201,0.0592,-0.0808,0.9785,-0.443,0.153,0.198,-4.72,-4.05
59220,0.0514,-0.0701,0.9763,-0.382,0.443,0.107,-4.10,-4.06
59240,0.0491,-0.0757,1.0071,-0.626,0.473,0.107,-4.30,-4.08
59260,0.0488,-0.0624,0.9387,-0.321,0.076,0.137,-3.80,-4.08
59280,0.0497,-0.0656,0.8994,-0.473,0.840,0.168,-4.17,-4.09
59300,0.0458,-0.0544,0.9595,-0.718,1.573,0.092,-3.25,-4.09
59320,0.0425,-0.0566,0.9529,0.198,0.763,0.198,-3.40,-4.07
59340,0.0356,-0.0887,1.0348,0.321,1.374,0.198,-4.90,-4.08
59360,0.0200,-0.0869,1.0029,0.641,0.443,0.076,-4.95,-4.08
59380,0.0123,-0.0914,0.9536,0.809,1.191,-0.031,-5.48,-4.10
59400,0.0245,-0.0863,1.0216,0.229,1.863,-0.183,-4.83,-4.11
59420,0.0365,-0.0809,1.0396,-0.244,1.237,-0.366,-4.45,-4.12
59440,0.0194,-0.0740,1.0349,-0.931,1.450,-0.519,-4.09,-4.14
59460,0.0385,-0.0659,1.0165,-1.069,0.901,-0.473,-3.71,-4.15
59480,0.0502,-0.0739,0.9706,-1.221,0.153,-0.458,-4.35,-4.18
59500,0.0337,-0.0608,0.9487,-1.176,0.260,-0.382,-3.67,-4.19
59520,0.0248,-0.0635,0.9564,-0.519,0.046,-0.321,-3.80,-4.19
59540,0.0132,-0.0837,0.9694,-0.260,0.244,-0.382,-4.94,-4.21
59560,0.0061,-0.0697,0.9535,0.183,0.168,-0.534,-4.18,-4.21
59580,0.0168,-0.0781,0.9967,0.824,0.427,-0.183,-4.48,-4.20
59600,0.0143,-0.0869,1.0488,0.565,0.107,-0.321,-4.74,-4.20
59620,0.0071,-0.0801,1.0278,-0.137,-0.061,-0.122,-4.45,-4.20
59641,0.0236,-0.0753,1.0079,-0.382,-0.015,-0.168,-4.27,-4.21
59660,0.0072,-0.0686,0.9968,-0.153,0.305,-0.076,-3.94,-4.21
59680,0.0170,-0.0737,1.0135,-0.336,0.305,-0.137,-4.16,-4.22
59700,0.0166,-0.0632,0.9694,-0.611,-0.076,-0.183,-3.73,-4.22
59720,0.0135,-0.0475,0.9766,-0.260,0.321,-0.260,-2.78,-4.19
59740,0.0145,-0.0587,1.0243,0.031,0.489,-0.153,-3.28,-4.18
59760,0.0089,-0.0724,1.0176,0.092,0.015,-0.046,-4.07,-4.17
59780,0.0187,-0.0751,0.9878,-0.305,0.214,-0.046,-4.35,-4.18
59801,0.0107,-0.0680,0.9417,-0.061,0.305,-0.061,-4.13,-4.18
59820,0.0128,-0.0704,0.9840,0.122,1.221,0.000,-4.09,-4.18
59840,0.0035,-0.0662,0.9763,0.244,0.626,0.000,-3.88,-4.17
59860,0.0007,-0.0642,0.9730,0.137,1.115,-0.153,-3.78,-4.16
59880,-0.0028,-0.0684,1.0072,-0.229,1.542,-0.107,-3.88,-4.16
59900,-0.0182,-0.0565,0.9974,-0.672,1.069,-0.290,-3.24,-4.15
59921,-0.0348,-0.0542,0.9792,-0.748,1.115,-0.168,-3.17,-4.15
59940,-0.0454,-0.0444,0.9716,-0.015,1.145,-0.229,-2.62,-4.12
59960,-0.0535,-0.0597,1.0219,-0.046,1.786,-0.107,-3.34,-4.10
59980,-0.0496,-0.0580,0.9928,-0.214,1.053,0.061,-3.34,-4.09
60000,-0.0453,-0.0543,0.9647,-0.198,0.824,-0.137,-3.22,-4.08
60021,-0.0453,-0.0587,1.0040,0.092,0.947,-0.092,-3.35,-4.06
60040,-0.0436,-0.0607,1.0211,-0.046,0.290,-0.107,-3.40,-4.05
60060,-0.0475,-0.0607,1.0023,-0.031,0.061,-0.046,-3.46,-4.04
60080,-0.0518,-0.0571,0.9602,-0.290,0.015,0.046,-3.40,-4.03
60100,-0.0619,-0.0645,0.9890,-0.351,0.397,0.107,-3.73,-4.03
60120,-0.0552,-0.0599,0.9977,-0.611,0.382,-0.015,-3.44,-4.03
60140,-0.0656,-0.0464,0.9479,-0.397,0.015,-0.046,-2.80,-4.01
60160,-0.0621,-0.0603,0.9790,-0.305,0.962,-0.031,-3.52,-4.01
60180,-0.0612,-0.0591,1.0094,-0.122,0.672,-0.061,-3.35,-4.00
60200,-0.0575,-0.0608,0.9998,0.107,0.458,0.061,-3.48,-3.99
60239,-0.0656,-0.0570,0.9609,0.336,1.191,0.031,-3.40,-3.97
60243,-0.0670,-0.0514,0.9666,0.260,1.450,-0.046,-3.04,-3.94
60260,-0.0690,-0.0651,1.0037,-0.076,1.817,0.015,-3.71,-3.94
60280,-0.0634,-0.0575,0.9971,0.290,1.176,0.000,-3.30,-3.92
60300,-0.0616,-0.0565,1.0343,0.214,1.252,-0.092,-3.13,-3.90
60320,-0.0701,-0.0515,1.0643,-0.168,0.733,-0.153,-2.77,-3.88
60340,-0.0564,-0.0525,1.0469,-0.443,0.168,-0.076,-2.87,-3.87
60360,-0.0605,-0.0479,0.9812,-0.595,-0.611,-0.046,-2.79,-3.86
60380,-0.0734,-0.0476,0.9911,-0.122,-0.031,0.137,-2.75,-3.84
60400,-0.0928,-0.0500,1.0109,-0.153,-0.198,0.076,-2.83,-3.82
60420,-0.0953,-0.0477,0.9991,-0.244,-0.718,0.137,-2.73,-3.81
60440,-0.0963,-0.0448,0.9625,-0.290,-0.870,0.092,-2.66,-3.79
60460,-0.0859,-0.0369,0.9899,-0.076,-0.336,0.122,-2.13,-3.76
60480,-0.0891,-0.0457,1.0215,0.275,-0.534,0.153,-2.56,-3.73
60500,-0.0973,-0.0605,0.9728,0.366,-0.916,0.168,-3.56,-3.72
60520,-0.1042,-0.0503,0.9840,0.107,0.458,0.321,-2.93,-3.70
60540,-0.1073,-0.0511,0.9740,-0.305,0.870,0.458,-3.01,-3.69
60560,-0.1093,-0.0459,0.9525,-0.183,0.962,0.336,-2.76,-3.68
60580,-0.1185,-0.0410,0.9990,-0.076,1.893,0.168,-2.35,-3.65
60600,-0.1136,-0.0286,0.9696,0.137,1.267,0.183,-1.69,-3.61
60620,-0.1212,-0.0548,0.9916,0.244,1.832,0.153,-3.16,-3.60
60640,-0.1206,-0.0453,0.9587,0.305,1.649,0.046,-2.70,-3.57
60660,-0.1189,-0.0432,0.9036,0.840,1.740,0.153,-2.74,-3.54
60680,-0.1333,-0.0667,0.9771,0.977,2.779,0.214,-3.90,-3.53
60700,-0.1318,-0.0664,1.0267,-0.031,2.336,-0.015,-3.70,-3.53
60720,-0.1421,-0.0509,0.9806,-0.519,1.466,-0.122,-2.97,-3.53
60740,-0.1379,-0.0449,0.9658,-0.061,1.496,-0.107,-2.66,-3.52
60760,-0.1326,-0.0524,0.9746,0.519,1.206,-0.107,-3.08,-3.50
60780,-0.1477,-0.0518,1.0197,0.260,1.191,-0.214,-2.91,-3.48
60800,-0.1432,-0.0580,1.0216,0.458,0.183,-0.366,-3.25,-3.47
60820,-0.1510,-0.0731,1.0070,0.870,0.229,-0.458,-4.15,-3.46
60840,-0.1487,-0.0704,1.0060,0.305,-0.061,-0.550,-4.01,-3.47
60860,-0.1438,-0.0616,0.9586,0.611,-1.267,-0.580,-3.68,-3.46
60880,-0.1520,-0.0637,0.9967,0.733,-0.672,-0.519,-3.66,-3.45
60900,-0.1567,-0.0663,0.9661,0.611,-1.405,-0.687,-3.93,-3.45
60920,-0.1636,-0.0541,0.9497,-0.092,-0.305,-0.702,-3.26,-3.44
60940,-0.1675,-0.0280,0.9896,-0.427,0.214,-0.580,-1.62,-3.42
60960,-0.1539,-0.0446,0.9563,0.672,-0.275,-0.565,-2.67,-3.39
60980,-0.1820,-0.0557,0.9492,1.038,0.550,-0.489,-3.36,-3.37
61000,-0.1853,-0.0613,0.9529,1.634,0.794,-0.473,-3.68,-3.34
61020,-0.1792,-0.0670,0.9974,1.115,1.679,-0.427,-3.84,-3.33
61040,-0.1949,-0.0463,1.0150,0.641,1.527,-0.473,-2.61,-3.30
61060,-0.1768,-0.0505,1.0217,0.794,1.786,-0.321,-2.83,-3.28
61080,-0.1914,-0.0416,0.9659,1.099,1.405,-0.427,-2.47,-3.24
61100,-0.1786,-0.0460,1.0022,1.557,1.817,-0.397,-2.63,-3.20
61120,-0.2158,-0.0634,1.0504,0.733,1.374,-0.275,-3.45,-3.19
61140,-0.2239,-0.0341,1.0187,0.550,0.611,-0.443,-1.91,-3.15
61160,-0.2347,-0.0393,0.9351,0.656,0.046,-0.458,-2.41,-3.12
61180,-0.2418,-0.0270,0.9482,0.870,0.977,-0.473,-1.63,-3.08
61200,-0.2511,-0.0293,0.9639,1.099,0.687,-0.611,-1.74,-3.03
61220,-0.2854,-0.0439,1.0007,0.443,0.748,-0.397,-2.51,-3.01
61240,-0.3236,-0.0304,0.9674,-0.061,0.427,-0.519,-1.80,-2.99
61260,-0.3245,-0.0178,0.9453,0.107,1.053,-0.443,-1.08,-2.95
61280,-0.3303,-0.0261,0.9437,0.473,1.405,-0.458,-1.59,-2.91
61300,-0.3446,-0.0232,0.9210,0.733,1.084,-0.534,-1.44,-2.87
61320,-0.3567,-0.0363,0.9419,1.008,1.771,-0.611,-2.20,-2.83
61340,-0.3524,-0.0302,0.9792,1.176,1.924,-0.733,-1.76,-2.79
61360,-0.3490,-0.0278,0.9972,1.084,1.756,-0.565,-1.60,-2.74
61380,-0.3370,-0.0295,1.0007,0.427,1.832,-0.519,-1.69,-2.71
61400,-0.3488,-0.0206,0.9637,0.336,1.389,-0.565,-1.23,-2.68
61420,-0.3418,-0.0161,0.9835,0.718,1.771,-0.580,-0.94,-2.63
61440,-0.3549,-0.0245,0.9944,0.672,1.344,-0.550,-1.41,-2.59
61460,-0.3402,-0.0353,1.0144,0.397,0.885,-0.534,-1.99,-2.57
61480,-0.3447,-0.0244,0.9554,0.275,0.260,-0.550,-1.46,-2.54
61500,-0.3279,-0.0171,0.9889,0.260,0.763,-0.580,-0.99,-2.51
61520,-0.3263,-0.0131,0.9833,0.443,-0.061,-0.550,-0.76,-2.46
61540,-0.3243,-0.0294,0.9841,0.824,-0.214,-0.244,-1.71,-2.43
61579,-0.3323,-0.0270,1.0182,0.305,-0.092,-0.351,-1.52,-2.41
61583,-0.3276,-0.0289,1.0160,0.305,-0.351,-0.366,-1.63,-2.39
61600,-0.3236,-0.0238,0.9926,0.580,-0.519,-0.366,-1.37,-2.36
61620,-0.3372,-0.0360,0.9595,0.489,-0.870,-0.458,-2.15,-2.34
61640,-0.3352,-0.0179,0.9788,0.000,-0.427,-0.504,-1.05,-2.32
61660,-0.3270,-0.0105,1.0266,-0.290,-0.336,-0.458,-0.59,-2.29
61680,-0.3148,-0.0117,1.0024,0.153,-0.855,-0.305,-0.67,-2.25
61701,-0.3165,-0.0186,0.9923,0.183,-0.595,-0.168,-1.07,-2.23
61720,-0.3168,-0.0211,1.0189,-0.046,-0.534,-0.153,-1.19,-2.21
61740,-0.3126,-0.0126,0.9811,-0.229,-0.870,-0.168,-0.73,-2.18
61760,-0.3254,-0.0105,0.9377,0.382,-0.641,-0.244,-0.64,-2.14
61780,-0.3248,-0.0345,0.9880,0.183,0.092,-0.244,-2.00,-2.14
61800,-0.3303,-0.0245,0.9884,-0.412,-0.321,-0.473,-1.42,-2.13
61820,-0.3148,-0.0173,0.9954,-0.382,0.336,-0.336,-1.00,-2.11
61840,-0.3129,-0.0046,0.9709,0.214,-0.046,-0.168,-0.27,-2.07
61860,-0.3154,-0.0182,1.0293,0.305,0.473,-0.153,-1.01,-2.05
61880,-0.3180,-0.0155,1.0175,-0.046,-0.336,-0.061,-0.87,-2.02
61900,-0.3203,-0.0255,0.9865,-0.458,0.015,-0.107,-1.48,-2.02
61920,-0.3187,-0.0083,0.9834,-0.595,0.214,-0.183,-0.48,-2.00
61940,-0.3191,-0.0221,0.9689,-0.015,0.122,-0.275,-1.31,-1.99
61960,-0.3158,-0.0192,0.9921,-0.427,0.748,-0.260,-1.11,-1.98
61980,-0.3132,-0.0121,0.9569,-0.580,-0.137,-0.351,-0.72,-1.97
62000,-0.3162,-0.0156,0.9474,-0.397,0.504,-0.229,-0.94,-1.95
62020,-0.3152,-0.0269,0.9424,-0.107,0.397,-0.183,-1.63,-1.95
62040,-0.3145,-0.0167,0.9698,-0.595,0.641,-0.061,-0.99,-1.94
62060,-0.3127,-0.0110,0.9321,-0.534,0.412,-0.137,-0.68,-1.93
62080,-0.3196,-0.0132,0.9192,-0.214,0.977,-0.153,-0.82,-1.91
62100,-0.3229,-0.0199,0.9648,0.107,1.237,-0.122,-1.18,-1.89
62120,-0.3073,-0.0189,0.9874,0.473,1.084,-0.168,-1.10,-1.87
62140,-0.3199,-0.0330,0.9596,0.656,0.916,-0.137,-1.97,-1.86
62160,-0.3190,-0.0277,0.9873,0.336,1.221,-0.183,-1.61,-1.84
62181,-0.3065,-0.0210,0.9841,0.275,1.008,-0.305,-1.22,-1.83
62200,-0.3118,-0.0258,1.0222,0.092,1.191,-0.244,-1.44,-1.82
62220,-0.2988,-0.0208,1.0316,-0.305,0.748,-0.412,-1.15,-1.81
62240,-0.2926,-0.0139,0.9656,-0.427,0.183,-0.275,-0.83,-1.80
62260,-0.3083,-0.0133,0.9658,-0.458,0.824,-0.137,-0.79,-1.79
62280,-0.3081,-0.0237,1.0126,-0.519,0.504,-0.366,-1.34,-1.79
62300,-0.3024,-0.0138,0.9685,-0.580,-0.229,-0.290,-0.82,-1.78
62320,-0.2935,-0.0115,0.9375,-0.031,-0.137,-0.229,-0.70,-1.76
62340,-0.3037,-0.0283,0.9675,0.214,-0.275,-0.336,-1.68,-1.75
62360,-0.3142,-0.0302,0.9949,-0.015,-0.366,-0.336,-1.74,-1.75
62380,-0.2998,-0.0170,0.9678,-0.137,-0.534,-0.336,-1.00,-1.74
62400,-0.3064,-0.0145,0.9641,-0.015,-0.107,-0.351,-0.86,-1.72
62420,-0.3020,-0.0197,1.0088,-0.214,-0.076,-0.229,-1.12,-1.72
62440,-0.2915,-0.0153,0.9634,-0.183,-0.489,-0.137,-0.91,-1.70
62460,-0.3143,-0.0287,0.9562,-0.168,0.321,-0.092,-1.72,-1.71
62480,-0.3053,-0.0319,0.9873,-0.321,0.656,-0.168,-1.85,-1.72
62500,-0.2943,-0.0125,0.9554,-0.107,0.427,-0.122,-0.75,-1.70
62520,-0.3005,-0.0194,0.9495,0.092,1.053,-0.137,-1.17,-1.69
62540,-0.2970,-0.0302,0.9955,-0.061,1.252,-0.153,-1.73,-1.69
62560,-0.2969,-0.0179,0.9617,-0.321,0.641,-0.290,-1.07,-1.68
62580,-0.2931,-0.0182,0.9393,-0.015,1.053,-0.321,-1.11,-1.67
62600,-0.2870,-0.0222,0.9811,0.595,1.023,-0.275,-1.30,-1.65
62620,-0.2849,-0.0337,0.9943,0.947,0.504,-0.275,-1.94,-1.64
62640,-0.2788,-0.0322,0.9651,0.641,0.580,-0.168,-1.91,-1.63
62660,-0.2799,-0.0338,0.9708,0.290,0.916,-0.229,-1.99,-1.63
62680,-0.2808,-0.0376,1.0133,-0.198,0.962,-0.183,-2.12,-1.65
62700,-0.2725,-0.0220,0.9828,-0.153,0.473,-0.260,-1.28,-1.64
62720,-0.2654,-0.0148,0.9395,0.092,0.794,-0.244,-0.90,-1.63
62740,-0.2751,-0.0220,0.9373,0.626,0.824,-0.198,-1.34,-1.61
62760,-0.2753,-0.0332,0.9800,0.229,0.916,-0.351,-1.94,-1.61
62780,-0.2838,-0.0295,0.9800,-0.198,0.687,-0.305,-1.73,-1.62
62800,-0.2725,-0.0186,0.9915,-0.366,0.687,-0.382,-1.07,-1.61
62820,-0.2738,-0.0111,0.9917,-0.397,0.427,-0.260,-0.64,-1.60
62840,-0.2750,-0.0103,0.9794,-0.351,0.382,-0.336,-0.60,-1.59
62860,-0.2710,-0.0154,0.9951,-0.137,0.214,-0.168,-0.89,-1.58
62881,-0.2789,-0.0183,0.9938,0.061,-0.183,-0.015,-1.06,-1.57
62900,-0.2798,-0.0341,1.0051,-0.046,0.076,-0.107,-1.94,-1.57
62938,-0.2721,-0.0271,0.9589,0.397,0.000,-0.076,-1.62,-1.57
62942,-0.2740,-0.0269,0.9648,0.336,-0.061,-0.137,-1.59,-1.56
62960,-0.2737,-0.0344,0.9669,0.672,0.031,-0.198,-2.04,-1.56
62980,-0.2882,-0.0269,0.9742,0.397,0.107,-0.198,-1.58,-1.55
63000,-0.2789,-0.0266,0.9841,0.427,0.107,-0.366,-1.55,-1.54
63021,-0.2695,-0.0265,0.9689,0.534,-0.183,-0.153,-1.57,-1.53
63040,-0.2761,-0.0201,0.9575,0.473,0.031,-0.198,-1.21,-1.52
63060,-0.2826,-0.0144,0.9659,0.305,0.107,-0.305,-0.85,-1.50
63080,-0.2928,-0.0112,0.9692,0.076,0.183,-0.260,-0.66,-1.48
63100,-0.2992,-0.0126,0.9657,-0.107,0.351,-0.229,-0.75,-1.47
63120,-0.3063,-0.0090,0.9478,-0.137,0.656,-0.290,-0.55,-1.45
63140,-0.3134,-0.0088,0.9521,0.061,0.916,-0.244,-0.53,-1.43
63161,-0.3109,-0.0170,0.9685,0.443,1.008,-0.305,-1.00,-1.41
63180,-0.3246,-0.0203,0.9814,0.595,1.099,-0.275,-1.18,-1.40
63200,-0.3234,-0.0294,1.0162,0.443,1.328,-0.351,-1.66,-1.39
63220,-0.3384,-0.0282,1.0133,-0.076,1.145,-0.473,-1.59,-1.40
63240,-0.3335,-0.0182,1.0079,-0.214,0.962,-0.366,-1.03,-1.40
63260,-0.3314,-0.0083,1.0096,-0.244,0.702,-0.305,-0.47,-1.38
63280,-0.3323,-0.0181,1.0085,-0.168,0.519,-0.305,-1.03,-1.38
63300,-0.3407,-0.0077,1.0137,-0.382,0.260,-0.244,-0.43,-1.37
63320,-0.3375,-0.0132,1.0022,-0.183,-0.031,-0.198,-0.75,-1.36
63340,-0.3514,-0.0145,0.9995,-0.260,0.000,-0.244,-0.83,-1.35
63360,-0.3536,-0.0161,1.0065,-0.580,-0.168,-0.214,-0.92,-1.36
63380,-0.3606,-0.0214,1.0000,-0.626,-0.519,-0.290,-1.22,-1.37
63400,-0.3577,-0.0133,0.9678,-0.351,-1.069,-0.305,-0.79,-1.36
63420,-0.3695,-0.0145,0.9478,-0.046,-0.656,-0.351,-0.88,-1.35
63440,-0.3662,-0.0146,0.9561,0.168,-0.641,-0.427,-0.88,-1.34
63460,-0.3690,-0.0194,0.9465,0.275,-0.626,-0.321,-1.17,-1.33
63480,-0.3827,-0.0187,0.9347,0.015,-0.595,-0.519,-1.14,-1.33
63500,-0.3821,-0.0112,0.9470,0.046,-0.427,-0.427,-0.68,-1.31
63520,-0.3934,-0.0063,0.9664,0.046,-0.336,-0.427,-0.38,-1.29
63540,-0.3887,-0.0068,0.9769,-0.275,-0.107,-0.504,-0.40,-1.28
63560,-0.3900,-0.0059,0.9696,-0.580,0.092,-0.458,-0.35,-1.27
63580,-0.3927,0.0018,0.9692,-0.840,0.290,-0.336,0.11,-1.26
63600,-0.3949,0.0012,0.9763,-0.580,0.565,-0.305,0.07,-1.25
63621,-0.3923,0.0009,0.9761,-0.504,0.595,-0.351,0.05,-1.23
63640,-0.3920,-0.0011,0.9873,-0.473,0.733,-0.458,-0.06,-1.22
63661,-0.3921,-0.0137,0.9884,-0.092,0.641,-0.458,-0.79,-1.21
63680,-0.3947,-0.0150,0.9928,-0.046,0.672,-0.382,-0.87,-1.20
63700,-0.3970,-0.0125,0.9987,0.015,0.641,-0.519,-0.71,-1.19
63720,-0.3872,-0.0155,1.0046,0.076,0.595,-0.427,-0.88,-1.19
63740,-0.3862,-0.0149,1.0063,-0.092,0.382,-0.565,-0.85,-1.18
63760,-0.3843,-0.0176,1.0077,-0.290,0.473,-0.565,-1.00,-1.18
63780,-0.3727,-0.0134,0.9874,-0.290,0.168,-0.595,-0.78,-1.18
63800,-0.3743,-0.0062,0.9790,-0.473,0.198,-0.489,-0.36,-1.17
63820,-0.3748,-0.0026,0.9862,-0.794,0.244,-0.458,-0.15,-1.17
63840,-0.3669,-0.0033,0.9673,-0.931,-0.244,-0.443,-0.20,-1.17
63860,-0.3785,-0.0020,0.9514,-0.962,0.000,-0.305,-0.12,-1.17
63880,-0.3657,-0.0022,0.9515,-0.947,0.137,-0.244,-0.13,-1.16
63901,-0.3640,-0.0061,0.9542,-0.702,-0.015,-0.168,-0.37,-1.16
63920,-0.3676,-0.0146,0.9586,-0.855,-0.092,-0.244,-0.88,-1.17
63940,-0.3625,-0.0134,0.9646,-1.038,-0.137,-0.321,-0.80,-1.19
63960,-0.3562,-0.0103,0.9573,-0.977,0.015,-0.458,-0.61,-1.19
63980,-0.3428,-0.0178,0.9591,-0.809,0.000,-0.351,-1.06,-1.21
64000,-0.3301,-0.0168,0.9729,-0.702,-0.031,-0.397,-0.99,-1.22
64020,-0.3135,-0.0205,0.9719,-0.626,-0.076,-0.443,-1.21,-1.23
64040,-0.3055,-0.0154,0.9597,-0.366,-0.107,-0.382,-0.92,-1.23
64060,-0.2821,-0.0295,0.9670,-0.229,0.229,-0.260,-1.75,-1.24
64080,-0.2715,-0.0355,0.9840,-0.244,0.137,-0.244,-2.07,-1.26
64100,-0.2700,-0.0305,1.0237,-0.076,-0.092,-0.305,-1.71,-1.28
64120,-0.2395,-0.0375,1.0428,0.260,-0.733,-0.260,-2.06,-1.29
64140,-0.2246,-0.0405,1.0101,0.504,-1.267,-0.321,-2.30,-1.30
64160,-0.2003,-0.0386,1.0073,0.046,-1.115,-0.397,-2.19,-1.31
64180,-0.1722,-0.0416,1.0065,-0.351,-1.145,-0.305,-2.37,-1.34
64200,-0.1650,-0.0272,1.0017,-0.809,-0.885,-0.198,-1.56,-1.36
64220,-0.1642,-0.0195,1.0005,-1.206,-0.595,-0.198,-1.12,-1.38
64240,-0.1647,-0.0133,0.9929,-1.374,-0.580,-0.153,-0.77,-1.39
64279,-0.1691,-0.0197,0.9719,-1.450,-0.061,-0.122,-1.16,-1.42
64283,-0.1702,-0.0212,0.9707,-1.496,-0.122,-0.183,-1.25,-1.44
64300,-0.1655,-0.0212,0.9607,-1.557,0.198,-0.046,-1.27,-1.47
64320,-0.1694,-0.0256,0.9556,-1.496,0.290,-0.214,-1.54,-1.50
64340,-0.1663,-0.0339,0.9701,-1.603,0.595,-0.168,-2.00,-1.54
64360,-0.1664,-0.0331,0.9607,-1.557,0.443,-0.107,-1.97,-1.58
64380,-0.1666,-0.0387,0.9739,-1.389,0.687,-0.290,-2.28,-1.62
64400,-0.1672,-0.0398,0.9878,-1.115,0.626,-0.244,-2.31,-1.66
64420,-0.1704,-0.0491,1.0012,-0.916,0.504,-0.122,-2.81,-1.70
64440,-0.1659,-0.0513,0.9905,-0.901,0.168,-0.229,-2.96,-1.74
64460,-0.1628,-0.0494,0.9829,-0.809,0.061,-0.198,-2.88,-1.78
64480,-0.1606,-0.0511,0.9680,-0.656,-0.061,-0.229,-3.02,-1.82
64500,-0.1716,-0.0465,0.9526,-0.534,-0.092,-0.168,-2.80,-1.85
64520,-0.1583,-0.0454,0.9655,-0.321,-0.061,-0.214,-2.69,-1.87
64541,-0.1644,-0.0439,0.9514,-0.153,-0.061,-0.153,-2.64,-1.89
64560,-0.1517,-0.0486,0.9630,-0.198,0.198,-0.168,-2.89,-1.91
64580,-0.1611,-0.0419,0.9565,-0.168,0.137,-0.046,-2.51,-1.93
64600,-0.1699,-0.0320,0.9709,-0.076,0.382,-0.107,-1.89,-1.93
64620,-0.1705,-0.0367,0.9874,0.534,0.519,0.061,-2.13,-1.92
64640,-0.1646,-0.0454,1.0045,0.779,0.718,0.076,-2.59,-1.92
64660,-0.1644,-0.0507,0.9999,0.656,0.779,0.046,-2.90,-1.93
64680,-0.1578,-0.0505,1.0009,0.351,0.962,0.046,-2.89,-1.94
64700,-0.1643,-0.0443,0.9968,-0.260,0.992,-0.076,-2.55,-1.96
64720,-0.1613,-0.0363,0.9871,-0.656,0.947,-0.214,-2.10,-1.97
64740,-0.1565,-0.0276,0.9811,-0.809,0.779,-0.229,-1.61,-1.98
64760,-0.1589,-0.0238,0.9745,-0.626,0.855,-0.168,-1.40,-1.98
64780,-0.1486,-0.0226,0.9762,-0.504,0.809,-0.366,-1.33,-1.98
64800,-0.1440,-0.0275,0.9752,-0.336,0.855,-0.305,-1.61,-1.98
64820,-0.1401,-0.0347,0.9718,-0.519,0.962,-0.260,-2.04,-1.99
64840,-0.1360,-0.0453,0.9673,-0.626,0.901,-0.382,-2.68,-2.02
64860,-0.1298,-0.0472,0.9738,-0.916,1.069,-0.260,-2.78,-2.05
64880,-0.1361,-0.0470,0.9691,-1.130,1.160,-0.198,-2.78,-2.09
64900,-0.1244,-0.0507,0.9690,-1.191,1.176,-0.122,-2.99,-2.13
64920,-0.1342,-0.0480,0.9735,-0.901,1.130,-0.137,-2.82,-2.16
64940,-0.1182,-0.0519,0.9911,-0.687,1.008,-0.107,-3.00,-2.19
64961,-0.1226,-0.0515,0.9781,-0.366,0.855,-0.214,-3.01,-2.21
64980,-0.1249,-0.0551,0.9882,-0.107,1.374,-0.122,-3.19,-2.24
65000,-0.1156,-0.0546,1.0079,-0.137,1.282,-0.168,-3.10,-2.26
65020,-0.1140,-0.0491,1.0131,0.031,1.221,-0.046,-2.77,-2.26
65040,-0.1080,-0.0514,1.0176,0.336,0.992,0.015,-2.89,-2.27
65060,-0.0880,-0.0552,0.9968,0.687,0.763,0.107,-3.17,-2.28
65080,-0.0947,-0.0521,0.9512,1.084,0.504,0.122,-3.14,-2.27
65100,-0.0850,-0.0533,0.9799,1.359,0.733,0.107,-3.12,-2.26
65120,-0.1530,-0.0579,1.1238,1.206,0.748,0.092,-2.95,-2.25
65140,-0.1327,-0.0709,1.2599,0.550,-0.794,-0.046,-3.22,-2.26
65160,-0.0677,-0.0759,1.2632,-0.336,-3.282,-0.153,-3.44,-2.29
65180,-0.0947,-0.0475,1.1624,-1.573,-4.565,-0.153,-2.34,-2.32
65200,-0.0991,-0.0336,1.1528,-2.748,-4.458,-0.183,-1.67,-2.36
65220,-0.0887,-0.0057,1.1904,-3.450,-5.252,-0.168,-0.28,-2.39
65240,-0.1046,0.0126,1.2091,-3.557,-6.489,-0.122,0.60,-2.40
65260,-0.0873,-0.0062,1.2188,-3.466,-7.878,0.122,-0.29,-2.42
65280,-0.0911,-0.0219,1.2046,-3.405,-9.130,0.122,-1.04,-2.46
65300,-0.1006,-0.0308,1.1914,-4.031,-10.137,-0.076,-1.48,-2.52
65320,-0.0742,-0.0414,1.1420,-4.763,-11.145,0.153,-2.08,-2.61
65340,-0.0602,-0.0560,1.0442,-5.084,-11.542,0.153,-3.07,-2.72
65360,-0.0688,-0.0559,0.9640,-5.359,-11.221,0.137,-3.32,-2.83
65380,-0.0087,-0.0703,0.9022,-5.160,-10.748,0.061,-4.46,-2.97
65400,-0.0018,-0.0802,0.7980,-4.458,-10.076,0.122,-5.74,-3.11
65420,-0.0219,-0.0739,0.7076,-3.389,-8.580,0.122,-5.96,-3.23
65440,0.0095,-0.0776,0.6747,-2.031,-6.626,0.183,-6.56,-3.34
65460,-0.0082,-0.0782,0.6830,-0.214,-5.008,0.244,-6.54,-3.41
65480,0.0050,-0.1078,0.7487,1.053,-3.939,0.244,-8.19,-3.48
65501,0.0378,-0.1154,0.7225,1.817,-3.847,0.229,-9.07,-3.56
65520,0.0256,-0.1102,0.6830,2.260,-2.092,0.305,-9.17,-3.63
65540,0.0436,-0.1012,0.7306,2.473,-0.427,0.473,-7.89,-3.66
65560,0.0505,-0.1013,0.7701,2.702,0.153,0.458,-7.49,-3.69
65580,0.0416,-0.0934,0.8214,2.641,1.252,0.641,-6.49,-3.69
65619,0.0592,-0.0669,0.9199,1.847,2.092,0.489,-4.16,-3.66
65623,0.0511,-0.0626,0.9186,1.924,2.122,0.504,-3.90,-3.63
65640,0.0519,-0.0481,0.9218,1.908,2.076,0.427,-2.99,-3.58
65660,0.0581,-0.0359,0.9342,2.198,2.275,0.412,-2.20,-3.51
65680,0.0642,-0.0471,0.9707,2.122,2.382,0.229,-2.78,-3.45
65700,0.0299,-0.0516,1.0204,1.924,2.214,0.198,-2.90,-3.41
65720,-0.0092,-0.0548,1.0469,1.603,2.550,-0.046,-3.00,-3.37
65740,-0.0104,-0.0604,1.0735,1.099,4.107,-0.046,-3.22,-3.34
65761,-0.0063,-0.0695,1.1182,0.534,5.710,-0.351,-3.55,-3.34
65780,0.0111,-0.0658,1.1544,-0.504,6.550,-0.504,-3.26,-3.34
65800,-0.0092,-0.0370,1.1705,-1.191,7.420,-0.595,-1.81,-3.34
65820,-0.0320,-0.0275,1.1825,-1.969,8.473,-0.656,-1.33,-3.33
65840,-0.0471,-0.0197,1.1617,-1.985,9.206,-0.550,-0.97,-3.33
65860,-0.0493,-0.0311,1.1802,-1.725,10.840,-0.611,-1.51,-3.32
65880,-0.0577,-0.0383,1.1785,-2.061,12.015,-0.641,-1.86,-3.34
65900,-0.0594,-0.0465,1.1906,-2.229,12.916,-0.580,-2.24,-3.36
65920,-0.0195,-0.0587,1.1671,-2.153,12.840,-0.626,-2.88,-3.39
65940,-0.0171,-0.0437,1.1219,-1.847,12.534,-0.504,-2.23,-3.40
65960,-0.0029,-0.0768,1.1210,-1.695,12.275,-0.565,-3.92,-3.45
65980,0.0269,-0.0925,1.0951,-1.237,10.244,-0.427,-4.83,-3.50
66000,0.0452,-0.0844,1.0227,-1.282,7.542,-0.137,-4.71,-3.55
66021,0.0497,-0.0891,0.9158,-0.351,4.473,0.076,-5.56,-3.59
66040,0.0551,-0.1071,0.8633,0.565,2.473,0.275,-7.07,-3.65
66060,0.0338,-0.1177,0.8363,1.053,0.504,0.519,-8.01,-3.72
66080,0.0190,-0.1024,0.8110,1.511,-0.733,0.626,-7.20,-3.76
66100,0.0441,-0.1075,0.7988,1.481,-1.603,0.718,-7.67,-3.81
66120,0.0192,-0.0944,0.7684,1.985,-3.099,0.458,-7.00,-3.83
66140,0.0267,-0.0819,0.8030,2.504,-3.603,0.534,-5.82,-3.82
66160,0.0336,-0.0863,0.8048,2.855,-4.901,0.382,-6.12,-3.81
66180,0.0203,-0.0878,0.8015,2.595,-5.282,0.168,-6.25,-3.81
66200,0.0270,-0.0692,0.7880,2.489,-4.916,-0.122,-5.02,-3.79
66220,0.0405,-0.0452,0.8057,2.137,-4.290,-0.122,-3.21,-3.73
66240,0.0056,-0.0538,0.8837,1.527,-3.038,-0.229,-3.49,-3.70
66260,0.0338,-0.0417,0.9738,0.779,-2.687,-0.275,-2.45,-3.66
66280,0.0331,-0.0286,0.9745,-0.137,-2.336,-0.198,-1.68,-3.62
66300,0.0286,-0.0421,0.9781,-1.053,-1.313,-0.183,-2.47,-3.62
66320,0.0315,-0.0435,1.0137,-1.786,-0.275,-0.061,-2.45,-3.63
66340,0.0311,-0.0435,1.0145,-1.802,0.275,-0.015,-2.45,-3.64
66360,0.0330,-0.0488,1.0063,-1.924,1.405,0.137,-2.78,-3.66
66380,0.0315,-0.0428,1.0022,-1.527,2.198,0.122,-2.45,-3.67
66400,0.0400,-0.0658,1.0486,-0.473,3.389,0.107,-3.59,-3.68
66420,0.0378,-0.0951,1.0615,-0.015,3.863,-0.031,-5.12,-3.71
66440,0.0530,-0.0946,1.0747,0.107,4.168,-0.168,-5.03,-3.73
66460,0.0347,-0.0826,1.0851,0.305,4.412,-0.198,-4.36,-3.74
66480,0.0585,-0.0684,1.0876,0.870,4.519,-0.137,-3.60,-3.72
66500,0.0518,-0.0883,1.0955,1.237,4.366,0.031,-4.61,-3.71
66520,0.0511,-0.0945,1.1320,0.901,4.168,0.107,-4.77,-3.71
66540,0.0392,-0.0800,1.1136,0.550,3.634,0.122,-4.11,-3.71
66560,0.0580,-0.0712,1.0966,0.656,3.344,0.260,-3.71,-3.70
66580,0.0840,-0.0830,1.0819,0.901,2.504,0.107,-4.39,-3.69
66600,0.0804,-0.0720,1.0496,0.718,1.817,0.137,-3.93,-3.68
66620,0.0936,-0.0687,1.0527,0.244,1.053,-0.046,-3.74,-3.68
66640,0.1067,-0.0693,1.0258,-0.076,-0.305,-0.153,-3.87,-3.69
66660,0.0862,-0.0510,0.9968,-0.382,-0.748,-0.336,-2.93,-3.68
66680,0.0961,-0.0548,0.9851,-0.779,-1.313,-0.290,-3.18,-3.68
66700,0.1013,-0.0645,0.9784,-0.901,-1.649,-0.153,-3.77,-3.70
66720,0.0956,-0.0597,0.9714,-0.947,-1.893,0.076,-3.52,-3.72
66740,0.1129,-0.0616,0.9667,-1.130,-2.641,0.015,-3.65,-3.74
66760,0.0835,-0.0812,0.9749,-1.252,-2.992,0.107,-4.76,-3.78
66780,0.0975,-0.0714,0.9935,-1.969,-3.191,0.153,-4.11,-3.83
66800,0.0845,-0.0654,0.9744,-2.672,-3.130,0.000,-3.84,-3.88
66820,0.1021,-0.0707,0.9417,-2.779,-2.870,0.000,-4.29,-3.94
66840,0.0879,-0.0675,0.8842,-2.565,-2.733,-0.031,-4.37,-4.00
66860,0.0972,-0.0623,0.8759,-1.649,-1.634,-0.137,-4.07,-4.04
66880,0.0983,-0.0586,0.8528,0.076,-1.481,-0.076,-3.93,-4.03
66900,0.0972,-0.0720,0.8103,1.817,-0.992,0.015,-5.08,-4.02
66920,0.0586,-0.0773,0.7810,3.634,-0.366,0.183,-5.65,-3.98
66940,0.0503,-0.1316,0.9579,3.863,2.321,0.244,-7.82,-3.98
66979,0.0704,-0.0969,1.0647,1.435,0.366,0.260,-5.20,-3.98
66983,0.0601,-0.1161,1.0607,1.542,0.656,0.351,-6.25,-3.99
67000,0.0369,-0.0972,1.0474,0.443,0.855,0.336,-5.30,-4.01
67020,0.0634,-0.0779,1.0842,-0.122,0.824,0.229,-4.11,-4.01
67040,-0.0016,-0.0599,1.1646,-2.092,1.282,0.061,-2.95,-4.03
67061,0.0717,-0.0366,1.2556,-3.634,0.198,-0.244,-1.67,-4.06
67080,0.0829,-0.0010,1.1301,-4.122,-1.206,-0.275,-0.05,-4.06
67100,0.0442,-0.0090,1.0363,-5.282,-0.321,-0.504,-0.50,-4.09
67120,0.0576,-0.0269,1.0492,-5.252,0.046,-0.611,-1.47,-4.14
67140,0.0577,-0.0342,0.9839,-4.366,-0.504,-0.870,-1.99,-4.18
67160,0.0453,-0.0599,0.9434,-3.756,0.305,-0.824,-3.64,-4.25
67180,0.0493,-0.0859,0.9233,-2.504,0.443,-1.008,-5.32,-4.32
67200,0.0549,-0.1041,0.9202,-1.221,0.840,-1.008,-6.46,-4.38
67220,0.0447,-0.1355,0.9658,-0.321,1.649,-0.855,-7.99,-4.46
67240,0.0518,-0.1351,0.9746,0.397,1.664,-0.794,-7.89,-4.52
67260,0.0563,-0.1265,0.9473,0.809,1.802,-0.412,-7.60,-4.57
67280,0.0524,-0.1213,0.9402,1.405,2.244,-0.336,-7.35,-4.60
67300,0.0793,-0.1121,0.9604,2.275,2.351,-0.092,-6.65,-4.59
67320,0.0681,-0.0875,0.9586,2.840,1.695,0.076,-5.22,-4.55
67340,0.0862,-0.0868,0.9567,3.740,0.855,0.504,-5.18,-4.49
67360,0.0646,-0.1146,0.9359,4.260,0.366,0.489,-6.98,-4.46
67380,0.0741,-0.1123,0.9210,4.275,-1.145,0.458,-6.95,-4.42
67400,0.0542,-0.1029,0.9834,3.863,-1.664,0.107,-5.97,-4.38
67421,0.0424,-0.0847,1.0219,3.282,-1.420,0.168,-4.74,-4.32
67440,0.0372,-0.0635,0.9998,2.687,-1.023,-0.137,-3.63,-4.25
67460,0.0513,-0.0381,1.0333,1.359,-0.855,-0.397,-2.11,-4.18
67480,0.0262,-0.0631,1.0452,0.214,-0.702,-0.718,-3.46,-4.17
67500,0.0146,-0.0470,1.0577,-1.252,0.779,-1.130,-2.54,-4.16
67520,0.0171,-0.0308,1.1160,-3.405,2.718,-1.359,-1.58,-4.17
67540,0.0522,-0.0068,1.0149,-4.336,0.748,-1.863,-0.39,-4.18
67561,0.0343,-0.0062,1.0460,-4.779,3.237,-1.389,-0.34,-4.20
67580,0.0387,-0.0122,1.0208,-4.336,2.092,-1.527,-0.69,-4.21
67600,0.0811,-0.0364,1.0398,-3.481,2.305,-1.115,-2.00,-4.24
67620,0.0361,-0.0544,0.9698,-2.519,1.008,-0.809,-3.21,-4.27
67640,0.0604,-0.1000,1.0173,-1.863,1.542,-0.412,-5.61,-4.33
67660,0.0485,-0.0992,0.9854,-0.947,0.321,0.076,-5.75,-4.38
67680,0.0509,-0.1278,1.0110,-0.473,-0.015,0.275,-7.21,-4.44
67700,0.0446,-0.1418,1.0072,0.076,-1.359,0.580,-8.02,-4.51
67720,0.0354,-0.1295,0.9796,0.840,-1.679,0.458,-7.53,-4.56
67740,0.0106,-0.1249,1.0059,0.870,-2.000,0.489,-7.08,-4.59
67760,0.0150,-0.0984,0.9998,0.962,-2.870,0.351,-5.62,-4.59
67780,0.0090,-0.0787,0.9996,0.901,-2.519,0.260,-4.50,-4.57
67800,-0.0026,-0.0763,0.9797,0.260,-2.397,0.122,-4.45,-4.56
67820,-0.0115,-0.0284,0.9135,0.214,-2.580,-0.214,-1.78,-4.51
67840,-0.0176,-0.0308,0.8948,0.840,-1.603,-0.336,-1.97,-4.44
67860,-0.0297,-0.0480,0.8885,1.252,-0.855,-0.336,-3.09,-4.39
67880,-0.0377,-0.0471,0.8865,1.237,-0.107,-0.427,-3.04,-4.34
67900,-0.0393,-0.0623,0.9028,1.740,0.870,-0.672,-3.94,-4.29
67920,-0.0475,-0.0681,0.9100,1.634,1.740,-0.519,-4.28,-4.26
67940,-0.0427,-0.0758,0.9142,1.313,2.275,-0.519,-4.74,-4.24
67960,-0.0449,-0.0724,0.9110,0.931,3.130,-0.351,-4.54,-4.23
67980,-0.0376,-0.0754,0.9011,1.313,3.756,-0.260,-4.79,-4.22
68000,-0.0565,-0.0715,0.9419,1.282,4.794,-0.153,-4.34,-4.20
68020,-0.0684,-0.0605,0.9932,1.008,4.595,-0.168,-3.49,-4.16
68040,-0.0536,-0.0544,1.0394,0.855,4.901,-0.015,-3.00,-4.12
68060,-0.0723,-0.0491,1.0420,0.687,4.565,0.000,-2.70,-4.08
68080,-0.0913,-0.0393,1.0116,0.611,4.046,-0.198,-2.23,-4.03
68100,-0.0780,-0.0537,1.0508,0.626,4.198,-0.290,-2.93,-4.00
68120,-0.1002,-0.0530,1.0681,0.473,3.786,-0.214,-2.84,-3.96
68140,-0.0781,-0.0547,1.0945,-0.107,3.649,-0.275,-2.86,-3.94
68160,-0.0928,-0.0554,1.0870,-0.840,2.901,-0.473,-2.92,-3.94
68180,-0.0886,-0.0391,1.0896,-1.145,2.733,-0.504,-2.05,-3.92
68200,-0.0801,-0.0365,1.0719,-1.069,2.305,-0.550,-1.95,-3.91
68220,-0.0874,-0.0369,1.0557,-0.947,1.878,-0.565,-2.00,-3.89
68240,-0.0776,-0.0343,1.0297,-1.069,0.916,-0.565,-1.91,-3.87
68260,-0.0763,-0.0374,0.9604,-0.565,0.305,-0.458,-2.23,-3.85
68280,-0.0824,-0.0518,0.9420,0.015,0.489,-0.382,-3.14,-3.83
68300,-0.0874,-0.0459,0.9612,0.962,-0.504,-0.137,-2.73,-3.79
68320,-0.0746,-0.0739,0.9862,1.588,-1.191,0.015,-4.28,-3.77
68358,-0.0769,-0.0723,0.9658,1.252,-2.015,0.305,-4.28,-3.76
68362,-0.0803,-0.0682,0.9729,1.496,-2.153,0.443,-4.01,-3.73
68380,-0.0754,-0.0696,0.9333,1.511,-2.641,0.427,-4.26,-3.71
68400,-0.0867,-0.0649,0.9105,1.573,-2.733,0.397,-4.08,-3.69
68420,-0.0961,-0.0490,0.9359,1.221,-2.916,0.397,-2.99,-3.65
68440,-0.1205,-0.0513,0.9465,1.420,-3.282,0.351,-3.10,-3.61
68460,-0.0975,-0.0511,0.9399,1.618,-3.145,0.214,-3.11,-3.57
68480,-0.1179,-0.0188,0.9009,2.153,-2.763,0.031,-1.20,-3.48
68501,-0.1089,-0.0352,0.9634,2.137,-1.282,0.000,-2.09,-3.41
68520,-0.1198,-0.0361,0.9944,1.863,-1.405,-0.153,-2.08,-3.35
68540,-0.1039,-0.0431,1.0178,1.313,-0.504,-0.214,-2.42,-3.30
68560,-0.1078,-0.0479,1.0093,0.519,-0.122,-0.244,-2.71,-3.28
68580,-0.0878,-0.0369,1.0267,-0.198,0.641,-0.290,-2.06,-3.26
68600,-0.0981,-0.0247,1.0413,-0.473,1.038,-0.366,-1.36,-3.23
68621,-0.0819,-0.0265,1.0262,-0.305,1.313,-0.107,-1.48,-3.20
68640,-0.0895,-0.0437,1.0215,-0.153,2.031,-0.153,-2.45,-3.19
68660,-0.0769,-0.0380,1.0479,-0.779,2.443,-0.076,-2.07,-3.18
68680,-0.0641,-0.0286,1.0287,-0.748,1.908,0.153,-1.59,-3.17
68700,-0.0616,-0.0341,1.0376,-0.244,1.664,0.305,-1.88,-3.15
68720,-0.0649,-0.0281,1.0244,0.504,1.389,0.366,-1.57,-3.10
68740,-0.0592,-0.0618,1.0051,0.855,1.237,0.305,-3.52,-3.10
68760,-0.0901,-0.0719,1.0118,0.412,0.885,0.351,-4.06,-3.11
68780,-0.0634,-0.0505,1.0336,-0.046,0.809,0.336,-2.80,-3.10
68800,-0.0585,-0.0524,0.9735,-0.107,0.305,0.244,-3.08,-3.10
68820,-0.0834,-0.0476,0.9639,-0.397,0.260,0.168,-2.83,-3.11
68840,-0.0902,-0.0272,0.9670,0.137,0.214,0.260,-1.61,-3.07
68860,-0.0731,-0.0182,0.9709,1.023,0.122,0.229,-1.07,-3.01
68880,-0.0881,-0.0424,0.9944,0.779,0.351,0.260,-2.44,-2.99
68900,-0.0785,-0.0289,1.0074,0.122,-0.275,0.305,-1.64,-2.96
68920,-0.0868,-0.0002,0.9824,-0.031,-0.641,0.427,-0.01,-2.90
68940,-0.0952,-0.0229,1.0287,-0.031,-0.031,0.656,-1.28,-2.87
68960,-0.0950,-0.0381,1.0176,-0.427,-0.840,0.534,-2.14,-2.86
68980,-0.0568,-0.0179,0.9984,-1.221,-0.824,0.611,-1.03,-2.85
69000,-0.0886,-0.0050,0.9678,-1.389,-0.458,0.809,-0.30,-2.82
69020,-0.0873,-0.0020,0.9874,-1.420,-0.412,0.855,-0.11,-2.80
69040,-0.0760,0.0039,0.9597,-1.099,-0.931,0.992,0.23,-2.76
69060,-0.0966,-0.0166,0.9980,-0.962,0.015,1.145,-0.95,-2.74
69080,-0.0759,-0.0286,1.0231,-1.191,-0.336,1.282,-1.60,-2.74
69100,-0.0868,-0.0272,0.9719,-1.160,-0.748,1.298,-1.60,-2.74
69120,-0.0914,-0.0322,0.9982,-1.160,-0.198,1.252,-1.85,-2.75
69140,-0.0986,-0.0369,1.0145,-1.008,-0.840,1.298,-2.08,-2.75
69160,-0.1052,-0.0441,0.9989,-0.534,-0.580,1.176,-2.53,-2.76
69180,-0.1046,-0.0347,1.0021,-0.824,-0.458,1.130,-1.98,-2.76
69200,-0.0953,-0.0540,0.9924,-1.023,-0.214,1.176,-3.11,-2.79
69220,-0.1171,-0.0676,0.9962,-1.481,0.046,1.145,-3.88,-2.84
69240,-0.0872,-0.0513,1.0377,-2.031,0.092,0.748,-2.83,-2.88
69260,-0.1168,-0.0430,1.0127,-2.122,-0.183,0.794,-2.43,-2.91
69280,-0.0991,-0.0337,1.0356,-1.817,0.031,0.779,-1.86,-2.93
69300,-0.0928,-0.0416,1.0046,-1.802,-0.626,0.519,-2.37,-2.95
69320,-0.0947,-0.0679,1.0010,-2.092,-0.168,0.168,-3.88,-3.01
69340,-0.1001,-0.0702,1.0264,-2.412,-0.092,0.153,-3.91,-3.07
69360,-0.0818,-0.0557,0.9648,-2.382,-1.069,-0.107,-3.30,-3.13
69380,-0.0804,-0.0538,0.9785,-2.214,-0.107,0.046,-3.15,-3.17
69400,-0.0846,-0.0479,1.0112,-1.908,-0.153,0.015,-2.71,-3.20
69420,-0.0638,-0.0520,0.9877,-1.908,-0.366,-0.076,-3.01,-3.23
69440,-0.0643,-0.0741,0.8962,-2.412,-0.122,0.015,-4.73,-3.31
69460,-0.0656,-0.0569,0.8715,-2.534,1.160,-0.015,-3.73,-3.37
69480,-0.0741,-0.0450,0.9829,-2.076,2.168,0.015,-2.62,-3.39
69500,-0.0560,-0.0558,1.0046,-0.992,0.931,0.305,-3.18,-3.41
69520,-0.0732,-0.0612,0.9786,0.458,0.702,0.183,-3.58,-3.40
69540,-0.0200,-0.0853,0.9126,1.817,0.275,0.275,-5.34,-3.41
69560,-0.0500,-0.0841,0.7512,2.656,0.229,0.275,-6.39,-3.41
69580,-0.0680,-0.0984,0.6630,4.168,2.519,0.122,-8.44,-3.43
69600,-0.0563,-0.0985,0.6841,5.023,4.885,0.168,-8.19,-3.43
69620,-0.0508,-0.0786,0.7767,4.977,7.145,0.000,-5.78,-3.38
69640,-0.0509,-0.0629,0.7556,5.847,7.435,0.076,-4.76,-3.29
69660,-0.0120,-0.0920,0.8007,6.580,9.099,0.198,-6.56,-3.23
69680,-0.0231,-0.0840,0.7979,6.672,9.557,0.015,-6.01,-3.15
69719,-0.0134,-0.0394,0.8571,5.771,11.405,0.031,-2.63,-3.03
69723,-0.0153,-0.0562,0.8643,5.527,11.542,0.015,-3.72,-2.93
69740,-0.0592,-0.0422,1.0109,4.550,12.840,-0.168,-2.39,-2.83
69760,-0.0857,-0.0146,1.2340,2.656,11.939,-0.137,-0.68,-2.74
69780,-0.0209,-0.0154,1.3319,0.992,8.931,0.015,-0.66,-2.68
69800,-0.0295,-0.0035,1.2943,-0.137,6.779,-0.076,-0.16,-2.63
69820,-0.0739,0.0020,1.3208,-1.267,5.298,-0.092,0.08,-2.60
69840,-0.0381,-0.0068,1.4225,-2.198,3.191,-0.214,-0.28,-2.60
69860,-0.0178,-0.0048,1.3595,-3.023,0.061,-0.305,-0.20,-2.61
69880,-0.0593,-0.0271,1.3143,-3.878,-1.099,-0.580,-1.18,-2.66
69900,-0.0226,-0.0371,1.3704,-5.206,-3.679,-0.656,-1.55,-2.74
69920,-0.0133,-0.0302,1.2728,-5.695,-6.855,-0.901,-1.36,-2.82
69940,-0.0106,-0.0333,1.1580,-5.557,-6.550,-0.550,-1.65,-2.91
69960,-0.0123,-0.0353,1.0645,-4.794,-7.282,-0.214,-1.90,-2.98
69980,0.0426,-0.0472,1.0083,-3.130,-7.206,0.000,-2.68,-3.03
70001,0.0485,-0.0715,0.8877,-1.313,-7.435,0.397,-4.61,-3.09
70020,0.0972,-0.1051,0.8796,0.840,-8.137,0.870,-6.81,-3.15
70040,0.0752,-0.1370,0.8351,2.076,-10.122,1.053,-9.31,-3.23
70060,0.0854,-0.1514,0.8508,2.809,-10.962,1.298,-10.09,-3.31
70080,0.0900,-0.1216,0.7316,4.183,-13.252,1.389,-9.44,-3.36
70100,0.0992,-0.1321,0.7668,5.573,-12.412,1.389,-9.77,-3.37
70120,0.0787,-0.1116,0.7675,5.863,-13.847,1.282,-8.27,-3.36
70140,0.0870,-0.0850,0.7678,6.061,-13.893,1.099,-6.31,-3.30
70160,0.0903,-0.0793,0.7703,6.229,-14.305,1.160,-5.88,-3.23
70180,0.0391,-0.0732,0.8611,5.145,-13.344,0.901,-4.86,-3.16
70200,0.0065,-0.0391,0.9545,3.771,-11.542,0.397,-2.34,-3.07
70220,-0.0132,-0.0154,0.9622,2.840,-9.435,-0.122,-0.92,-2.97
70240,0.0361,-0.0283,1.0220,1.328,-5.603,-0.427,-1.59,-2.92
70260,0.0116,-0.0156,1.0740,-0.275,-2.947,-0.916,-0.83,-2.88
70280,0.0206,-0.0049,1.1184,-1.847,0.702,-1.313,-0.25,-2.86
70300,0.0325,0.0029,1.1077,-2.702,2.977,-1.450,0.15,-2.86
70320,0.0413,-0.0154,1.2039,-4.092,6.672,-1.450,-0.73,-2.89
70340,0.0426,-0.0059,1.1621,-4.947,7.282,-1.725,-0.29,-2.94
70360,0.0759,-0.0060,1.1578,-5.221,9.573,-1.573,-0.30,-2.99
70381,0.0806,-0.0123,1.1252,-4.748,9.496,-1.252,-0.63,-3.03
70400,0.0854,-0.0184,1.1068,-3.542,9.420,-1.084,-0.95,-3.06
70420,0.0747,-0.0518,1.1012,-2.046,8.626,-0.718,-2.69,-3.09
70440,0.0765,-0.0796,1.0861,-0.580,7.405,-0.626,-4.19,-3.13
70460,0.0773,-0.1000,1.0709,0.672,6.000,-0.290,-5.33,-3.16
70480,0.0867,-0.1239,1.0330,1.679,4.046,0.046,-6.84,-3.20
70500,0.0804,-0.1396,1.0410,2.305,2.382,0.198,-7.64,-3.24
70520,0.0819,-0.1412,1.0406,2.153,0.351,0.275,-7.73,-3.29
70540,0.0779,-0.1063,0.9889,1.695,-1.618,0.214,-6.14,-3.31
70560,0.0745,-0.0854,0.9572,1.832,-2.916,0.076,-5.10,-3.31
70580,0.0720,-0.0684,0.9515,2.198,-3.847,0.015,-4.11,-3.29
70600,0.0752,-0.0515,0.9290,2.366,-4.641,-0.061,-3.17,-3.24
70620,0.0684,-0.0424,0.9180,2.443,-4.687,-0.107,-2.64,-3.18
70640,0.0631,-0.0408,0.9355,2.473,-4.626,-0.305,-2.50,-3.12
70660,0.0713,-0.0437,0.9379,1.817,-4.794,-0.382,-2.67,-3.07
70680,0.0665,-0.0391,0.9294,1.053,-4.061,-0.473,-2.41,-3.04
70700,0.0659,-0.0391,0.9525,0.702,-3.344,-0.550,-2.35,-3.01
70721,0.0687,-0.0421,0.9796,0.183,-2.931,-0.519,-2.46,-3.00
70740,0.0648,-0.0372,0.9747,-0.489,-2.198,-0.489,-2.19,-2.99
70760,0.0688,-0.0305,0.9832,-0.565,-1.084,-0.519,-1.78,-2.98
70780,0.0768,-0.0345,0.9912,-0.611,-0.641,-0.397,-2.00,-2.97
70800,0.0698,-0.0493,0.9999,-0.595,-0.275,-0.458,-2.82,-2.98
70820,0.0807,-0.0417,1.0234,-0.855,0.168,-0.382,-2.34,-2.98
70840,0.0846,-0.0552,1.0223,-0.702,0.321,-0.382,-3.09,-3.00
70860,0.1014,-0.0651,1.0271,-0.672,0.626,-0.489,-3.62,-3.02
70880,0.1057,-0.0581,1.0205,-0.626,0.427,-0.397,-3.26,-3.04
70900,0.1160,-0.0603,1.0571,-0.702,0.779,-0.260,-3.26,-3.06
70920,0.1178,-0.0693,1.0527,-0.519,0.260,-0.321,-3.77,-3.08
70940,0.1267,-0.0627,1.0150,-0.779,0.183,-0.489,-3.54,-3.11
70960,0.1154,-0.0585,0.9930,-1.252,0.336,-0.427,-3.37,-3.14
70980,0.1290,-0.0715,1.0071,-1.206,0.519,-0.550,-4.06,-3.18
71000,0.1213,-0.0667,0.9960,-0.626,0.046,-0.458,-3.83,-3.20
71020,0.1238,-0.0804,1.0099,-0.427,0.351,-0.687,-4.55,-3.24
71040,0.1169,-0.0839,1.0084,-0.214,-0.061,-0.702,-4.75,-3.27
71079,0.1315,-0.0934,1.0024,-0.107,-0.382,-1.069,-5.32,-3.32
71086,0.1246,-0.0970,0.9946,-0.076,-0.260,-1.130,-5.57,-3.36
71100,0.1384,-0.0956,0.9993,-0.336,-0.412,-1.176,-5.46,-3.41
71120,0.1345,-0.0844,0.9775,-0.397,-0.458,-1.267,-4.93,-3.45
71140,0.1395,-0.0815,0.9854,-0.183,-0.229,-1.481,-4.73,-3.48
71160,0.1437,-0.0820,0.9998,-0.275,0.000,-1.389,-4.69,-3.51
71180,0.1514,-0.0717,1.0031,-0.260,-0.122,-1.344,-4.09,-3.53
71200,0.1466,-0.0593,0.9596,0.244,-0.504,-1.206,-3.54,-3.52
71220,0.1521,-0.0757,0.9443,1.191,-0.275,-1.053,-4.58,-3.52
71240,0.1554,-0.0822,0.9269,1.664,-0.137,-1.023,-5.07,-3.52
71260,0.1608,-0.0889,0.9142,2.366,0.076,-1.053,-5.55,-3.51
71280,0.1681,-0.1075,0.9830,2.382,1.511,-1.038,-6.24,-3.52
71300,0.1775,-0.0857,1.0011,1.374,1.267,-0.931,-4.89,-3.52
71320,0.1836,-0.0638,1.0045,0.595,1.450,-0.763,-3.64,-3.51
71340,0.1852,-0.0598,1.0148,0.611,1.069,-0.779,-3.37,-3.50
71360,0.1821,-0.0466,0.9907,0.840,0.580,-0.794,-2.69,-3.46
71380,0.1699,-0.0491,0.9745,0.885,0.595,-0.885,-2.88,-3.43
71400,0.1714,-0.0585,1.0178,0.779,0.931,-0.855,-3.29,-3.42
71420,0.1812,-0.0658,1.0225,0.809,0.672,-0.855,-3.68,-3.41
71440,0.1965,-0.0592,1.0490,0.015,0.901,-0.885,-3.23,-3.40
71460,0.1954,-0.0587,1.0486,-0.489,0.321,-1.008,-3.20,-3.41
71480,0.2067,-0.0635,0.9983,-0.656,0.122,-0.977,-3.64,-3.43
71500,0.1917,-0.0786,0.9590,-1.176,0.458,-1.023,-4.69,-3.47
71520,0.1960,-0.0621,0.9891,-1.542,1.206,-1.130,-3.59,-3.51
71540,0.2056,-0.0573,0.9717,-0.641,1.084,-0.901,-3.37,-3.52
71560,0.2015,-0.0817,0.9769,0.534,1.221,-0.763,-4.78,-3.53
71580,0.2090,-0.0946,0.9523,1.160,0.672,-0.748,-5.67,-3.55
71600,0.2061,-0.1088,0.9613,1.282,0.687,-0.794,-6.46,-3.58
71620,0.1991,-0.1105,1.0131,0.870,0.656,-0.809,-6.22,-3.62
71640,0.1986,-0.0983,1.0112,0.626,-0.489,-0.870,-5.55,-3.65
71660,0.2048,-0.0851,1.0005,0.870,-0.305,-0.962,-4.86,-3.65
71680,0.2019,-0.0784,1.0065,1.069,-0.244,-0.931,-4.45,-3.65
71700,0.2031,-0.0776,1.0094,1.267,-0.382,-1.023,-4.40,-3.64
71720,0.2026,-0.0853,1.0157,1.115,-0.840,-1.176,-4.80,-3.64
71740,0.1975,-0.0906,1.0040,1.328,-0.855,-1.099,-5.15,-3.64
71760,0.1934,-0.0823,1.0084,1.023,-0.168,-1.145,-4.66,-3.64
71780,0.1998,-0.0718,1.0101,1.115,0.076,-1.176,-4.06,-3.63
71800,0.2115,-0.0802,0.9946,0.992,0.076,-1.252,-4.61,-3.63
71820,0.2058,-0.0704,0.9958,0.687,0.168,-1.176,-4.05,-3.63
71840,0.2045,-0.0563,1.0123,0.244,0.214,-1.267,-3.18,-3.61
71860,0.2037,-0.0586,0.9890,0.321,-0.214,-1.145,-3.39,-3.60
71880,0.2046,-0.0649,1.0354,-0.031,0.519,-1.176,-3.59,-3.60
71900,0.2125,-0.0623,1.0204,-0.305,-0.183,-1.115,-3.49,-3.61
71920,0.2084,-0.0625,0.9854,-0.580,-0.122,-0.962,-3.63,-3.62
71940,0.1986,-0.0640,0.9766,-0.519,0.168,-0.992,-3.75,-3.63
71960,0.2111,-0.0729,0.9990,-0.550,0.275,-0.840,-4.17,-3.65
71980,0.2021,-0.0723,0.9945,-0.336,0.214,-0.870,-4.16,-3.67
72000,0.1982,-0.0656,0.9580,0.290,0.137,-0.748,-3.91,-3.67
72020,0.1945,-0.0781,0.9836,0.748,0.794,-0.779,-4.54,-3.67
72040,0.1875,-0.0873,0.9958,1.176,0.519,-0.885,-5.01,-3.67
72060,0.1949,-0.0836,0.9963,1.221,0.672,-0.840,-4.80,-3.67
72080,0.1947,-0.0824,1.0068,1.466,0.641,-0.962,-4.68,-3.66
72101,0.1934,-0.0852,1.0297,1.634,0.534,-0.947,-4.73,-3.65
72120,0.2018,-0.0701,0.9960,1.634,0.183,-0.824,-4.02,-3.63
72140,0.1996,-0.0670,0.9811,1.511,0.580,-0.824,-3.91,-3.60
72160,0.1929,-0.0735,1.0043,1.313,0.641,-0.855,-4.19,-3.59
72180,0.2063,-0.0614,1.0100,1.038,0.641,-0.702,-3.48,-3.57
72200,0.1981,-0.0632,0.9983,0.977,0.718,-0.718,-3.62,-3.55
72220,0.1995,-0.0626,1.0112,0.931,0.580,-0.763,-3.54,-3.53
72240,0.1895,-0.0587,0.9917,0.763,0.305,-0.733,-3.39,-3.51
72260,0.1931,-0.0547,0.9828,0.565,0.641,-0.779,-3.18,-3.50
72280,0.1936,-0.0569,0.9749,0.611,0.565,-0.809,-3.34,-3.48
72300,0.1968,-0.0569,1.0120,0.534,0.687,-0.931,-3.22,-3.47
72320,0.1880,-0.0510,1.0266,0.168,0.489,-0.809,-2.85,-3.45
72340,0.2068,-0.0507,1.0117,0.046,0.137,-0.824,-2.87,-3.44
72360,0.1913,-0.0522,0.9797,0.092,0.214,-0.840,-3.05,-3.43
72380,0.1993,-0.0677,1.0128,0.244,0.656,-0.733,-3.83,-3.43
72400,0.1937,-0.0568,0.9827,0.443,-0.107,-0.641,-3.31,-3.42
72438,0.1870,-0.0741,0.9933,0.656,-0.275,-0.733,-4.27,-3.42
72442,0.1866,-0.0709,0.9852,0.565,-0.397,-0.702,-4.12,-3.43
72460,0.1925,-0.0630,0.9985,0.580,-0.031,-0.748,-3.61,-3.42
72480,0.1866,-0.0645,1.0253,0.534,-0.092,-0.702,-3.60,-3.41
72500,0.1940,-0.0667,1.0183,0.489,-0.397,-0.794,-3.74,-3.41
72520,0.1963,-0.0515,0.9917,0.397,-0.443,-0.641,-2.97,-3.39
72540,0.1904,-0.0573,0.9982,0.550,-0.519,-0.687,-3.28,-3.38
72560,0.1825,-0.0630,1.0363,0.382,-0.427,-0.687,-3.48,-3.37
72580,0.1919,-0.0596,1.0243,0.382,-0.672,-0.824,-3.33,-3.37
72601,0.1931,-0.0524,0.9927,0.656,-0.412,-0.656,-3.02,-3.35
72620,0.1857,-0.0555,0.9937,0.626,-0.260,-0.779,-3.20,-3.33
72640,0.1942,-0.0583,1.0074,0.901,-0.244,-0.702,-3.31,-3.31
72660,0.1923,-0.0463,0.9640,1.145,-0.473,-0.840,-2.75,-3.28
72680,0.1888,-0.0518,0.9802,1.405,0.351,-0.550,-3.02,-3.25
72700,0.1990,-0.0452,1.0233,0.947,0.244,-0.550,-2.53,-3.21
72720,0.1913,-0.0436,1.0273,0.427,0.260,-0.489,-2.43,-3.19
72740,0.1906,-0.0319,1.0165,0.092,0.427,-0.214,-1.80,-3.16
72760,0.1973,-0.0393,0.9894,0.336,0.519,-0.122,-2.28,-3.14
72780,0.1893,-0.0251,0.9487,0.824,0.382,-0.046,-1.52,-3.09
72800,0.1906,-0.0370,1.0104,1.115,1.237,0.061,-2.10,-3.05
72820,0.1863,-0.0404,1.0100,0.840,0.412,0.015,-2.29,-3.01
72840,0.1884,-0.0250,1.0115,1.084,0.702,0.031,-1.42,-2.96
72860,0.1960,-0.0349,1.0231,1.099,0.427,-0.122,-1.95,-2.92
72880,0.1786,-0.0341,0.9636,1.145,0.061,-0.015,-2.02,-2.88
72900,0.1823,-0.0311,1.0144,0.366,1.389,0.015,-1.76,-2.85
72920,0.1969,-0.0309,1.0319,0.122,0.427,0.122,-1.71,-2.82
72940,0.1954,-0.0320,1.0181,0.015,0.305,0.275,-1.80,-2.80
72960,0.1799,-0.0244,1.0291,0.168,0.305,0.290,-1.36,-2.77
72980,0.1989,-0.0168,1.0354,0.000,-0.046,0.305,-0.93,-2.73
73000,0.1866,-0.0107,0.9858,0.107,-0.550,0.351,-0.62,-2.69
73020,0.1947,-0.0120,0.9984,-0.015,-0.122,0.473,-0.69,-2.65
73040,0.2023,-0.0118,0.9973,-0.107,-0.504,0.550,-0.68,-2.61
73060,0.1818,-0.0127,0.9683,-0.290,-0.443,0.641,-0.75,-2.58
73081,0.1843,-0.0189,0.9978,-0.275,0.122,0.580,-1.09,-2.56
73100,0.1921,-0.0217,0.9896,-0.092,-0.122,0.611,-1.26,-2.53
73120,0.1827,-0.0153,1.0010,-0.382,-0.015,0.733,-0.87,-2.51
73141,0.1840,-0.0201,1.0309,-0.611,-0.031,0.702,-1.12,-2.49
73160,0.1818,-0.0011,0.9767,-0.321,-0.412,0.611,-0.06,-2.45
73180,0.1724,-0.0088,0.9629,0.107,0.000,0.702,-0.52,-2.41
73200,0.1819,-0.0327,0.9867,0.397,0.336,0.519,-1.90,-2.39
73220,0.1672,-0.0280,1.0298,0.198,0.611,0.427,-1.55,-2.37
73240,0.1785,-0.0355,1.0697,-0.336,0.672,0.473,-1.90,-2.37
73260,0.1775,-0.0431,1.0074,-0.901,-0.076,0.489,-2.45,-2.39
73280,0.1821,-0.0231,0.9602,-1.023,0.351,0.458,-1.38,-2.39
73300,0.1829,-0.0176,0.9890,-0.565,1.008,0.565,-1.02,-2.37
73320,0.1764,-0.0254,1.0144,-0.656,0.992,0.565,-1.43,-2.36
73340,0.1617,-0.0201,1.0150,-0.947,0.794,0.458,-1.14,-2.36
73360,0.1663,-0.0127,1.0248,-0.687,0.473,0.351,-0.71,-2.34
73380,0.1609,-0.0275,1.0294,-0.656,0.382,0.427,-1.53,-2.34
73400,0.1610,-0.0151,1.0081,-0.947,0.137,0.412,-0.86,-2.32
73420,0.1763,-0.0189,1.0195,-1.359,0.076,0.412,-1.06,-2.33
73440,0.1599,-0.0283,0.9852,-1.405,-0.061,0.519,-1.65,-2.34
73460,0.1542,-0.0159,0.9337,-1.008,0.351,0.443,-0.97,-2.33
73480,0.1650,-0.0187,0.9569,-0.687,1.145,0.427,-1.12,-2.32
73500,0.1650,-0.0276,0.9366,0.031,0.473,0.305,-1.69,-2.31
73520,0.1547,-0.0313,0.9417,0.229,0.748,0.351,-1.90,-2.30
73540,0.1669,-0.0234,0.9417,0.733,0.916,0.214,-1.43,-2.26
73560,0.1542,-0.0378,0.9419,1.313,1.252,0.321,-2.30,-2.24
73580,0.1586,-0.0375,0.9926,1.344,1.710,0.427,-2.16,-2.21
73600,0.1544,-0.0403,1.0183,0.702,2.000,0.504,-2.27,-2.20
73620,0.1356,-0.0375,1.0310,0.122,2.290,0.489,-2.08,-2.19
73640,0.1503,-0.0377,1.0636,-0.641,2.489,0.427,-2.03,-2.20
73660,0.1531,-0.0054,1.0605,-1.252,1.771,0.336,-0.29,-2.19
73680,0.1644,-0.0171,1.0382,-1.405,1.084,0.183,-0.94,-2.19
73700,0.1549,-0.0142,0.9427,-1.664,0.702,0.183,-0.86,-2.20
73720,0.1646,-0.0050,0.9482,-1.374,1.511,0.122,-0.30,-2.19
73740,0.1726,-0.0404,0.9254,-0.290,0.718,0.229,-2.50,-2.20
73760,0.1584,-0.0342,0.9139,0.473,0.672,0.137,-2.14,-2.19
73780,0.1564,-0.0437,1.0271,0.718,1.084,0.168,-2.44,-2.18
73819,0.1400,-0.0447,1.0455,0.870,-0.580,0.229,-2.45,-2.17
73823,0.1470,-0.0399,1.0391,0.779,-0.687,0.168,-2.20,-2.15
73840,0.1449,-0.0421,1.0852,1.084,-1.435,0.168,-2.22,-2.13
73860,0.1450,-0.0370,1.0804,1.115,-2.260,0.122,-1.96,-2.11
73880,0.1439,-0.0277,1.0726,1.328,-1.802,0.076,-1.48,-2.07
73900,0.1838,-0.0671,1.0361,0.779,-2.092,-0.031,-3.71,-2.09
73920,0.1753,0.0006,0.9618,-0.076,-2.992,-0.031,0.04,-2.05
73940,0.1512,-0.0151,0.9746,0.382,-1.771,0.153,-0.89,-2.01
73960,0.1686,-0.0486,1.0104,-0.885,-1.725,0.168,-2.75,-2.05
73980,0.1400,-0.0133,0.9819,-2.000,-1.893,-0.015,-0.78,-2.06
74000,0.1438,0.0034,1.0404,-1.740,-1.084,0.076,0.19,-2.05
74021,0.1448,-0.0118,1.0323,-0.382,-1.450,0.015,-0.66,-2.03
74040,0.1357,-0.0227,1.0117,-0.061,-0.580,0.214,-1.29,-2.02
74060,0.1398,-0.0234,0.9841,0.641,0.000,0.244,-1.36,-1.99
74080,0.1506,-0.0417,1.0341,1.771,1.069,0.382,-2.31,-1.96
74100,0.1271,-0.0637,1.0288,2.183,0.931,0.336,-3.54,-1.95
74120,0.1444,-0.0435,1.0441,1.893,1.084,0.275,-2.38,-1.92
74140,0.1388,-0.0555,1.0634,1.237,1.099,0.015,-2.99,-1.92
74160,0.1573,-0.0326,1.0828,-0.076,0.687,-0.092,-1.72,-1.92
74180,0.1578,-0.0209,0.9962,-1.130,-0.076,-0.153,-1.20,-1.92
74200,0.1375,-0.0154,1.0325,-1.145,0.855,-0.076,-0.85,-1.93
74220,0.1476,-0.0190,1.0104,-0.580,-0.718,-0.137,-1.08,-1.92
74240,0.1456,-0.0199,0.9752,0.092,-0.382,-0.275,-1.17,-1.90
74260,0.1371,-0.0309,0.9724,0.718,-0.504,-0.366,-1.82,-1.89
74280,0.1511,-0.0444,0.9891,0.626,-0.595,-0.336,-2.57,-1.89
74300,0.1450,-0.0419,0.9952,0.672,-0.794,-0.153,-2.41,-1.89
74321,0.1553,-0.0458,0.9832,0.656,-0.641,-0.076,-2.67,-1.89
74340,0.1477,-0.0549,1.0028,0.626,-0.351,-0.092,-3.14,-1.90
74360,0.1541,-0.0281,1.0181,0.382,-0.290,0.000,-1.58,-1.89
74380,0.1475,-0.0350,0.9723,0.122,-0.809,-0.153,-2.06,-1.89
74400,0.1390,-0.0425,0.9825,-0.855,0.519,0.000,-2.48,-1.92
74420,0.1278,0.0012,0.9829,-1.496,0.168,-0.076,0.07,-1.91
74440,0.1625,-0.0184,1.0380,-0.458,0.870,0.046,-1.02,-1.90
74460,0.1385,-0.0310,1.0078,-0.168,-0.076,-0.061,-1.76,-1.90
74480,0.1429,-0.0371,1.0348,-0.489,0.382,-0.031,-2.05,-1.91
74500,0.1404,-0.0286,0.9941,0.092,-0.473,-0.046,-1.65,-1.90
74520,0.1267,-0.0464,1.0383,0.275,0.534,-0.321,-2.56,-1.91
74540,0.1335,-0.0536,1.0444,-0.061,-0.443,-0.290,-2.94,-1.93
74560,0.1373,-0.0408,1.0164,-0.611,-0.519,-0.321,-2.30,-1.95
74580,0.1460,-0.0565,1.0739,-1.603,0.382,-0.458,-3.01,-2.01
74600,0.1461,-0.0262,1.0665,-3.160,-0.718,-0.458,-1.41,-2.06
74620,0.1471,-0.0135,0.9789,-2.489,-0.763,-0.580,-0.79,-2.08
74640,0.1289,-0.0085,0.9806,-1.450,-0.305,-0.443,-0.50,-2.08
74660,0.1329,-0.0306,0.9917,-0.656,-0.733,-0.580,-1.77,-2.08
74680,0.1342,-0.0392,0.9967,-0.366,-0.244,-0.611,-2.25,-2.09
74700,0.1367,-0.0468,1.0170,-0.214,-0.153,-0.427,-2.63,-2.11
74720,0.1521,-0.0546,1.0394,-0.366,-0.366,-0.382,-3.01,-2.13
74740,0.1343,-0.0536,1.0140,-0.534,-0.412,-0.321,-3.03,-2.16
74760,0.1458,-0.0494,1.0032,-1.023,-0.183,-0.321,-2.82,-2.19
74780,0.1282,-0.0442,0.9832,-0.840,0.076,-0.214,-2.57,-2.22
74800,0.1311,-0.0363,0.9991,-0.763,0.550,-0.290,-2.08,-2.23
74820,0.1293,-0.0222,0.9587,0.015,0.137,-0.107,-1.33,-2.21
74841,0.1338,-0.0487,0.9796,0.824,0.550,-0.107,-2.85,-2.21
74860,0.1328,-0.0553,1.0383,0.580,0.626,-0.183,-3.05,-2.21
74880,0.1342,-0.0410,1.0209,0.504,0.000,-0.183,-2.30,-2.21
74900,0.1340,-0.0406,1.0029,0.748,0.458,-0.061,-2.32,-2.19
74920,0.1339,-0.0383,1.0192,0.855,0.336,-0.092,-2.15,-2.18
74940,0.1281,-0.0460,0.9979,0.687,0.107,-0.137,-2.64,-2.17
74960,0.1201,-0.0406,1.0244,0.595,0.321,-0.183,-2.27,-2.16
74980,0.1278,-0.0449,1.0328,0.229,-0.214,-0.168,-2.49,-2.16
75000,0.1311,-0.0271,1.0035,-0.031,-0.397,-0.198,-1.55,-2.15
75020,0.1354,-0.0334,1.0009,0.244,-0.504,-0.198,-1.91,-2.14
75040,0.1313,-0.0350,0.9657,0.443,-0.580,-0.214,-2.08,-2.13
75060,0.1234,-0.0381,0.9639,0.031,0.076,-0.275,-2.26,-2.14
75080,0.1263,-0.0424,1.0183,-0.290,0.351,-0.168,-2.38,-2.15
75100,0.1346,-0.0297,0.9740,-0.305,-0.336,-0.412,-1.74,-2.14
75120,0.1143,-0.0217,0.9617,-0.504,0.641,-0.489,-1.29,-2.14
75140,0.1187,-0.0283,1.0210,-0.718,1.206,-0.321,-1.59,-2.14
75160,0.1222,-0.0421,0.9899,-1.206,0.534,-0.214,-2.44,-2.17
75199,0.1121,-0.0214,1.0076,-0.443,1.282,-0.244,-1.21,-2.16
75203,0.1174,-0.0129,1.0079,-0.580,1.252,-0.198,-0.74,-2.14
75220,0.1089,-0.0341,1.0081,-0.244,0.992,-0.137,-1.94,-2.14
75240,0.1117,-0.0242,0.9996,-0.748,0.641,-0.198,-1.39,-2.14
75260,0.1238,-0.0153,1.0466,-0.458,0.840,-0.168,-0.84,-2.13
75280,0.1147,-0.0405,1.0182,-0.443,-0.061,-0.137,-2.28,-2.14
75300,0.1188,-0.0292,0.9863,-0.901,0.122,-0.229,-1.69,-2.15
75320,0.1176,-0.0227,0.9844,-0.824,0.122,-0.046,-1.32,-2.15
75341,0.1116,-0.0420,1.0398,-1.023,0.137,-0.061,-2.31,-2.17
75360,0.1119,-0.0107,0.9983,-0.611,-0.824,-0.137,-0.62,-2.15
75380,0.1136,-0.0076,0.9885,0.198,-0.595,-0.046,-0.44,-2.11
75400,0.1158,-0.0277,0.9910,0.214,-0.595,0.031,-1.60,-2.10
75420,0.1077,-0.0284,0.9662,-0.275,-0.458,0.092,-1.69,-2.09
75440,0.1138,-0.0095,1.0100,-0.412,0.626,0.198,-0.54,-2.07
75460,0.1165,-0.0331,1.0176,-0.229,0.290,0.137,-1.86,-2.07
75480,0.1012,-0.0184,0.9596,0.229,-0.137,0.107,-1.10,-2.05
75500,0.1102,-0.0037,0.9489,0.397,0.519,0.031,-0.22,-2.00
75520,0.0951,-0.0135,0.9901,0.824,1.053,0.137,-0.78,-1.96
75540,0.0967,-0.0377,1.0001,0.336,1.115,0.260,-2.16,-1.96
75560,0.0972,-0.0129,0.9564,0.885,0.947,0.260,-0.78,-1.92
75580,0.0966,-0.0375,1.0157,1.053,1.557,0.351,-2.11,-1.90
75600,0.0851,-0.0344,1.0065,0.519,0.702,0.122,-1.96,-1.89
75620,0.0992,-0.0087,0.9628,0.229,0.763,0.153,-0.52,-1.86
75640,0.1049,-0.0255,1.0046,0.626,1.542,0.137,-1.45,-1.84
75660,0.0929,-0.0222,0.9739,0.458,0.321,0.122,-1.31,-1.82
75680,0.1062,-0.0266,1.0028,0.305,1.053,0.198,-1.52,-1.81
75700,0.0945,-0.0359,1.0237,-0.092,0.595,0.092,-2.01,-1.81
75720,0.0885,-0.0237,0.9906,-1.099,0.107,0.031,-1.37,-1.83
75740,0.1003,-0.0067,0.9700,-0.748,0.443,-0.015,-0.40,-1.81
75760,0.0902,-0.0298,1.0247,-0.580,0.718,-0.137,-1.67,-1.82
75780,0.0909,-0.0273,1.0114,-0.809,-0.458,-0.382,-1.55,-1.83
75800,0.0984,-0.0232,0.9626,-0.565,-0.458,-0.321,-1.38,-1.83
75820,0.0892,-0.0291,0.9941,-0.198,0.137,-0.351,-1.67,-1.84
75840,0.0891,-0.0382,0.9973,0.000,-0.580,-0.504,-2.19,-1.84
75860,0.0743,-0.0249,0.9758,-0.229,-0.305,-0.565,-1.46,-1.84
75880,0.0873,-0.0292,1.0110,-0.550,0.366,-0.504,-1.65,-1.85
75900,0.0947,-0.0293,1.0292,-0.718,0.305,-0.565,-1.63,-1.86
75920,0.0900,-0.0356,0.9880,-0.855,0.107,-0.458,-2.07,-1.88
75940,0.0822,-0.0309,0.9972,-0.794,0.916,-0.382,-1.77,-1.89
75960,0.0742,-0.0305,1.0066,-0.748,0.718,-0.214,-1.74,-1.90
75980,0.0797,-0.0261,0.9818,-0.229,0.489,-0.382,-1.52,-1.90
76000,0.0765,-0.0283,0.9460,0.504,0.748,-0.153,-1.71,-1.89
76020,0.0763,-0.0406,1.0095,0.290,1.405,-0.275,-2.31,-1.89
76040,0.0951,-0.0409,1.0204,0.580,0.427,-0.198,-2.29,-1.88
76061,0.0812,-0.0352,0.9467,0.977,0.031,-0.168,-2.13,-1.87
76080,0.0697,-0.0414,0.9969,0.626,1.481,-0.092,-2.38,-1.87
76100,0.0739,-0.0300,1.0150,0.550,0.275,-0.290,-1.69,-1.85
76120,0.0591,-0.0293,1.0015,0.611,0.275,-0.321,-1.68,-1.84
76140,0.0583,-0.0222,1.0160,0.519,0.458,-0.336,-1.25,-1.82
76160,0.0665,-0.0313,1.0380,0.229,0.229,-0.092,-1.72,-1.81
76180,0.0574,-0.0334,0.9976,0.214,-0.260,-0.244,-1.92,-1.81
76200,0.0588,-0.0354,1.0101,-0.031,0.519,-0.321,-2.01,-1.81
76220,0.0526,-0.0260,0.9695,-0.473,-0.183,-0.351,-1.54,-1.82
76240,0.0460,-0.0276,1.0044,-0.656,0.504,-0.382,-1.57,-1.82
76260,0.0411,-0.0223,0.9874,-0.260,-0.153,-0.489,-1.30,-1.82
76280,0.0309,-0.0233,0.9950,-0.458,0.504,-0.519,-1.34,-1.82
76300,0.0250,-0.0297,0.9744,-0.718,0.534,-0.550,-1.74,-1.83
76320,0.0165,-0.0293,0.9839,-0.702,1.023,-0.733,-1.71,-1.84
76340,0.0126,-0.0396,1.0088,-0.931,1.099,-0.794,-2.25,-1.87
76360,0.0206,-0.0363,1.0194,-0.931,1.145,-0.733,-2.04,-1.89
76380,0.0271,-0.0466,1.0372,-1.206,0.916,-0.809,-2.57,-1.93
76400,0.0205,-0.0551,0.9940,-1.313,0.611,-0.977,-3.17,-1.98
76420,0.0190,-0.0380,0.9906,-1.908,0.870,-1.084,-2.19,-2.02
76440,0.0247,-0.0436,1.0220,-1.649,0.809,-1.069,-2.44,-2.06
76460,0.0272,-0.0524,1.0121,-1.267,0.244,-1.160,-2.96,-2.10
76480,0.0189,-0.0322,0.9916,-1.313,-0.107,-1.160,-1.86,-2.12
76500,0.0304,-0.0496,1.0243,-0.748,-0.076,-1.084,-2.77,-2.15
76520,0.0236,-0.0542,0.9944,-0.962,-0.672,-1.099,-3.12,-2.19
76559,0.0306,-0.0764,1.0308,-0.397,0.870,-0.916,-4.24,-2.24
76563,0.0300,-0.0829,1.0221,-0.779,0.779,-0.870,-4.64,-2.30
76580,0.0149,-0.0476,0.9924,-2.015,-0.489,-0.916,-2.75,-2.35
76600,0.0104,-0.0116,1.0071,-1.481,0.412,-0.931,-0.66,-2.35
76620,0.0302,-0.0408,1.0586,-1.008,0.458,-0.840,-2.21,-2.36
76640,0.0209,-0.0239,0.9890,-0.672,-0.565,-0.901,-1.39,-2.36
76660,0.0339,-0.0269,0.9845,0.015,0.443,-0.641,-1.56,-2.34
76680,0.0240,-0.0607,1.0146,0.183,0.427,-0.580,-3.42,-2.36
76700,0.0192,-0.0317,0.9690,0.092,-0.504,-0.595,-1.88,-2.35
76721,0.0298,-0.0314,0.9857,0.534,0.153,-0.565,-1.82,-2.33
76740,0.0323,-0.0411,1.0134,-0.397,0.015,-0.519,-2.32,-2.33
76760,0.0170,-0.0046,1.0275,-0.992,-0.031,-0.412,-0.26,-2.31
76780,0.0325,-0.0068,1.0157,-0.718,-0.244,-0.214,-0.39,-2.29
76800,0.0295,-0.0323,1.0278,-0.260,0.229,-0.153,-1.80,-2.28
76820,0.0203,-0.0208,0.9854,-0.672,-0.305,-0.153,-1.21,-2.27
76840,0.0188,-0.0078,1.0331,-0.885,0.198,-0.107,-0.43,-2.25
76860,0.0342,-0.0328,1.0111,-0.611,-0.458,-0.061,-1.86,-2.26
76880,0.0204,-0.0209,1.0232,-0.977,-0.229,0.092,-1.17,-2.26
76900,0.0382,-0.0233,1.0004,-1.237,-0.473,0.046,-1.34,-2.26
76920,0.0182,-0.0165,0.9973,-2.031,-0.107,-0.015,-0.95,-2.28
76940,0.0212,-0.0054,1.0364,-1.863,-0.290,-0.122,-0.30,-2.27
76960,0.0261,0.0017,0.9905,-1.405,-0.504,-0.046,0.10,-2.25
76980,0.0090,-0.0039,0.9882,-2.046,0.260,0.092,-0.23,-2.25
77000,0.0176,0.0057,1.0437,-1.924,0.366,0.046,0.31,-2.24
77021,0.0170,-0.0135,0.9554,-1.863,-0.031,0.061,-0.81,-2.25
77040,0.0126,-0.0026,0.9967,-2.916,1.710,0.137,-0.15,-2.26
77060,0.0253,-0.0013,0.9894,-3.176,1.084,0.092,-0.08,-2.28
77080,-0.0170,0.0015,0.9785,-3.069,1.252,0.214,0.09,-2.29
77100,-0.0299,0.0049,0.9664,-2.992,1.679,0.244,0.29,-2.30
77120,-0.0364,0.0073,0.9563,-3.206,2.168,0.321,0.44,-2.31
77140,-0.0468,0.0146,0.9374,-3.160,2.275,0.366,0.90,-2.31
77160,-0.0570,0.0098,0.9026,-1.603,2.519,0.519,0.62,-2.28
77180,-0.0435,-0.0046,0.9692,-2.107,3.252,0.595,-0.27,-2.28
77200,-0.0547,0.0099,0.9530,-2.137,2.214,0.595,0.59,-2.26
77220,-0.0482,0.0155,0.9501,-1.603,2.611,0.656,0.93,-2.23
77240,-0.0570,0.0103,0.9611,-1.313,2.534,0.763,0.61,-2.20
77260,-0.0454,-0.0182,1.0107,-1.802,2.687,0.779,-1.03,-2.21
77280,-0.0547,0.0044,0.9677,-2.015,1.710,0.931,0.26,-2.20
77300,-0.0420,0.0120,0.9523,-1.496,1.496,0.809,0.72,-2.17
77320,-0.0676,0.0013,0.9427,-1.099,1.191,0.947,0.08,-2.15
77340,-0.0579,0.0006,0.9777,-0.992,1.252,0.916,0.04,-2.13
77360,-0.0646,0.0051,0.9886,-0.824,0.534,1.115,0.30,-2.09
77380,-0.0518,-0.0079,0.9614,-0.489,0.198,0.870,-0.47,-2.07
77400,-0.0599,0.0095,0.9297,-0.412,0.397,1.191,0.59,-2.03
77420,-0.0649,-0.0082,0.9288,-0.275,0.580,0.977,-0.50,-2.00
77440,-0.0552,-0.0121,0.9388,-0.366,0.733,0.885,-0.74,-1.98
77460,-0.0575,0.0259,0.9194,-0.137,1.008,0.947,1.61,-1.91
77480,-0.0621,-0.0134,0.9895,-0.076,2.000,0.794,-0.78,-1.89
77500,-0.0608,0.0016,0.9285,-0.229,1.252,0.901,0.10,-1.86
77520,-0.0768,0.0028,0.9254,0.137,2.626,0.931,0.17,-1.81
77540,-0.0493,-0.0133,1.0306,-0.779,3.099,1.038,-0.74,-1.81
77560,-0.0571,0.0151,0.9121,0.015,1.282,0.931,0.95,-1.75
77580,-0.0525,0.0059,0.8400,0.534,2.656,0.977,0.40,-1.70
77600,-0.0619,-0.0012,0.9456,0.962,3.435,0.947,-0.07,-1.65
77620,-0.0468,-0.0251,0.9147,2.076,1.817,1.008,-1.57,-1.60
77640,-0.0631,-0.0200,0.9244,1.802,2.931,0.947,-1.24,-1.56
77660,-0.0557,-0.0061,0.9642,1.573,2.473,1.008,-0.36,-1.51
77680,-0.0468,-0.0336,0.9923,2.046,1.817,0.855,-1.94,-1.48
77700,-0.0724,-0.0149,0.9758,1.863,0.733,0.718,-0.87,-1.43
77720,-0.0614,-0.0027,0.9865,2.153,0.901,0.718,-0.16,-1.36
77740,-0.0421,-0.0320,0.9803,2.275,0.412,0.611,-1.87,-1.33
77760,-0.0656,-0.0228,0.9364,2.305,-0.443,0.565,-1.40,-1.28
77780,-0.0568,-0.0361,0.9489,2.580,-0.153,0.443,-2.18,-1.25
77800,-0.0658,-0.0588,1.0242,1.344,-0.214,0.290,-3.29,-1.26
77820,-0.0601,-0.0201,0.9883,1.496,-1.313,0.092,-1.17,-1.23
77840,-0.0704,-0.0184,0.9525,1.969,-1.359,0.046,-1.11,-1.19
77860,-0.0703,-0.0286,0.9871,1.664,0.107,0.305,-1.66,-1.17
77880,-0.0636,-0.0187,1.0057,2.229,-0.229,0.015,-1.06,-1.12
77900,-0.0696,-0.0288,1.0327,2.595,-0.107,0.031,-1.60,-1.08
77939,-0.0535,-0.0188,1.0498,1.985,-0.565,-0.107,-1.03,-1.04
77943,-0.0616,-0.0288,1.0570,1.893,-0.504,-0.076,-1.56,-1.01
77960,-0.0745,-0.0289,1.0754,1.359,-0.702,-0.122,-1.54,-1.00
77980,-0.0734,-0.0022,1.0613,1.359,-0.931,-0.046,-0.12,-0.95
78000,-0.0582,-0.0219,1.0665,1.557,-1.069,-0.092,-1.17,-0.93
78020,-0.0781,-0.0439,1.0610,0.412,-1.359,-0.366,-2.37,-0.95
78040,-0.0625,-0.0190,1.0385,0.000,-1.634,-0.427,-1.05,-0.95
78060,-0.0635,-0.0120,1.0281,0.061,-1.221,-0.244,-0.67,-0.94
78080,-0.0808,-0.0308,1.0549,-0.336,-0.763,-0.321,-1.67,-0.96
78100,-0.0719,-0.0320,1.0664,-0.916,-0.748,-0.397,-1.72,-1.00
78120,-0.0599,-0.0277,1.0551,-1.038,-0.656,-0.366,-1.50,-1.03
78140,-0.0865,-0.0349,1.0052,-0.855,-0.519,-0.672,-1.99,-1.06
78160,-0.0566,-0.0258,1.0098,-1.252,0.183,-0.718,-1.46,-1.10
78180,-0.0667,-0.0228,1.0393,-1.634,0.489,-0.702,-1.26,-1.13
78200,-0.0597,-0.0238,1.0908,-1.573,0.046,-0.794,-1.25,-1.17
78220,-0.0630,-0.0537,1.0609,-0.962,-1.130,-0.916,-2.90,-1.22
78240,-0.0615,-0.0372,0.9734,-1.191,-1.130,-1.069,-2.19,-1.26
78260,-0.0713,-0.0276,0.9672,-1.802,0.092,-1.084,-1.63,-1.30
78280,-0.0338,-0.0508,0.9430,-1.710,-0.122,-0.992,-3.08,-1.37
78300,-0.0372,-0.0355,0.8309,-0.824,-0.061,-1.099,-2.45,-1.41
78320,-0.0223,-0.0425,0.8044,0.565,1.710,-1.084,-3.02,-1.43
78340,-0.0426,-0.0665,0.8899,1.832,2.427,-1.252,-4.28,-1.45
78360,-0.0482,-0.0792,0.9823,3.389,2.168,-1.313,-4.61,-1.45
78380,-0.0571,-0.0846,0.9735,4.855,1.939,-1.176,-4.97,-1.42
78400,-0.0504,-0.1260,1.1071,3.542,2.977,-1.359,-6.49,-1.46
78420,-0.0557,-0.0977,1.1362,1.878,1.359,-1.649,-4.91,-1.49
78440,-0.0173,-0.0631,1.0669,1.130,-0.092,-1.573,-3.39,-1.50
78460,-0.0244,-0.0736,1.1171,0.672,-1.038,-1.511,-3.77,-1.54
78480,0.0200,-0.0706,1.0889,1.588,-3.954,-1.649,-3.71,-1.55
78500,0.0101,-0.0521,0.9919,2.076,-5.756,-1.405,-3.01,-1.54
78520,-0.0077,-0.0667,1.0109,2.733,-6.000,-1.328,-3.77,-1.53
78540,-0.0194,-0.0895,1.0281,3.115,-6.092,-1.130,-4.97,-1.54
78560,-0.0090,-0.0709,0.9821,2.458,-6.153,-1.298,-4.13,-1.54
78580,-0.0229,-0.0706,0.9918,1.420,-4.153,-1.267,-4.07,-1.56
78600,-0.0229,-0.0607,0.9932,0.687,-3.023,-1.237,-3.50,-1.59
78620,-0.0226,-0.0339,0.9727,1.191,-1.847,-1.267,-2.00,-1.57
78641,-0.0305,-0.0542,1.0648,0.916,1.191,-1.221,-2.91,-1.58
78660,-0.0201,-0.0380,0.9764,-0.153,1.053,-1.450,-2.23,-1.60
78680,0.0142,-0.0187,0.9611,-0.214,3.527,-1.328,-1.11,-1.59
78700,0.0083,-0.0159,0.9955,-0.489,4.382,-1.221,-0.91,-1.59
78720,0.0155,-0.0240,0.9246,-0.183,4.214,-1.237,-1.49,-1.59
78740,0.0217,-0.0131,0.9049,0.733,4.748,-1.099,-0.83,-1.56
78760,0.0133,-0.0184,0.9136,1.450,4.672,-1.115,-1.16,-1.52
78780,0.0089,-0.0332,0.9396,1.924,4.458,-1.038,-2.02,-1.50
78800,0.0123,-0.0275,0.9521,1.939,3.786,-0.885,-1.65,-1.46
78820,0.0153,-0.0391,0.9834,1.908,3.420,-0.641,-2.27,-1.44
78840,0.0117,-0.0502,0.9895,1.603,2.809,-0.641,-2.90,-1.44
78860,0.0164,-0.0386,0.9260,1.435,1.740,-0.733,-2.39,-1.43
78880,0.0134,-0.0474,0.9323,1.206,1.908,-0.687,-2.91,-1.43
78900,0.0052,-0.0360,0.9181,1.435,0.641,-0.702,-2.25,-1.42
78920,0.0292,-0.0297,0.9031,1.863,-0.076,-0.702,-1.88,-1.40
78940,0.0094,-0.0293,0.9624,1.954,-0.336,-0.641,-1.74,-1.36
78960,0.0088,-0.0421,0.9945,2.046,-1.069,-0.473,-2.42,-1.35
78980,0.0079,-0.0447,0.9867,1.847,-1.511,-0.595,-2.59,-1.33
79000,0.0100,-0.0309,0.9915,1.359,-1.344,-0.611,-1.78,-1.32
79020,0.0103,-0.0304,1.0045,0.626,-1.603,-0.702,-1.73,-1.31
79040,0.0045,-0.0209,1.0042,0.397,-1.618,-0.702,-1.19,-1.30
79060,0.0037,-0.0153,1.0454,0.015,-1.496,-0.763,-0.84,-1.29
79080,0.0059,-0.0201,1.0363,-0.046,-1.710,-0.473,-1.11,-1.29
79100,0.0049,-0.0083,0.9938,0.000,-1.542,-0.534,-0.48,-1.27
79120,0.0009,-0.0142,1.0155,0.229,-0.656,-0.641,-0.80,-1.26
79140,0.0067,-0.0192,1.0377,0.137,-0.748,-0.550,-1.06,-1.25
79160,-0.0020,-0.0112,1.0280,-0.122,-0.351,-0.519,-0.63,-1.24
79181,0.0118,-0.0032,1.0475,-0.260,0.351,-0.565,-0.17,-1.23
79200,-0.0028,-0.0143,1.0483,-0.397,0.336,-0.382,-0.78,-1.23
79220,0.0062,-0.0004,1.0081,-0.382,0.702,-0.443,-0.02,-1.21
79240,0.0050,-0.0015,0.9873,-0.336,1.740,-0.550,-0.09,-1.19
79260,0.0034,-0.0070,0.9941,-0.321,1.908,-0.443,-0.40,-1.18
79300,0.0149,-0.0156,1.0298,-0.458,2.198,-0.504,-0.87,-1.19
79304,0.0092,-0.0051,1.0317,-0.412,2.122,-0.458,-0.28,-1.18
79320,0.0033,-0.0228,1.0188,-0.458,1.740,-0.397,-1.28,-1.19
79340,0.0160,-0.0142,0.9951,-0.290,1.557,-0.427,-0.82,-1.19
79360,0.0111,-0.0189,0.9792,-0.122,1.481,-0.427,-1.11,-1.19
79380,0.0082,-0.0187,1.0023,-0.611,1.282,-0.412,-1.07,-1.20
79400,0.0173,-0.0021,0.9731,-0.366,0.443,-0.397,-0.12,-1.18
79420,0.0173,-0.0088,0.9618,-0.305,0.702,-0.305,-0.52,-1.17
79440,0.0045,-0.0184,1.0048,-0.916,0.275,-0.351,-1.05,-1.19
79460,0.0098,-0.0203,0.9623,-0.763,-0.550,-0.336,-1.21,-1.21
79480,0.0034,-0.0126,0.9340,-0.275,-0.015,-0.550,-0.77,-1.20
79500,0.0082,-0.0187,0.9598,-0.687,0.260,-0.366,-1.11,-1.21
79520,0.0093,-0.0096,0.9199,-0.626,-0.046,-0.397,-0.60,-1.21
79540,0.0048,-0.0161,0.9557,-0.885,0.992,-0.321,-0.97,-1.23
79560,0.0098,-0.0118,0.9756,-0.534,0.565,-0.397,-0.70,-1.23
79580,0.0145,-0.0062,0.9479,0.168,0.580,-0.473,-0.38,-1.21
79600,-0.0048,-0.0083,0.9404,0.718,1.038,-0.382,-0.51,-1.18
79620,0.0071,-0.0378,0.9969,0.672,1.084,-0.427,-2.17,-1.18
79640,-0.0026,-0.0259,0.9998,0.534,0.412,-0.427,-1.48,-1.18
79660,0.0131,-0.0179,1.0219,0.397,0.656,-0.473,-1.01,-1.17
79680,0.0120,-0.0254,1.0236,-0.397,0.580,-0.305,-1.42,-1.18
79700,0.0139,-0.0029,0.9899,-0.824,0.031,-0.275,-0.17,-1.18
79720,0.0077,-0.0070,0.9698,-0.382,0.092,-0.229,-0.41,-1.17
79740,0.0022,-0.0258,1.0215,-0.183,0.595,-0.366,-1.44,-1.18
79760,0.0126,-0.0037,0.9442,0.229,-0.580,-0.382,-0.22,-1.15
79780,0.0088,-0.0171,0.9458,1.008,0.519,-0.244,-1.04,-1.13
79800,-0.0001,-0.0343,1.0040,0.870,0.794,-0.122,-1.96,-1.13
79820,0.0182,-0.0140,0.9574,0.855,0.122,-0.229,-0.84,-1.11
79840,-0.0052,-0.0167,0.9307,0.870,1.405,-0.336,-1.03,-1.09
79860,0.0067,-0.0137,0.9990,0.534,2.122,-0.336,-0.78,-1.07
79880,0.0063,-0.0063,0.9410,1.084,1.069,-0.397,-0.39,-1.04
79900,0.0194,-0.0195,0.9517,0.992,2.366,-0.473,-1.18,-1.02
79920,0.0159,-0.0210,0.9789,0.565,2.321,-0.519,-1.23,-1.02
79940,0.0380,-0.0159,0.9783,0.214,2.046,-0.443,-0.93,-1.01
79960,-0.0015,-0.0148,0.9448,0.473,1.756,-0.321,-0.90,-1.00
79980,0.0126,-0.0223,0.9771,0.504,2.122,-0.473,-1.31,-0.99
80001,0.0187,-0.0100,0.9933,0.672,1.115,-0.473,-0.58,-0.97
80020,0.0275,0.0011,0.9977,0.855,0.702,-0.366,0.06,-0.94
80040,0.0239,-0.0144,1.0074,0.718,0.504,-0.229,-0.82,-0.92
80060,0.0286,-0.0162,0.9692,0.550,-0.427,-0.275,-0.96,-0.91
80080,0.0148,-0.0140,1.0376,0.092,0.092,-0.229,-0.78,-0.90
80100,0.0221,-0.0024,1.0155,-0.183,-1.221,-0.183,-0.14,-0.89
80120,0.0094,0.0103,0.9305,0.137,-1.267,-0.321,0.63,-0.86
80140,0.0201,0.0023,1.0023,0.489,-0.519,-0.092,0.13,-0.83
80160,0.0206,0.0105,1.0177,0.489,-1.160,-0.015,0.59,-0.79
80180,0.0305,0.0028,0.9868,0.443,-0.565,-0.046,0.16,-0.76
80200,0.0220,-0.0027,0.9857,0.351,-0.321,-0.137,-0.16,-0.75
80220,0.0042,-0.0045,0.9846,0.046,-0.168,-0.031,-0.26,-0.74
80240,0.0120,0.0081,0.9893,-0.153,0.626,-0.015,0.47,-0.71
80260,0.0181,0.0020,0.9746,0.244,0.931,0.031,0.11,-0.69
80280,0.0178,0.0006,0.9838,0.183,1.191,0.031,0.04,-0.67
80300,0.0183,-0.0044,0.9957,0.565,1.206,0.076,-0.25,-0.65
80320,0.0336,-0.0061,0.9851,0.641,1.588,-0.015,-0.35,-0.64
80340,0.0344,-0.0002,0.9551,0.275,1.405,-0.031,-0.01,-0.62
80360,0.0137,0.0139,0.9448,0.351,1.649,0.076,0.84,-0.58
80380,0.0331,0.0118,1.0016,0.611,2.031,0.183,0.68,-0.55
80400,0.0179,0.0211,0.9152,1.267,0.443,0.092,1.32,-0.48
80420,0.0178,0.0012,0.9224,2.000,1.695,0.153,0.08,-0.43
80440,0.0138,-0.0068,0.9794,2.092,1.664,0.076,-0.40,-0.39
80460,0.0037,-0.0084,1.0125,1.817,0.748,0.015,-0.48,-0.36
80480,-0.0011,0.0009,1.0029,1.313,0.565,-0.046,0.05,-0.32
80500,0.0048,-0.0037,1.0179,1.038,0.809,-0.061,-0.21,-0.30
80520,0.0048,0.0044,1.0151,0.916,0.000,-0.092,0.25,-0.27
80540,0.0099,0.0084,1.0111,1.176,0.092,0.107,0.48,-0.23
80560,0.0049,0.0067,1.0082,1.389,-0.305,0.137,0.38,-0.19
80580,-0.0074,0.0114,1.0220,1.527,-0.885,0.015,0.64,-0.15
80600,-0.0237,0.0082,1.0126,1.618,-1.466,0.214,0.46,-0.10
80620,-0.0292,0.0023,1.0342,1.496,-1.115,0.153,0.13,-0.07
80640,-0.0311,0.0166,1.0409,0.901,-1.466,0.107,0.91,-0.03
80679,-0.0383,0.0156,1.0468,0.290,-1.160,0.168,0.86,-0.01
80683,-0.0409,0.0228,1.0566,0.321,-1.099,0.168,1.24,0.02
80700,-0.0311,0.0248,1.0474,0.168,-1.282,0.244,1.36,0.05
80720,-0.0481,0.0204,1.0021,-0.107,-1.099,0.260,1.17,0.07
80740,-0.0305,0.0320,1.0449,-0.015,0.015,0.137,1.75,0.11
80760,-0.0304,0.0220,0.9984,0.595,-0.672,0.305,1.26,0.14
80781,-0.0328,0.0193,0.9980,0.504,0.336,0.107,1.11,0.17
80800,-0.0428,0.0385,0.9883,0.046,0.672,0.153,2.23,0.21
80820,-0.0450,0.0343,1.0497,-0.168,1.374,0.244,1.87,0.24
80840,-0.0533,0.0310,0.9500,0.458,0.107,0.168,1.87,0.28
80860,-0.0537,0.0394,0.9401,0.595,1.847,0.168,2.40,0.34
80880,-0.0630,0.0330,0.9989,0.214,2.260,0.168,1.89,0.37
80900,-0.0554,0.0388,1.0101,0.244,2.015,0.260,2.20,0.41
80920,-0.0588,0.0354,0.9319,0.763,1.954,0.244,2.18,0.46
80940,-0.0485,0.0178,0.9954,0.046,3.252,0.275,1.03,0.48
80960,-0.0499,0.0348,0.9736,-0.489,1.710,0.198,2.05,0.50
80980,-0.0482,0.0305,0.9961,-0.122,2.260,0.198,1.75,0.52
81000,-0.0380,0.0366,0.9452,0.779,1.130,0.397,2.22,0.57
81020,-0.0414,0.0153,0.9132,1.374,1.145,0.412,0.96,0.60
81040,-0.0582,0.0178,0.9141,0.489,0.840,0.382,1.12,0.62
81060,-0.0520,0.0322,0.9199,0.214,1.237,0.183,2.01,0.66
81080,-0.0471,0.0320,0.8959,0.137,1.282,0.336,2.04,0.69
81100,-0.0524,0.0264,0.8927,-0.122,1.679,0.305,1.69,0.70
81120,-0.0566,0.0269,0.9567,-0.305,2.168,0.275,1.61,0.72
81141,-0.0874,0.0376,0.9122,-0.397,2.076,0.214,2.36,0.74
81160,-0.1213,0.0474,0.8085,-0.214,2.366,0.244,3.35,0.79
81180,-0.1023,0.0313,0.9287,0.015,4.229,0.107,1.93,0.81
81200,-0.0833,0.0217,1.0768,0.183,3.450,0.168,1.16,0.82
81220,-0.0883,0.0344,0.9775,-0.794,1.374,0.076,2.02,0.83
81240,-0.0903,0.0483,0.9894,-2.443,2.992,0.336,2.80,0.82
81260,-0.0918,0.0398,0.9619,-1.603,1.252,0.046,2.37,0.82
81280,-0.1211,-0.0022,1.1292,-1.511,1.908,0.015,-0.11,0.77
81300,-0.0922,0.0499,1.0267,-2.321,-1.420,-0.092,2.78,0.77
81320,-0.1074,0.0680,0.8477,-2.534,-1.740,0.214,4.59,0.80
81340,-0.1276,0.0210,1.0831,-2.458,1.359,0.076,1.11,0.75
81360,-0.1281,0.0209,1.0747,-2.000,-2.519,0.229,1.11,0.72
81381,-0.1617,0.0065,0.9636,-1.786,-1.740,0.168,0.38,0.68
81400,-0.1243,0.0178,1.0239,-3.115,-1.191,-0.107,1.00,0.63
81420,-0.1520,0.0323,0.9421,-1.847,-1.542,-0.107,1.97,0.62
81440,-0.1174,0.0311,1.0602,-0.794,0.687,-0.061,1.68,0.62
81460,-0.1436,0.0032,0.9982,-2.595,-0.076,-0.412,0.18,0.56
81480,-0.1268,0.0659,0.8824,-1.435,-0.229,-0.412,4.27,0.61
81500,-0.1549,-0.0333,1.0354,0.031,3.252,-0.550,-1.84,0.56
81520,-0.1660,0.0210,0.9305,0.458,0.168,-0.580,1.29,0.58
81540,-0.1481,0.0166,0.9460,1.878,3.176,-0.763,1.01,0.63
81560,-0.1222,-0.0289,1.0774,2.061,3.542,-0.473,-1.54,0.63
81581,-0.1434,-0.0339,1.0806,0.809,2.458,-0.641,-1.80,0.59
81600,-0.1182,-0.0137,1.0924,0.519,2.901,-0.412,-0.72,0.58
81620,-0.1095,-0.0366,0.9877,-0.397,1.466,-0.595,-2.12,0.52
81640,-0.1566,0.0149,0.9135,-0.290,1.252,-0.366,0.93,0.52
81660,-0.1339,0.0090,0.9091,1.573,1.115,-0.489,0.57,0.55
81680,-0.1160,-0.0281,0.8768,2.824,-0.351,-0.473,-1.83,0.56
81700,-0.1281,-0.0189,0.9545,3.435,-0.015,-0.565,-1.14,0.59
81720,-0.1284,0.0046,1.0059,2.015,0.076,-0.427,0.26,0.62
81740,-0.1187,0.0024,1.0751,0.229,0.031,-0.656,0.13,0.62
81760,-0.1427,0.0299,0.8557,0.550,-1.618,-0.687,2.00,0.66
81780,-0.1428,-0.0100,0.9387,-0.626,1.969,-0.779,-0.61,0.62
81800,-0.1464,0.0171,1.0063,-1.115,0.046,-0.794,0.97,0.60
81820,-0.1224,0.0068,1.0072,-0.519,0.443,-0.550,0.39,0.59
81840,-0.1415,0.0187,0.8588,1.023,-1.313,-0.779,1.25,0.62
81860,-0.1678,-0.0454,1.1881,-0.260,2.290,-0.443,-2.19,0.56
81880,-0.1760,-0.0569,1.4642,-4.550,-0.092,-1.038,-2.22,0.42
81900,-0.0930,0.0648,1.1882,-7.924,-4.076,-0.870,3.12,0.32
81920,-0.1273,0.1467,0.8168,-6.092,-4.611,-0.687,10.18,0.39
81940,-0.1237,0.0735,0.8773,-2.076,-2.183,-0.626,4.79,0.44
81960,-0.1255,0.0164,0.7385,2.977,-4.763,-0.656,1.27,0.52
81980,-0.1533,0.0023,0.6573,5.481,-3.221,-0.656,0.20,0.62
82000,-0.1364,-0.0024,1.1241,8.122,2.244,-0.183,-0.12,0.76
82020,-0.1051,-0.1327,1.0426,11.160,-6.702,-0.351,-7.25,0.82
82040,-0.1915,-0.0837,0.8253,11.435,-3.359,-0.244,-5.79,0.91
82060,-0.2516,-0.0748,1.0355,1.527,4.275,-0.687,-4.13,0.84
82099,-0.0897,-0.0044,1.0850,-0.244,9.221,-0.183,-0.23,0.81
82103,-0.1262,-0.0164,1.0917,0.260,8.275,-0.122,-0.86,0.79
82120,-0.1632,0.0215,0.8192,-0.504,3.863,-0.336,1.50,0.79
82140,-0.0498,0.0569,0.9799,-1.817,7.069,0.061,3.32,0.81
82160,-0.1697,0.0447,1.0865,-2.107,5.740,0.473,2.35,0.80
82180,-0.1547,0.0289,0.8983,-0.427,3.542,0.382,1.84,0.81
82200,-0.0740,0.0809,1.0044,3.389,7.282,-0.046,4.61,0.95
82220,-0.1083,0.0322,1.1057,0.412,3.130,0.031,1.67,0.97
82240,-0.0857,-0.0024,0.9985,-2.794,-0.504,-0.794,-0.14,0.90
82261,-0.0880,0.1083,0.9613,-2.824,-0.336,-1.420,6.43,0.95
82280,-0.0625,0.0790,1.1187,-5.160,-1.496,-0.687,4.04,0.91
82300,-0.1224,0.0564,0.9952,-4.305,-4.702,-1.298,3.24,0.87
82320,-0.0525,0.0328,1.0817,-5.344,-3.084,-1.206,1.74,0.79
82340,-0.0894,0.0911,0.9999,-4.641,-5.450,-1.023,5.20,0.78
82360,-0.0172,0.0452,0.8778,-4.489,-5.069,-1.069,2.95,0.74
82380,-0.0931,0.0088,0.7960,-1.817,-2.458,-0.733,0.63,0.70
82400,-0.0463,0.0364,0.8138,-0.458,-2.763,-0.702,2.56,0.73
82420,-0.0878,0.0164,1.1045,-0.046,2.153,-0.092,0.85,0.73
82440,-0.0947,-0.0433,1.1556,0.504,-1.679,-0.397,-2.15,0.68
82460,-0.0449,0.0156,0.9508,0.534,-2.107,-0.153,0.94,0.70
82480,-0.0861,0.0288,0.8431,0.504,2.244,0.260,1.96,0.73
82500,-0.0555,0.0020,1.0341,-0.183,5.160,0.382,0.11,0.72
82520,-0.0277,-0.0173,0.9680,1.435,3.511,0.214,-1.03,0.71
82540,-0.0072,0.0455,0.9811,1.023,3.725,0.458,2.66,0.77
82560,-0.0186,0.0040,0.9578,1.756,3.160,0.626,0.24,0.79
82580,-0.0438,0.0273,0.9312,0.244,1.847,0.504,1.68,0.82
82600,-0.0668,0.0447,1.0154,1.130,4.061,0.641,2.52,0.87
82620,-0.0035,-0.0085,1.0972,1.282,4.122,0.458,-0.45,0.87
82640,-0.0129,-0.0120,0.9398,-1.221,2.641,0.366,-0.73,0.82
82660,0.0132,0.0667,0.8903,-2.565,2.046,0.061,4.28,0.83
82680,0.0010,0.0521,0.8364,0.000,1.176,0.519,3.57,0.89
82700,-0.0437,-0.0239,0.9343,0.702,1.496,0.031,-1.47,0.86
82720,-0.0530,0.0243,1.0145,0.244,1.191,-0.122,1.37,0.87
82740,-0.0011,0.0037,0.8781,-0.489,0.076,-0.214,0.24,0.85
82760,-0.0225,0.0206,0.9701,-2.443,2.504,-0.336,1.22,0.81
82780,-0.0122,0.0195,0.9983,-2.137,0.672,-0.412,1.12,0.77
82800,-0.0229,0.0237,1.0029,-1.206,0.687,-0.397,1.35,0.76
82820,-0.0511,0.0090,0.9674,-2.168,-0.351,-0.473,0.53,0.71
82840,-0.0208,0.0328,1.0358,-1.908,0.122,-0.626,1.82,0.70
82860,-0.0109,0.0184,0.9063,-1.237,-1.511,-0.244,1.17,0.68
82880,-0.0409,0.0249,0.7075,0.916,-0.153,-0.122,2.02,0.73
82900,-0.0750,-0.0031,0.9725,0.290,2.794,-0.229,-0.18,0.72
82920,-0.0387,0.0358,1.2424,-0.336,1.802,-0.198,1.65,0.73
82940,-0.0271,-0.0206,0.9766,-0.351,-2.168,-0.290,-1.21,0.68
82960,-0.0548,-0.0165,0.8652,-0.672,0.855,-0.137,-1.09,0.63
82980,-0.0134,0.0198,1.0461,-0.076,2.137,-0.031,1.08,0.64
83001,0.0052,-0.0092,0.9320,-0.412,0.351,0.046,-0.56,0.61
83020,-0.0228,0.0239,0.8250,-0.504,2.595,0.076,1.66,0.62
83040,-0.0577,0.0439,0.9004,0.260,3.863,0.092,2.79,0.67
83060,-0.0306,0.0096,1.0459,0.947,1.756,0.000,0.53,0.68
83080,-0.0396,-0.0049,1.1765,0.198,1.527,0.198,-0.24,0.67
83101,-0.0398,0.0210,0.9626,1.496,0.000,0.183,1.25,0.71
83120,0.0018,-0.0085,1.0131,1.771,2.382,0.107,-0.48,0.72
83140,-0.0684,-0.0389,1.2960,-0.794,3.221,-0.122,-1.72,0.66
83160,-0.0287,-0.0355,1.0166,-2.244,-1.664,-0.275,-2.00,0.56
83180,-0.0262,-0.0043,0.7406,-0.718,-0.107,-0.168,-0.33,0.53
83200,-0.0404,-0.0289,1.0743,-0.855,2.977,-0.458,-1.54,0.47
83220,-0.0194,0.0256,1.1498,0.931,-2.015,-0.366,1.28,0.50
83240,-0.0212,-0.0034,0.9258,1.496,-2.702,-0.214,-0.21,0.52
83260,-0.0841,-0.0178,0.8514,0.840,0.489,-0.351,-1.20,0.50
83280,-0.0211,-0.0062,1.1080,-1.206,2.107,-0.473,-0.32,0.46
83300,-0.0437,-0.0520,1.0941,-3.008,0.153,-0.534,-2.72,0.34
83320,-0.0518,-0.0208,0.8992,-5.237,0.763,-0.687,-1.32,0.20
83340,0.0452,0.0292,0.6112,-1.099,0.733,-0.489,2.73,0.23
83360,0.0260,0.0067,0.7946,0.947,3.939,-0.214,0.48,0.26
83380,-0.0100,-0.0314,0.9786,2.198,3.634,-0.397,-1.84,0.26
83400,-0.0048,0.0378,0.8788,4.550,1.710,-0.412,2.47,0.39
83420,0.0249,-0.0403,1.1558,3.267,4.504,-0.122,-2.00,0.41
83440,-0.0427,-0.0677,1.2163,0.824,0.168,-0.351,-3.19,0.35
83460,-0.0282,-0.0050,1.2098,-1.511,0.473,-0.382,-0.24,0.31
83500,-0.0232,0.0325,0.9000,-4.321,-0.458,-0.427,2.07,0.26
83504,-0.0044,0.0551,0.8308,-3.679,-0.824,-0.443,3.79,0.26
83520,0.0020,0.0415,0.9323,-1.389,-1.725,-0.382,2.55,0.28
83540,-0.0187,0.0024,1.0292,1.282,-2.382,-0.244,0.14,0.30
83560,-0.0304,0.0341,1.0219,2.061,-3.710,0.046,1.91,0.37
83580,-0.0050,-0.0133,1.0624,3.008,-3.160,0.046,-0.72,0.41
83600,-0.0450,-0.0258,0.8701,4.137,-3.878,0.229,-1.70,0.45
83620,-0.0638,-0.0582,0.9513,2.565,-0.229,0.000,-3.50,0.42
83641,-0.0702,-0.0305,1.0443,0.443,0.183,-0.214,-1.67,0.39
83660,-0.0454,-0.0125,1.1104,-1.344,1.221,-0.290,-0.64,0.34
83680,0.0023,0.0303,1.0172,0.000,-0.061,-0.382,1.70,0.37
83700,-0.0042,0.0200,1.0536,0.824,0.702,-0.229,1.09,0.40
83720,-0.0562,0.0005,1.0693,0.382,0.198,-0.244,0.03,0.40
83740,-0.0377,0.0355,1.0775,-0.015,1.099,-0.076,1.89,0.43
83760,-0.0310,0.0061,1.0294,-0.718,1.069,-0.122,0.34,0.41
83780,-0.0356,-0.0040,0.9844,-2.412,1.450,-0.015,-0.23,0.35
83800,-0.0013,0.0315,1.0306,-2.107,1.038,-0.061,1.75,0.34
83820,-0.0052,0.0338,0.9594,-2.336,-0.840,-0.198,2.02,0.33
83840,-0.0520,0.0491,1.0349,-2.153,1.221,-0.214,2.71,0.33
83860,0.0056,0.0477,1.1083,-0.962,-0.519,-0.137,2.47,0.35
83880,0.0027,-0.0195,0.9579,-0.198,-1.740,-0.015,-1.17,0.32
83900,-0.0635,0.0242,0.8495,0.015,-0.809,-0.290,1.63,0.35
83920,0.0039,0.0513,1.0630,-0.122,1.969,-0.107,2.76,0.39
83940,-0.0272,-0.0320,0.9994,-0.840,-1.710,-0.336,-1.83,0.33
83960,-0.0405,0.0378,0.9452,-1.771,0.244,-0.336,2.29,0.34
83980,-0.0151,0.0670,0.9377,-1.649,-0.275,-0.214,4.09,0.38
84000,-0.0283,-0.0205,1.1136,-2.000,2.412,-0.214,-1.05,0.31
84020,-0.0410,0.0032,1.0104,-0.748,-1.099,-0.412,0.18,0.29
84041,-0.0525,0.0088,0.9315,-1.420,0.290,-0.122,0.54,0.27
84060,-0.0455,0.0043,0.8773,0.229,0.153,-0.046,0.28,0.28
84080,-0.0040,0.0092,0.9104,2.275,1.878,0.229,0.58,0.33
84100,-0.0339,0.0289,0.6959,4.275,-1.130,0.122,2.38,0.45
84120,0.0027,-0.0771,1.0333,3.023,5.527,0.336,-4.27,0.42
84140,-0.0291,-0.0303,1.1169,0.870,0.458,0.107,-1.55,0.39
84160,-0.0184,-0.0077,1.0168,1.237,-0.168,0.153,-0.43,0.40
84180,-0.0587,-0.0090,1.0151,0.397,1.511,0.305,-0.51,0.39
84200,-0.0172,0.0494,0.9840,-0.504,0.947,0.061,2.88,0.43
84220,0.0262,0.0366,0.9601,0.748,0.840,0.153,2.18,0.48
84240,-0.0188,-0.0098,1.0074,1.069,1.328,0.137,-0.56,0.48
84260,0.0054,0.0439,0.9021,1.817,-1.344,0.244,2.79,0.56
84280,-0.0060,0.0098,1.0995,1.649,0.336,0.244,0.51,0.59
84300,-0.0535,0.0168,1.1300,0.840,-2.870,0.366,0.85,0.62
84320,-0.0160,0.0233,0.9695,1.374,-2.962,0.046,1.38,0.66
84340,-0.0334,0.0223,0.9558,0.901,-0.565,0.366,1.34,0.69
84360,-0.0516,0.0203,1.1919,-1.374,0.443,0.183,0.97,0.67
84380,-0.0115,0.0598,0.9628,-0.916,-3.817,0.321,3.56,0.71
84400,-0.0388,0.0140,0.9537,-0.901,0.748,0.305,0.84,0.69
84420,-0.0389,0.0311,1.0306,-3.160,0.565,0.260,1.73,0.65
84440,-0.0283,0.0885,1.0006,-2.794,1.115,0.198,5.05,0.68
84460,-0.0366,0.0824,1.0457,-3.160,2.214,0.412,4.51,0.70
84480,-0.0162,0.0563,0.8575,-0.107,0.137,0.351,3.75,0.76
84500,-0.0039,0.0112,0.8839,1.099,2.351,0.458,0.73,0.78
84520,-0.0466,0.0037,1.1323,-0.260,3.450,0.290,0.19,0.76
84540,-0.0221,0.0082,0.9985,-1.527,0.580,0.275,0.47,0.73
84560,-0.0259,0.0599,0.8422,-1.832,2.244,0.427,4.07,0.76
84580,-0.0203,0.0226,0.8907,-0.580,3.450,0.489,1.45,0.76
84600,-0.0062,-0.0040,0.9629,0.046,2.901,0.137,-0.24,0.74
84620,-0.0436,0.0699,0.9001,0.656,1.695,0.198,4.44,0.83
84640,-0.0203,0.0159,0.9225,2.992,2.427,0.412,0.99,0.89
84660,-0.0114,-0.0327,1.0516,3.511,2.000,0.397,-1.78,0.90
84680,-0.0586,-0.0201,1.2601,-0.412,1.618,0.290,-0.92,0.86
84700,-0.0602,-0.0181,1.2488,-3.420,-0.214,0.198,-0.83,0.76
84720,-0.0092,-0.0233,1.1129,-4.870,-2.153,-0.076,-1.20,0.62
84740,0.0100,0.0480,0.9419,-3.863,-3.084,-0.061,2.92,0.59
84760,-0.0081,0.0377,0.8743,-1.740,-4.183,-0.137,2.47,0.60
84780,-0.0259,-0.0020,0.8153,-1.023,-3.252,0.061,-0.14,0.56
84800,-0.0313,0.0391,0.8849,1.206,-3.221,-0.015,2.53,0.63
84821,-0.0454,-0.0070,1.1887,2.107,-1.710,0.366,-0.34,0.65
84840,-0.0616,-0.0500,1.1523,-0.443,-4.244,0.092,-2.49,0.58
84860,-0.0541,0.0002,1.1194,-1.985,-2.214,-0.366,0.01,0.53
84880,-0.0343,0.0137,1.1709,-3.695,-0.885,-0.275,0.67,0.46
84920,-0.0043,0.0477,1.0251,-6.260,-0.412,-0.412,2.67,0.38
84924,0.0148,0.0746,1.0164,-6.107,-0.229,-0.382,4.20,0.34
84940,0.0164,0.0404,1.0132,-5.832,0.412,-0.397,2.28,0.26
84960,0.0222,0.0234,0.9049,-4.305,-1.313,-0.336,1.48,0.20
84980,-0.0055,0.0125,0.9250,-1.710,0.321,-0.321,0.77,0.18
85000,0.0017,-0.0162,0.9763,0.595,0.656,-0.290,-0.95,0.17
85020,-0.0024,-0.0378,0.9622,1.710,0.931,-0.275,-2.25,0.15
85040,-0.0172,-0.0481,1.1464,-0.504,3.145,-0.275,-2.40,0.09
85060,-0.0132,-0.0332,1.1658,-2.305,1.435,-0.473,-1.63,0.01
85080,0.0007,-0.0153,0.9645,-2.809,0.748,-0.458,-0.91,-0.06
85100,-0.0260,-0.0024,1.1040,-5.374,3.679,-0.565,-0.13,-0.17
85120,0.0146,0.0079,1.0002,-5.160,0.229,-0.687,0.45,-0.26
85140,0.0085,0.0468,0.7544,-3.328,0.107,-0.504,3.55,-0.25
85160,0.0153,0.0009,0.9554,-2.504,3.817,-0.336,0.05,-0.29
85180,0.0391,-0.0157,1.0503,-1.511,0.183,-0.305,-0.86,-0.33
85200,0.0237,-0.0148,0.9120,-1.115,-0.840,-0.214,-0.93,-0.36
85220,0.0114,-0.0040,0.8765,-0.565,-0.046,-0.260,-0.26,-0.37
85240,0.0410,-0.0464,0.9976,0.305,0.916,-0.260,-2.66,-0.41
85260,0.0242,-0.0133,0.9237,0.931,-0.748,-0.137,-0.83,-0.40
85280,0.0507,-0.0161,0.8972,-0.214,1.221,-0.137,-1.03,-0.42
85300,0.0574,0.0262,0.9557,-0.580,0.885,0.183,1.57,-0.39
85320,0.0552,-0.0126,1.0812,0.611,0.046,0.137,-0.67,-0.38
85340,0.0393,-0.0240,1.0455,-0.153,-0.763,0.351,-1.32,-0.41
85360,0.0405,0.0310,0.8112,0.229,-1.481,0.443,2.19,-0.35
85380,0.0343,-0.0170,1.0072,1.023,1.710,0.626,-0.97,-0.34
85400,0.0155,-0.0302,1.0945,0.885,-0.809,0.626,-1.58,-0.35
85420,0.0525,-0.0134,0.9817,-0.809,-0.229,0.916,-0.78,-0.37
85440,0.0475,0.0038,0.8828,-1.969,0.290,0.901,0.25,-0.40
85460,0.0480,0.0004,0.9288,-1.282,0.885,0.870,0.02,-0.42
85480,0.0198,0.0291,0.8376,0.305,0.321,0.702,1.99,-0.36
85500,0.0150,-0.0243,1.0507,0.794,4.092,0.489,-1.32,-0.37
85520,0.0516,0.0164,1.0433,1.969,0.214,0.473,0.90,-0.30
85540,0.0292,-0.0497,1.1511,2.565,0.260,0.244,-2.47,-0.30
85560,-0.0248,-0.0371,1.1602,-1.115,-0.397,0.382,-1.83,-0.35
85580,0.0392,-0.0254,1.2045,-5.038,1.191,0.015,-1.21,-0.46
85600,0.0515,0.0348,1.0638,-5.802,-1.405,0.031,1.87,-0.53
85620,0.0298,0.0087,0.9083,-3.588,-2.427,-0.290,0.55,-0.58
85640,0.0339,-0.0095,0.8470,-3.160,-0.595,-0.321,-0.64,-0.64
85660,0.0332,0.0193,0.8654,-2.534,-1.527,-0.580,1.28,-0.65
85680,-0.0243,0.0002,0.9348,-0.427,0.321,-0.397,0.01,-0.65
85700,-0.0055,-0.0530,1.0610,0.504,2.275,-0.153,-2.86,-0.68
85720,0.0267,-0.0872,1.0933,-1.053,0.656,-0.519,-4.56,-0.78
85740,-0.0342,-0.0658,1.0353,-2.779,1.634,-0.824,-3.64,-0.89
85760,0.0007,-0.0183,1.0642,-3.756,2.962,-0.977,-0.99,-0.97
85780,0.0381,0.0059,0.9208,-1.145,0.779,-0.885,0.36,-0.96
85800,0.0303,-0.0575,0.8962,-0.229,2.519,-0.931,-3.67,-1.02
85820,0.0197,-0.0636,1.0105,-1.847,1.527,-1.023,-3.60,-1.11
85840,0.0421,-0.0458,0.9727,-0.656,0.580,-0.656,-2.69,-1.16
85860,0.0165,-0.0201,0.9363,0.412,-0.458,-0.534,-1.23,-1.15
85880,-0.0115,-0.0419,1.0658,2.260,0.687,-0.519,-2.25,-1.13
85900,0.0095,-0.0734,1.0396,2.656,-1.542,-0.656,-4.04,-1.13
85920,-0.0168,-0.0852,0.9886,1.053,-0.260,-0.733,-4.93,-1.19
85940,-0.0028,-0.0466,0.7969,1.099,-1.771,-0.687,-3.35,-1.21
85960,0.0216,-0.0425,0.8811,3.511,0.702,-0.626,-2.76,-1.17
85980,-0.0178,-0.0825,1.2625,1.740,2.824,-0.611,-3.74,-1.19
86000,-0.0258,-0.0743,0.9943,1.008,-3.511,-0.855,-4.28,-1.23
86020,-0.0269,-0.0303,0.9043,-0.076,-0.290,-0.901,-1.92,-1.25
86040,-0.0758,-0.0487,1.1453,-0.779,3.237,-0.870,-2.44,-1.29
86061,0.0024,-0.0808,1.0665,-1.817,-0.611,-1.099,-4.33,-1.38
86080,-0.0420,0.0007,0.7816,-1.985,-0.183,-0.870,0.05,-1.39
86100,-0.0112,-0.0012,0.9541,-2.473,3.359,-0.931,-0.07,-1.41
86120,-0.0071,-0.0282,0.9352,-0.641,-0.718,-0.855,-1.73,-1.43
86140,-0.0535,-0.0272,1.0509,-0.992,1.863,-1.038,-1.48,-1.45
86160,-0.0374,-0.0150,1.0327,-1.069,0.565,-0.885,-0.83,-1.46
86180,-0.0016,-0.0341,1.0265,-0.916,-0.611,-1.023,-1.90,-1.49
86200,-0.0652,-0.0316,1.0883,-0.550,1.176,-0.779,-1.66,-1.50
86220,-0.0250,-0.0549,1.0259,-1.038,-0.565,-1.252,-3.07,-1.55
86240,-0.0411,-0.0271,1.0392,-2.931,-0.137,-0.901,-1.49,-1.61
86260,-0.0190,-0.0272,1.0658,-2.000,-0.382,-1.130,-1.46,-1.65
86299,-0.0502,-0.0308,1.0797,-1.496,1.084,-0.885,-1.63,-1.68
86304,-0.0425,-0.0356,1.0981,-1.420,0.840,-0.855,-1.86,-1.71
86320,-0.0417,-0.0652,1.0568,0.107,-2.397,-0.824,-3.53,-1.74
86340,-0.0481,-0.0559,1.0657,0.229,-1.389,-0.702,-3.00,-1.76
86360,-0.0496,-0.0579,0.9863,0.305,-1.573,-0.702,-3.36,-1.79
86380,-0.0341,-0.0604,1.0176,0.748,-0.672,-0.718,-3.40,-1.81
86400,-0.0391,-0.0559,0.9816,0.504,-0.336,-0.641,-3.26,-1.83
86420,-0.0515,-0.0397,0.8844,-0.137,0.092,-0.748,-2.57,-1.84
86440,-0.0166,-0.0597,1.0397,-0.290,1.756,-0.733,-3.29,-1.88
86460,-0.0327,-0.0566,1.0994,1.130,-0.366,-0.718,-2.95,-1.88
86480,-0.0596,-0.0303,1.0514,2.092,-0.183,-0.656,-1.65,-1.83
86500,-0.0903,-0.0580,1.0160,0.962,0.092,-0.840,-3.27,-1.84
86520,-0.0779,-0.0315,1.0217,1.374,0.427,-0.901,-1.77,-1.81
86540,-0.0533,-0.0172,0.9224,1.924,-0.351,-0.641,-1.07,-1.76
86560,-0.0590,-0.0563,0.9679,1.939,1.084,-0.763,-3.33,-1.75
86580,-0.0510,-0.0492,1.0314,1.099,-0.015,-0.733,-2.73,-1.75
86600,-0.0209,0.0098,0.9580,1.237,-0.626,-0.641,0.58,-1.68
86620,-0.0696,-0.0437,1.0225,0.687,1.542,-0.672,-2.45,-1.68
86640,-0.0800,-0.0409,1.0311,0.244,0.885,-0.641,-2.27,-1.69
86660,-0.0577,-0.0315,1.0869,-0.641,1.282,-0.687,-1.66,-1.70
86680,-0.0626,-0.0128,0.9766,-1.832,0.489,-0.336,-0.75,-1.72
86700,-0.0548,-0.0067,0.7413,-0.122,-0.489,-0.550,-0.52,-1.70
86720,-0.0798,-0.0228,0.9736,0.000,3.389,-0.351,-1.34,-1.69
86740,-0.0624,-0.0454,1.1937,-0.122,2.076,-0.580,-2.18,-1.70
86760,-0.0964,-0.0212,0.9480,0.031,-1.695,-0.550,-1.28,-1.69
86780,-0.1279,-0.0009,0.8497,0.229,0.275,-0.626,-0.06,-1.66
86800,-0.1179,-0.0500,1.1993,-1.557,3.328,-0.565,-2.39,-1.70
86820,-0.1033,-0.0349,1.0845,-2.794,-0.901,-0.824,-1.84,-1.76
86840,-0.0902,-0.0083,0.9886,-3.832,0.519,-0.992,-0.48,-1.81
86860,-0.0576,0.0145,0.9445,-2.046,-0.244,-1.053,0.88,-1.79
86880,-0.0762,-0.0204,0.9279,-1.649,-1.176,-0.992,-1.26,-1.82
86900,-0.1204,-0.0316,1.0037,-1.176,0.198,-1.145,-1.80,-1.84
86921,-0.0850,-0.0577,0.9969,-0.687,0.473,-1.084,-3.31,-1.88
86940,-0.0740,-0.0582,1.0465,-1.405,0.351,-0.977,-3.18,-1.94
86960,-0.1133,-0.0396,0.9275,-0.763,-1.130,-0.702,-2.44,-1.96
86980,-0.0793,-0.0487,0.9027,-0.550,1.206,-1.038,-3.09,-1.99
87000,-0.0795,-0.0144,0.8691,0.244,1.008,-1.023,-0.95,-1.97
87020,-0.0703,-0.0289,1.0653,-0.366,3.863,-0.885,-1.56,-1.97
87040,-0.0642,-0.0349,0.9773,-0.641,0.840,-0.870,-2.05,-1.98
87060,-0.0811,-0.0272,0.8398,1.527,0.977,-0.947,-1.86,-1.95
87080,-0.1073,-0.0502,1.1306,0.168,4.351,-0.947,-2.54,-1.96
87100,-0.0842,-0.0498,1.2471,-0.733,1.267,-1.130,-2.29,-1.98
87120,-0.0817,-0.0299,1.0573,0.366,-1.130,-0.947,-1.62,-1.96
87140,-0.0477,-0.0355,0.9911,1.802,-1.466,-0.824,-2.05,-1.93
87160,-0.0649,-0.0297,0.8180,2.611,-3.450,-0.718,-2.08,-1.88
87180,-0.0934,-0.0256,0.9276,0.733,1.344,-0.702,-1.58,-1.86
87200,-0.0837,-0.0411,0.9038,1.252,-1.679,-0.855,-2.61,-1.85
87220,-0.0594,-0.0679,1.0028,2.321,-0.534,-0.824,-3.87,-1.85
87240,-0.0859,0.0201,1.0759,0.427,-1.893,-0.824,1.07,-1.78
87260,-0.1062,-0.0527,1.0905,-0.153,-1.359,-0.824,-2.77,-1.80
87280,-0.1190,-0.0381,1.1151,-1.817,0.275,-0.885,-1.96,-1.84
87300,-0.1136,0.0040,0.9462,0.031,-2.061,-1.328,0.24,-1.80
87320,-0.0707,-0.0414,0.9148,0.962,1.252,-0.916,-2.59,-1.80
87340,-0.0853,-0.0598,0.9600,-0.321,0.351,-1.389,-3.57,-1.84
87360,-0.0343,0.0352,1.0316,-1.099,-0.122,-1.023,1.95,-1.78
87380,-0.1056,-0.0313,1.1298,-2.214,1.115,-0.870,-1.58,-1.82
87400,-0.1061,-0.0237,1.1647,-4.260,0.336,-0.824,-1.16,-1.89
87420,-0.0623,-0.0123,0.9995,-1.634,-1.282,-1.313,-0.71,-1.90
87440,-0.0618,-0.0287,0.9865,-4.000,1.924,-0.794,-1.67,-1.98
87460,-0.1075,0.0275,0.8893,-3.206,0.794,-0.840,1.77,-1.96
87480,-0.0248,-0.0105,0.9479,0.092,1.939,-0.382,-0.63,-1.94
87500,-0.0994,-0.0251,0.9161,2.412,-0.107,-0.489,-1.57,-1.88
87520,-0.0630,-0.0659,1.1887,0.168,2.580,-0.840,-3.17,-1.90
87540,-0.0984,-0.0276,0.9767,-1.786,-2.412,-0.672,-1.62,-1.93
87560,-0.0702,-0.0046,0.9230,-1.313,0.718,-0.870,-0.29,-1.93
87580,-0.1011,-0.0094,0.9453,0.534,0.992,-0.565,-0.57,-1.89
87600,-0.0460,-0.0599,1.0555,-0.550,1.237,-0.916,-3.25,-1.93
87640,-0.0663,0.0126,0.9479,-1.267,-0.748,-0.473,0.76,-1.90
87644,-0.0447,0.0341,0.9357,-0.427,-0.565,-0.489,2.08,-1.83
87660,-0.1111,-0.0739,1.1614,1.252,0.427,-0.641,-3.64,-1.84
87680,-0.0690,-0.0680,1.1050,-0.183,-2.260,-0.534,-3.52,-1.87
87700,-0.0670,-0.0687,0.8289,-0.061,-1.924,-0.656,-4.74,-1.93
87720,-0.0602,-0.0544,1.0090,-2.076,1.176,-0.519,-3.09,-2.00
87740,-0.1112,0.0088,0.9181,0.244,-2.855,-0.595,0.55,-1.94
87760,-0.0371,-0.0428,1.1085,0.473,0.916,-0.626,-2.21,-1.94
87780,-0.1122,-0.0624,1.0485,-1.771,-1.863,-0.733,-3.40,-2.00
87800,-0.0814,0.0309,0.9657,-1.313,-1.191,-0.916,1.83,-1.95
87820,-0.0876,0.0023,1.0680,-0.687,1.527,-0.427,0.12,-1.92
87840,-0.0825,-0.0187,0.9751,-0.718,-0.489,-0.656,-1.10,-1.92
87860,-0.0741,-0.0243,0.9056,0.519,1.252,-0.565,-1.54,-1.90
87880,-0.0841,-0.0071,0.9244,0.672,1.084,-0.504,-0.44,-1.86
87900,-0.0817,-0.0122,0.9509,2.641,0.626,-0.458,-0.74,-1.79
87920,-0.0763,-0.0436,0.9175,5.221,0.534,-0.504,-2.72,-1.70
87940,-0.0760,-0.0574,0.8982,4.260,1.115,-0.595,-3.65,-1.66
87960,-0.0839,-0.0339,1.0034,1.344,2.412,-0.550,-1.94,-1.64
87980,-0.1174,0.0211,0.9697,0.046,1.908,-0.351,1.25,-1.58
88001,-0.0759,0.0084,1.0520,-0.580,3.206,-0.275,0.46,-1.55
88020,-0.0990,0.0153,1.0063,-1.145,1.679,-0.153,0.87,-1.52
88040,-0.0714,0.0358,0.8932,-0.550,1.695,-0.015,2.29,-1.46
88060,-0.0887,0.0532,0.7916,0.656,1.588,0.397,3.85,-1.34
88080,-0.0745,0.0289,0.8259,3.649,2.870,0.763,2.01,-1.20
88100,-0.0510,-0.0640,0.8708,3.664,2.504,0.992,-4.20,-1.19
88120,-0.0874,-0.0050,0.8757,3.160,2.183,0.962,-0.33,-1.11
88140,-0.0706,-0.0350,1.0435,1.603,2.916,0.931,-1.92,-1.09
88160,-0.0869,0.0233,1.0100,1.267,0.244,0.779,1.32,-1.02
88180,-0.0793,0.0195,0.9406,1.160,1.450,0.763,1.19,-0.95
88200,-0.0760,0.0739,0.9928,0.229,1.695,0.885,4.25,-0.85
88220,-0.0613,0.0723,1.0957,-0.122,0.565,0.763,3.77,-0.76
88240,-0.0825,0.0502,1.0280,-0.015,-0.870,1.084,2.79,-0.68
88260,-0.0717,0.0575,0.9677,-0.122,-1.466,1.130,3.40,-0.61
88280,-0.0682,0.0205,1.0256,-0.061,-1.557,1.221,1.15,-0.57
88300,-0.0985,0.0122,0.9961,0.244,-2.412,1.176,0.70,-0.54
88320,-0.0861,0.0651,0.9980,-1.160,-1.160,1.298,3.73,-0.48
88340,-0.1106,0.0601,0.9198,-0.351,-1.924,1.466,3.74,-0.40
88360,-0.1259,0.0276,0.9484,0.534,0.718,1.573,1.67,-0.35
88380,-0.1327,0.0618,0.9071,-0.534,-0.107,1.313,3.90,-0.27
88400,-0.1285,0.0830,1.1034,-0.763,3.786,1.481,4.30,-0.20
88420,-0.1156,0.0342,1.0126,-0.046,1.267,1.374,1.93,-0.16
88440,-0.1135,0.0437,0.9464,0.351,3.145,1.374,2.64,-0.09
88460,-0.1498,0.0814,0.9479,-0.153,3.710,1.649,4.91,0.00
88480,-0.1321,0.0223,1.0591,-0.931,5.130,1.557,1.21,0.01
88500,-0.1023,0.0878,1.0001,0.473,2.595,1.481,5.02,0.12
88520,-0.1168,0.0614,0.9852,-0.198,3.160,1.511,3.57,0.18
88540,-0.1422,0.0260,1.0328,-0.885,3.023,1.374,1.44,0.19
88560,-0.1305,0.0637,1.0371,-1.893,0.626,1.298,3.52,0.22
88580,-0.1360,0.0840,0.9167,-0.550,0.366,1.267,5.23,0.31
88600,-0.1592,0.0427,0.8599,1.130,0.489,1.069,2.84,0.38
88620,-0.1459,0.0116,1.1240,1.084,2.305,0.901,0.59,0.41
88640,-0.1602,0.0372,1.0739,1.359,-2.794,0.855,1.99,0.47
88660,-0.1539,0.0159,1.0270,0.687,-0.550,0.901,0.89,0.49
88680,-0.1860,0.0081,0.9102,-1.069,-1.695,0.763,0.51,0.47
88700,-0.1968,0.0228,1.0074,-1.634,-0.122,0.458,1.30,0.45
88720,-0.1942,0.0237,1.0291,-2.168,-0.718,0.489,1.32,0.43
88740,-0.1708,0.0371,0.9238,-2.076,-0.214,0.214,2.30,0.42
88760,-0.1868,0.0472,0.8782,-0.718,-0.489,0.366,3.08,0.46
88780,-0.1669,0.0048,0.9519,1.282,0.382,0.656,0.29,0.48
88800,-0.2081,-0.0156,0.9474,0.763,0.870,0.473,-0.94,0.47
88820,-0.2235,-0.0133,1.0812,-1.527,2.855,0.427,-0.71,0.42
88841,-0.1959,0.0034,1.0453,-2.260,1.115,0.198,0.19,0.37
88860,-0.1748,0.0145,0.9822,-1.863,1.618,0.137,0.85,0.34
88880,-0.1985,0.0345,0.9922,-2.290,1.282,-0.076,1.99,0.33
88900,-0.1678,0.0681,0.9458,-1.038,1.344,0.198,4.12,0.39
88920,-0.1868,0.0280,0.8192,1.481,0.107,0.168,1.95,0.45
88940,-0.2202,-0.0164,1.1115,1.557,3.160,0.260,-0.84,0.45
88960,-0.1987,-0.0397,1.2023,-0.153,-0.763,0.046,-1.89,0.40
88980,-0.1887,-0.0288,0.8745,-0.687,-2.840,-0.015,-1.89,0.34
89000,-0.2335,-0.0197,0.9905,-1.710,2.076,-0.031,-1.14,0.28
89043,-0.1853,0.0023,0.9607,-1.053,0.229,-0.198,0.14,0.26
89047,-0.2268,-0.0078,0.9692,-1.496,0.336,-0.107,-0.46,0.21
89060,-0.1943,0.0133,1.0657,-2.275,1.573,-0.168,0.72,0.18
89080,-0.1736,0.0444,0.8527,-0.885,-1.466,0.031,2.98,0.22
89100,-0.1896,-0.0026,0.9008,0.672,0.763,-0.122,-0.16,0.22
89120,-0.2236,-0.0403,1.0948,-0.412,1.939,0.092,-2.11,0.17
89140,-0.2141,-0.0212,1.0757,-2.092,-0.214,-0.137,-1.13,0.10
89160,-0.1788,0.0433,0.9125,-1.450,-0.046,-0.031,2.72,0.12
89180,-0.1783,-0.0203,0.9766,-1.695,1.649,0.046,-1.19,0.06
89200,-0.2229,0.0126,0.9965,-1.878,0.702,-0.122,0.72,0.04
89220,-0.1594,-0.0118,1.0737,-1.817,1.420,0.137,-0.63,-0.01
89240,-0.1874,-0.0222,0.9149,-1.221,-1.099,-0.015,-1.39,-0.06
89260,-0.1910,0.0098,0.8772,-0.015,0.565,-0.168,0.64,-0.05
89280,-0.1814,0.0289,1.0052,-0.061,1.496,-0.015,1.65,-0.01
89300,-0.2386,0.0029,1.0702,-1.053,0.489,-0.122,0.16,-0.03
89320,-0.2251,-0.0179,1.1729,-2.305,0.977,-0.290,-0.88,-0.09
89340,-0.1946,0.0295,1.0988,-2.550,-0.840,-0.534,1.54,-0.11
89360,-0.1782,0.0447,0.8571,-0.321,-3.069,-0.656,2.98,-0.05
89381,-0.1923,-0.0375,0.9729,-1.237,0.534,-0.534,-2.21,-0.12
89400,-0.2035,-0.0040,0.9037,-0.809,-2.351,-0.672,-0.26,-0.14
89420,-0.2035,0.0187,0.7745,0.580,-1.359,-0.183,1.38,-0.10
89440,-0.2327,-0.0029,0.9886,0.000,2.794,-0.046,-0.17,-0.10
89460,-0.2426,-0.0343,0.9857,0.794,-0.870,-0.336,-1.99,-0.12
89480,-0.2383,-0.0305,1.0815,-0.076,1.115,0.000,-1.62,-0.15
89500,-0.2876,-0.0260,1.1589,-2.229,0.824,-0.153,-1.29,-0.22
89520,-0.2457,0.0187,1.0902,-2.214,0.962,0.061,0.98,-0.24
89540,-0.3075,0.0524,0.8466,-1.130,0.229,0.168,3.54,-0.19
89560,-0.3503,0.0050,1.0090,-1.878,3.908,0.321,0.28,-0.21
89580,-0.3175,0.0363,1.0433,-1.191,1.160,0.290,1.99,-0.19
89600,-0.2927,0.0085,0.8610,0.809,0.015,0.397,0.57,-0.16
89620,-0.3271,-0.0090,0.8867,-0.168,1.130,0.122,-0.58,-0.17
89640,-0.3699,0.0168,1.0581,-0.031,1.511,0.168,0.91,-0.15
89660,-0.2959,0.0106,1.1620,-0.153,-0.198,0.137,0.52,-0.14
89680,-0.3344,-0.0005,0.8860,0.885,-2.840,-0.168,-0.03,-0.12
89700,-0.3323,-0.0106,0.9698,-1.405,2.489,-0.473,-0.63,-0.16
89720,-0.3062,0.0219,0.9580,-1.450,0.489,-0.382,1.31,-0.16
89740,-0.2534,-0.0281,1.0303,-1.435,1.893,-0.351,-1.56,-0.22
89761,-0.2881,0.0204,0.8473,-0.397,0.137,-0.519,1.38,-0.19
89780,-0.2708,0.0430,0.9403,-0.031,2.840,-0.244,2.62,-0.14
89800,-0.2310,0.0197,0.9900,0.779,1.344,-0.153,1.14,-0.09
89820,-0.2930,-0.0164,0.9514,1.099,0.031,0.046,-0.98,-0.09
89840,-0.3314,-0.0320,1.0774,-0.260,1.786,0.000,-1.70,-0.13
89860,-0.2965,0.0143,1.0447,-0.870,-0.015,-0.244,0.78,-0.13
89880,-0.2722,-0.0183,0.9930,-0.092,0.473,-0.275,-1.06,-0.15
89900,-0.2670,-0.0111,1.0354,-1.115,0.626,-0.321,-0.61,-0.18
89920,-0.2965,0.0253,0.8981,-1.618,-1.725,-0.351,1.61,-0.17
89940,-0.2728,0.0208,0.9481,-1.450,1.267,-0.519,1.25,-0.17
89960,-0.2817,0.0258,0.9657,-1.115,-0.183,-0.183,1.53,-0.16
89981,-0.2643,-0.0021,0.9120,-0.229,-1.023,-0.504,-0.13,-0.17
90000,-0.3049,0.0314,0.7924,1.557,-0.382,-0.443,2.27,-0.09
90020,-0.2993,-0.0118,0.8645,2.977,1.405,-0.351,-0.78,-0.04
90040,-0.3280,-0.0197,1.0131,2.397,2.000,-0.473,-1.11,-0.02
90060,-0.3280,-0.0266,1.0222,1.969,1.206,-0.519,-1.49,-0.01
90080,-0.3035,-0.0626,1.0302,1.954,1.511,-0.779,-3.48,-0.04
90100,-0.3315,-0.0453,1.0323,0.840,1.634,-0.809,-2.51,-0.07
90120,-0.3021,0.0006,1.0034,0.244,1.099,-0.977,0.03,-0.06
90140,-0.3075,0.0033,0.9816,-0.687,1.634,-0.824,0.19,-0.07
90160,-0.3285,0.0009,0.9222,-0.916,1.481,-1.130,0.05,-0.09
90180,-0.3243,-0.0002,1.0294,-0.885,2.916,-1.252,-0.01,-0.10
90200,-0.3042,-0.0321,1.1388,-1.802,1.481,-1.252,-1.61,-0.17
90220,-0.3312,0.0020,0.9950,-2.000,-1.664,-1.069,0.11,-0.20
90240,-0.3429,-0.0129,0.9617,-2.427,-0.748,-1.115,-0.77,-0.26
90260,-0.3717,0.0142,0.9119,-1.863,-1.573,-0.947,0.89,-0.28
90280,-0.3514,-0.0049,0.9348,-1.038,-0.198,-0.855,-0.30,-0.30
90300,-0.3956,-0.0117,0.9844,-1.542,0.366,-0.687,-0.68,-0.33
90320,-0.3499,-0.0281,0.9882,-0.382,0.092,-0.748,-1.63,-0.37
90340,-0.3883,-0.0348,0.9576,-0.183,-0.122,-0.779,-2.08,-0.41
90360,-0.3661,-0.0630,1.0280,-0.107,-0.046,-0.977,-3.51,-0.47
90401,-0.4103,-0.0424,0.9751,-0.977,0.397,-1.008,-2.49,-0.53
90405,-0.3964,-0.0417,0.9639,-1.725,0.611,-0.992,-2.48,-0.60
90420,-0.4421,-0.0214,1.0526,-3.435,1.313,-1.176,-1.16,-0.68
90440,-0.3700,0.0516,1.0011,-3.634,0.779,-1.176,2.95,-0.68
90460,-0.3727,0.0344,1.0005,-2.794,1.710,-1.130,1.97,-0.68
90480,-0.3810,0.0308,1.0482,-2.550,1.573,-1.145,1.68,-0.68
90500,-0.3815,0.0363,0.9738,-2.046,0.153,-1.023,2.13,-0.67
90520,-0.3755,0.0234,0.9790,-1.863,0.198,-1.053,1.37,-0.66
90540,-0.3837,0.0034,0.9581,-0.626,-0.305,-0.870,0.20,-0.66
90560,-0.3898,-0.0023,0.9814,-0.351,0.198,-0.687,-0.14,-0.65
90580,-0.3903,-0.0076,0.9905,-0.137,-0.336,-0.443,-0.44,-0.65
90600,-0.3821,-0.0139,0.8992,0.275,-0.626,-0.366,-0.89,-0.65
90620,-0.3835,0.0016,1.0104,-0.351,1.298,-0.519,0.09,-0.64
90640,-0.3726,-0.0033,1.0603,-2.290,0.321,-0.580,-0.18,-0.68
90660,-0.3682,0.0310,0.8320,-3.084,-0.794,-0.733,2.13,-0.68
90680,-0.4225,0.0376,0.7617,-2.061,1.542,-0.855,2.83,-0.65
90700,-0.4065,0.0272,0.9484,-1.817,2.885,-0.748,1.64,-0.64
90720,-0.4307,-0.0066,0.9764,-1.053,1.618,-0.595,-0.39,-0.66
90740,-0.4214,0.0165,0.8945,-0.962,1.740,-0.656,1.06,-0.64
90760,-0.4604,0.0248,0.9080,0.550,2.550,-0.397,1.56,-0.59
90780,-0.4169,-0.0520,1.0322,1.893,2.947,-0.580,-2.88,-0.60
90800,-0.4717,-0.0100,0.9746,2.031,1.328,-0.626,-0.59,-0.56
90820,-0.4617,-0.0012,1.0551,2.244,2.748,-0.550,-0.07,-0.50
90840,-0.4158,-0.0421,1.0482,2.321,0.565,-0.672,-2.30,-0.49
90860,-0.4347,-0.0360,1.0242,0.458,0.366,-1.008,-2.01,-0.52
90880,-0.4465,0.0167,0.9795,-0.855,0.855,-1.206,0.98,-0.50
90900,-0.4423,0.0055,0.9977,-1.664,1.344,-1.221,0.32,-0.52
90921,-0.4293,-0.0010,1.0209,-2.672,-0.824,-1.481,-0.05,-0.56
90940,-0.4508,0.0035,0.9607,-3.008,-1.679,-1.405,0.21,-0.61
90960,-0.4303,-0.0123,0.9359,-2.550,-0.794,-1.527,-0.75,-0.66
90980,-0.4326,-0.0197,0.9696,-3.282,-0.351,-1.618,-1.16,-0.73
91000,-0.4297,-0.0092,0.9297,-3.298,-1.298,-1.634,-0.56,-0.79
91020,-0.4738,0.0061,0.9269,-1.389,-1.053,-1.328,0.38,-0.80
91040,-0.4397,-0.0480,1.0874,0.504,-0.718,-1.267,-2.53,-0.82
91060,-0.4376,-0.0962,0.9640,0.687,-3.160,-1.405,-5.70,-0.91
91080,-0.4570,-0.0740,0.8448,0.931,-1.313,-1.557,-5.00,-0.97
91100,-0.4723,-0.0874,0.9731,0.519,1.221,-1.740,-5.13,-1.04
91120,-0.4529,-0.0907,0.9849,0.092,0.763,-1.969,-5.26,-1.13
91140,-0.4611,-0.0232,0.9260,-0.977,1.542,-2.244,-1.43,-1.15
91160,-0.4587,-0.0118,0.9432,-0.565,1.832,-2.275,-0.72,-1.15
91180,-0.4510,-0.0287,1.0389,-0.168,2.321,-2.458,-1.58,-1.17
91200,-0.4004,-0.0326,0.9486,-0.473,1.176,-2.580,-1.97,-1.19
91220,-0.4022,-0.0256,0.9124,-1.191,2.519,-2.580,-1.61,-1.22
91240,-0.4034,-0.0173,0.9873,-1.389,2.275,-2.366,-1.01,-1.25
91260,-0.3746,-0.0428,0.9867,-1.160,1.191,-2.656,-2.49,-1.29
91280,-0.3882,-0.0261,0.9475,-1.008,1.252,-2.550,-1.58,-1.32
91300,-0.3889,-0.0193,0.9139,-0.733,0.702,-2.473,-1.21,-1.33
91320,-0.4072,-0.0244,0.9170,0.321,1.176,-2.214,-1.53,-1.33
91340,-0.3848,-0.0715,0.9921,1.420,2.092,-2.321,-4.12,-1.36
91360,-0.3674,-0.0662,0.9384,1.267,1.267,-2.366,-4.03,-1.39
91381,-0.3622,-0.0470,0.9174,1.634,0.885,-2.718,-2.93,-1.38
91400,-0.3702,-0.0394,1.0361,1.389,1.695,-2.733,-2.18,-1.37
91420,-0.3401,-0.0354,1.0049,1.481,-0.229,-2.763,-2.02,-1.36
91440,-0.3348,-0.0210,0.9126,1.023,-0.702,-2.397,-1.32,-1.34
91460,-0.3431,-0.0320,0.8851,1.878,-0.275,-2.260,-2.07,-1.31
91480,-0.3314,-0.0530,0.9669,1.298,0.458,-2.061,-3.14,-1.32
91500,-0.3074,0.0287,1.0289,0.977,0.214,-1.679,1.60,-1.25
91520,-0.3451,0.1180,1.1069,2.947,-1.863,-0.931,6.09,-1.04
91540,-0.3822,-0.0391,1.4382,5.069,-1.832,-0.977,-1.56,-0.95
91560,-0.2188,-0.0884,1.5254,4.183,-8.168,-1.588,-3.32,-0.92
91580,-0.2522,-0.0913,0.9601,1.893,-12.107,-1.740,-5.43,-0.97
91600,-0.3365,-0.0570,0.8687,0.733,-5.939,-1.405,-3.75,-1.01
91620,-0.1929,-0.0244,0.9896,0.321,-5.603,-1.634,-1.41,-1.02
91640,-0.1517,0.0555,0.7119,1.618,-8.153,-1.618,4.46,-0.87
91660,-0.2145,0.0808,0.4570,2.336,-2.672,-1.130,10.03,-0.61
91680,-0.1791,0.0537,0.7991,-2.519,4.260,-0.824,3.85,-0.57
91700,-0.1713,0.0138,1.1129,-0.153,4.458,-0.183,0.71,-0.55
91720,-0.1837,-0.0123,0.7280,1.115,-1.313,-0.076,-0.97,-0.53
91760,-0.2076,-0.0342,0.9612,-0.718,8.092,-0.107,-2.04,-0.58
91764,-0.2104,-0.0490,0.9731,-0.489,7.618,-0.092,-2.88,-0.63
91780,-0.1710,-0.0360,0.9987,0.794,3.725,-0.351,-2.07,-0.65
91800,-0.2139,-0.0491,1.0037,0.595,4.260,-0.855,-2.80,-0.68
91820,-0.1824,-0.0363,1.0303,-0.015,3.359,-0.962,-2.02,-0.71
91840,-0.2285,0.0280,0.8961,1.115,1.038,-1.237,1.79,-0.63
91860,-0.2490,0.0029,0.9532,3.389,2.656,-0.794,0.18,-0.55
91880,-0.2720,-0.0374,1.0250,5.924,4.519,-0.656,-2.09,-0.47
91900,-0.1793,-0.0822,1.3717,2.351,8.275,-0.214,-3.43,-0.48
91920,-0.2438,-0.0118,1.0897,3.038,1.389,-0.595,-0.62,-0.42
91940,-0.1023,-0.0260,1.1469,1.511,6.550,0.412,-1.30,-0.41
91960,-0.2029,-0.0271,1.0220,0.290,4.122,0.427,-1.52,-0.43
91980,-0.0903,0.0101,0.9768,1.847,2.412,0.305,0.59,-0.37
92000,-0.1312,0.0162,0.8433,2.656,-1.832,0.626,1.10,-0.29
92020,-0.1467,-0.0955,1.0430,0.427,-4.595,0.168,-5.23,-0.38
92040,-0.2604,0.0088,0.9485,2.412,-7.313,-0.321,0.53,-0.31
92060,-0.2190,0.0297,0.9351,2.611,-7.298,-1.008,1.82,-0.22
92080,-0.1859,-0.0409,1.0566,2.122,-5.298,-1.130,-2.22,-0.22
92100,-0.2085,-0.0238,1.0471,0.137,-8.351,-1.603,-1.30,-0.24
92120,-0.2015,-0.0117,1.0505,-1.527,-7.328,-1.634,-0.64,-0.27
92140,-0.2079,0.0021,0.9990,-1.282,-7.298,-1.237,0.12,-0.29
92160,-0.1554,-0.0049,1.1230,-2.427,-4.412,-0.870,-0.25,-0.34
92181,-0.1860,0.0295,1.0463,-3.435,-4.870,-0.595,1.62,-0.37
92200,-0.1859,0.0341,1.0524,-3.328,-2.992,-0.427,1.85,-0.39
92220,-0.1923,0.0494,1.0233,-3.771,-1.267,-0.061,2.77,-0.40
92240,-0.1969,0.0513,0.8472,-2.214,-1.649,-0.214,3.46,-0.36
92260,-0.2089,-0.0010,0.9318,-0.824,2.855,-0.092,-0.06,-0.37
92280,-0.1913,-0.0116,0.9448,-0.275,3.023,-0.351,-0.70,-0.39
92300,-0.1604,0.0067,0.8219,0.931,4.015,-0.321,0.47,-0.35
92320,-0.1744,-0.0122,0.8013,2.733,5.160,-0.153,-0.87,-0.31
92341,-0.1678,-0.0394,0.8962,3.863,6.244,-0.336,-2.52,-0.28
92360,-0.1635,-0.0193,0.8168,5.878,4.290,-0.198,-1.35,-0.18
92380,-0.1534,-0.0719,0.8994,7.679,5.450,-0.351,-4.57,-0.12
92400,-0.1957,-0.1163,1.0453,6.947,4.382,-0.458,-6.35,-0.11
92420,-0.1490,-0.0663,1.1938,5.023,3.252,-0.305,-3.18,-0.07
92440,-0.1299,-0.0176,1.1726,2.015,0.962,0.061,-0.86,-0.05
92460,-0.1450,0.0107,1.0267,0.198,-0.351,-0.076,0.60,-0.03
92480,-0.1592,0.0354,0.9974,-0.168,0.321,-0.046,2.03,0.01
92500,-0.1482,0.0466,0.9762,0.992,-0.550,-0.153,2.73,0.08
92520,-0.1752,0.0183,1.0137,1.496,0.015,-0.519,1.03,0.13
92540,-0.1597,0.0078,1.0526,1.802,-0.137,-0.885,0.43,0.17
92560,-0.1753,-0.0143,1.0846,0.397,0.198,-1.237,-0.75,0.16
92580,-0.1876,-0.0186,1.1598,-1.588,1.053,-1.939,-0.92,0.11
92600,-0.1241,0.0087,1.0930,-2.824,0.260,-2.122,0.45,0.06
92620,-0.1108,0.0216,0.8784,-2.504,-0.092,-2.183,1.41,0.04
92640,-0.1075,0.0247,0.8593,-1.389,1.420,-1.985,1.64,0.04
92660,-0.0792,0.0226,0.9530,-1.221,2.031,-1.435,1.36,0.04
92680,-0.0804,0.0277,0.9000,-1.008,0.321,-1.038,1.76,0.06
92700,-0.0957,-0.0503,0.9677,-1.649,1.038,-0.550,-2.98,-0.03
92720,-0.0740,0.0000,1.0646,-2.672,-0.366,-0.153,0.00,-0.09
92740,-0.0898,-0.0232,1.0690,-3.023,-1.756,0.198,-1.24,-0.17
92760,-0.0642,-0.0376,0.9041,-0.855,-4.687,0.198,-2.38,-0.23
92780,-0.0818,-0.0897,0.8154,1.466,-5.145,0.366,-6.28,-0.32
92800,-0.1718,-0.1307,0.9591,0.962,-3.817,-0.122,-7.76,-0.45
92820,-0.1296,-0.1566,1.0521,0.015,-2.977,-0.947,-8.47,-0.61
92840,-0.1726,-0.0557,1.0425,-0.916,-3.237,-2.244,-3.06,-0.68
92860,-0.1260,-0.0039,1.2229,-1.588,-1.710,-2.763,-0.18,-0.70
92880,-0.0447,0.0411,1.1066,-0.809,-3.954,-2.626,2.13,-0.66
92900,-0.0477,0.0383,0.9005,0.290,-3.817,-2.427,2.44,-0.59
92920,-0.1233,0.0374,0.9609,0.443,-1.099,-1.985,2.23,-0.53
92940,-0.0491,-0.0018,1.0389,0.962,-0.565,-1.832,-0.10,-0.50
92960,-0.0992,-0.0198,0.9818,0.611,-0.305,-1.466,-1.15,-0.50
92980,-0.1006,-0.0533,1.0334,-0.809,0.794,-1.267,-2.95,-0.57
93000,-0.0798,-0.0305,0.9906,-1.985,0.916,-0.947,-1.76,-0.63
93021,-0.0659,-0.0212,0.9014,-1.374,1.740,-0.855,-1.35,-0.67
93040,-0.0985,-0.0131,0.8728,-1.679,1.817,-0.748,-0.86,-0.71
93060,-0.1046,-0.0232,0.9280,-0.885,2.168,-0.809,-1.43,-0.74
93080,-0.1461,-0.0325,0.8931,0.656,1.160,-1.206,-2.08,-0.75
93120,-0.1146,-0.0491,1.0553,-0.947,-0.046,-2.611,-2.66,-0.81
93124,-0.1323,-0.0497,1.0426,-1.359,-0.794,-2.595,-2.73,-0.87
93140,-0.1426,-0.0068,0.9862,-0.198,0.336,-2.855,-0.40,-0.87
93161,-0.1278,-0.0442,1.0629,0.595,0.763,-3.206,-2.38,-0.89
93180,-0.1210,-0.0532,0.9784,1.267,-0.840,-2.901,-3.11,-0.91
93200,-0.1339,-0.0730,1.0634,2.153,-0.153,-3.145,-3.93,-0.92
93220,-0.0923,-0.0658,1.1238,0.534,-1.374,-2.702,-3.35,-0.96
93240,-0.0920,-0.0685,0.9399,-0.183,-2.290,-2.305,-4.17,-1.03
93260,-0.1729,-0.0331,1.0110,-1.664,0.550,-1.695,-1.87,-1.08
93281,-0.1425,-0.0140,1.0948,-1.817,0.198,-1.405,-0.73,-1.11
93300,-0.1355,0.0049,0.9231,-1.511,0.992,-1.328,0.30,-1.11
93320,-0.0853,0.0115,0.9044,-0.748,2.489,-1.344,0.73,-1.09
93340,-0.1423,0.0305,0.9065,0.901,1.664,-1.420,1.93,-1.01
93360,-0.1229,-0.0018,0.9688,2.672,2.779,-1.847,-0.11,-0.94
93380,-0.1626,-0.0253,0.9950,2.947,2.153,-2.107,-1.45,-0.89
93400,-0.1276,-0.0529,1.0308,2.336,1.466,-2.504,-2.94,-0.89
93420,-0.1416,-0.0437,1.0273,1.420,1.313,-2.672,-2.44,-0.89
93440,-0.1394,-0.0554,1.0511,0.947,0.458,-2.962,-3.02,-0.91
93460,-0.1180,-0.0782,1.0203,0.534,-0.901,-3.115,-4.39,-0.97
93480,-0.1177,-0.0389,0.9407,0.107,-2.153,-3.023,-2.37,-1.00
93500,-0.1195,-0.0345,0.9131,0.137,-2.290,-2.885,-2.17,-1.02
93520,-0.1447,-0.0427,0.9099,1.176,-2.198,-2.656,-2.69,-1.03
93540,-0.1581,-0.0441,0.9374,1.832,-2.305,-2.519,-2.69,-1.03
93560,-0.1530,-0.0406,0.9298,2.534,-1.847,-2.336,-2.50,-1.01
93580,-0.1577,-0.0334,0.9750,3.130,-0.397,-2.046,-1.96,-0.97
93600,-0.1519,-0.0604,1.0199,2.626,0.046,-2.153,-3.39,-0.96
93620,-0.1907,-0.0414,1.0037,1.786,0.534,-2.122,-2.36,-0.96
93640,-0.1570,-0.0314,1.0571,0.687,1.695,-2.260,-1.70,-0.96
93660,-0.1490,-0.0142,1.0009,0.611,1.237,-2.336,-0.81,-0.94
93680,-0.1534,0.0225,0.9874,0.122,2.168,-2.550,1.30,-0.89
93700,-0.1560,0.0302,1.0172,-0.321,2.031,-2.687,1.70,-0.85
93720,-0.1409,0.0168,0.9977,-0.076,1.053,-2.855,0.97,-0.81
93740,-0.1542,0.0160,0.9581,-0.901,1.420,-2.962,0.96,-0.80
93760,-0.1678,0.0066,0.9620,-0.962,1.924,-3.099,0.39,-0.79
93780,-0.1499,0.0051,0.9406,0.015,0.855,-2.992,0.31,-0.77
93800,-0.1571,-0.0248,0.8744,1.527,0.824,-2.779,-1.62,-0.76
93820,-0.1440,-0.0526,0.8604,3.115,1.359,-2.595,-3.50,-0.75
93840,-0.1294,-0.0635,0.8671,4.321,1.771,-2.443,-4.19,-0.73
93860,-0.1798,-0.0737,0.8827,5.008,1.832,-2.443,-4.77,-0.72
93880,-0.1842,-0.0581,0.9736,5.603,2.672,-2.153,-3.42,-0.66
93900,-0.1897,-0.0856,1.0432,5.725,2.107,-2.366,-4.69,-0.63
93920,-0.1954,-0.1064,1.1094,3.969,2.504,-2.412,-5.48,-0.65
93940,-0.1957,-0.0372,1.1306,1.740,1.542,-2.794,-1.89,-0.64
93960,-0.1969,-0.0050,1.2091,-0.687,1.847,-2.901,-0.24,-0.64
93980,-0.1667,0.0363,1.1454,-2.122,-0.641,-3.023,1.81,-0.64
94000,-0.1727,0.0607,1.0968,-2.412,-0.702,-3.176,3.17,-0.61
94020,-0.1631,0.0548,1.0846,-2.275,-1.679,-3.038,2.89,-0.58
94040,-0.1875,0.0315,1.0630,-2.214,-2.779,-3.359,1.70,-0.58
94060,-0.1614,0.0155,1.0522,-2.443,-3.267,-3.511,0.84,-0.60
94080,-0.1969,0.0006,0.9417,-2.076,-3.313,-3.695,0.04,-0.63
94100,-0.1848,-0.0459,0.9445,-2.611,-2.092,-3.924,-2.78,-0.72
94120,-0.1826,-0.0328,0.8695,-1.679,-2.183,-4.061,-2.16,-0.78
94140,-0.1843,-0.0291,0.8862,-0.779,-0.443,-4.153,-1.88,-0.82
94160,-0.2089,-0.0292,0.9578,0.031,0.046,-4.504,-1.74,-0.84
94180,-0.1617,-0.0295,1.0397,0.366,0.611,-4.321,-1.63,-0.85
94201,-0.1726,-0.0101,0.9869,-0.214,-0.168,-4.000,-0.59,-0.85
94220,-0.1450,-0.0209,1.0519,-1.557,0.748,-3.817,-1.14,-0.88
94240,-0.1378,-0.0161,1.0482,-2.595,-0.458,-3.282,-0.88,-0.93
94260,-0.1475,-0.0062,0.9547,-2.458,-1.420,-2.733,-0.37,-0.97
94280,-0.1357,0.0211,0.8937,-1.160,-1.374,-2.260,1.35,-0.95
94300,-0.1273,-0.0032,0.8647,0.168,-1.832,-1.954,-0.21,-0.93
94320,-0.1666,0.0018,0.8571,2.214,-2.382,-1.786,0.12,-0.86
94340,-0.1295,-0.0084,0.9047,3.847,-2.397,-1.649,-0.53,-0.78
94360,-0.1746,-0.0189,0.8898,5.069,-3.176,-1.664,-1.22,-0.69
94380,-0.1538,-0.0247,0.9908,5.954,-2.046,-1.695,-1.43,-0.59
94400,-0.1464,-0.0028,1.0022,5.817,-2.962,-1.573,-0.16,-0.47
94420,-0.1563,0.0017,1.0177,4.885,-2.550,-1.450,0.10,-0.36
94441,-0.1771,0.0106,1.0377,3.069,-1.969,-1.450,0.59,-0.28
94480,-0.1774,0.0845,1.1245,-1.008,0.641,-2.611,4.30,-0.21
94484,-0.1714,0.0818,1.1340,-1.863,0.992,-2.611,4.13,-0.16
94500,-0.1826,0.1273,1.0170,-2.794,1.221,-2.595,7.14,-0.07
94520,-0.1459,0.1198,1.0963,-4.397,3.954,-2.427,6.23,-0.03
94540,-0.1322,0.1495,1.0336,-5.267,2.809,-2.107,8.23,0.03
94560,-0.1375,0.0817,1.0540,-5.939,5.084,-1.786,4.43,0.01
94580,-0.1489,0.0626,1.0289,-6.305,4.748,-1.053,3.48,-0.05
94600,-0.1316,0.0520,1.0038,-5.985,4.198,-0.672,2.97,-0.11
94620,-0.1106,0.0271,1.0300,-5.588,3.893,-0.061,1.51,-0.18
94640,-0.1453,0.0139,0.9182,-4.153,1.740,0.321,0.87,-0.24
94660,-0.1521,-0.0083,0.9656,-2.870,1.954,0.351,-0.49,-0.30
94680,-0.1770,-0.0201,0.9470,-1.908,-0.260,0.168,-1.22,-0.36
94700,-0.1823,-0.0284,0.9359,-0.916,0.015,0.198,-1.74,-0.41
94720,-0.1967,-0.0275,0.9504,-0.763,-0.076,-0.183,-1.66,-0.45
94740,-0.1742,-0.0242,0.9541,-1.679,-0.015,-0.427,-1.45,-0.50
94760,-0.1913,0.0002,0.9542,-2.977,0.733,-0.275,0.01,-0.55
94780,-0.1614,0.0533,0.9581,-3.450,1.038,-0.122,3.19,-0.54
94800,-0.1681,0.0591,0.9763,-3.206,1.313,0.443,3.46,-0.52
94820,-0.1561,0.0480,0.9832,-1.832,0.427,0.885,2.79,-0.49
94840,-0.1403,0.0762,0.9916,-0.962,-0.656,1.466,4.39,-0.41
94860,-0.1543,0.0464,0.9713,-0.046,-1.053,1.878,2.73,-0.35
94880,-0.1843,0.0214,0.9724,0.031,-0.931,2.275,1.26,-0.32
94900,-0.1285,0.0499,0.9717,0.137,-1.908,2.275,2.94,-0.25
94920,-0.1395,0.0472,0.9172,-0.092,-1.756,2.748,2.95,-0.19
94940,-0.2034,0.0334,0.8600,0.626,-0.794,2.809,2.23,-0.13
94960,-0.1682,0.0377,0.9663,0.870,0.275,2.748,2.24,-0.06
94980,-0.2329,0.0469,0.9504,1.115,-0.244,2.824,2.82,0.02
95000,-0.1689,0.0438,0.9728,1.863,0.611,2.794,2.58,0.10
95021,-0.1643,0.0743,0.9794,1.771,0.885,3.130,4.34,0.22
95041,-0.1765,0.0803,0.9877,1.221,1.435,3.481,4.65,0.34
95060,-0.1859,0.0782,0.9742,0.931,1.466,3.618,4.59,0.44
95080,-0.1589,0.1105,1.0386,0.550,2.122,3.817,6.07,0.56
95100,-0.1863,0.1133,1.0284,-0.351,1.496,4.168,6.29,0.67
95120,-0.1738,0.1078,0.9952,-0.458,1.405,4.305,6.18,0.77
95140,-0.1755,0.1251,0.9717,-0.168,1.542,4.534,7.34,0.90
95160,-0.1602,0.1136,0.9324,0.214,1.206,4.824,6.95,1.02
95180,-0.1545,0.1047,0.8906,0.809,1.176,5.160,6.71,1.15
95201,-0.2233,0.0807,0.9487,1.282,2.214,5.481,4.86,1.25
95220,-0.2216,0.0753,1.0150,1.252,1.725,5.542,4.24,1.34
95240,-0.1805,0.0763,1.0648,0.550,1.573,5.618,4.10,1.40
95260,-0.1835,0.0985,1.0587,-0.412,1.145,6.061,5.32,1.47
95280,-0.2295,0.0481,1.0892,-1.893,1.557,6.229,2.53,1.46
95300,-0.1897,0.0837,1.0516,-2.565,0.611,6.473,4.55,1.47
95320,-0.1461,0.1240,0.9993,-2.565,0.321,6.748,7.08,1.53
95341,-0.1687,0.1075,0.9369,-2.168,0.107,7.344,6.55,1.59
95360,-0.2322,0.0509,0.9347,-0.901,0.565,7.176,3.12,1.60
95380,-0.1862,0.0408,0.9998,-0.458,0.290,6.885,2.34,1.61
95400,-0.1917,0.0306,1.0243,-1.328,-0.168,6.473,1.71,1.58
95420,-0.2217,0.0076,1.0360,-2.656,-0.275,6.076,0.42,1.51
95440,-0.2135,0.0404,0.9866,-3.145,-1.023,5.802,2.35,1.46
95460,-0.2032,0.0485,0.9351,-2.443,-0.443,5.710,2.97,1.45
95480,-0.2219,-0.0033,0.9268,-1.756,0.519,5.298,-0.20,1.38
95500,-0.2273,-0.0194,0.9469,-0.687,0.641,4.855,-1.17,1.31
95521,-0.2280,-0.0204,0.9587,-0.275,0.947,4.855,-1.22,1.26
95540,-0.2336,-0.0511,0.9723,-0.122,1.634,4.351,-3.01,1.17
95560,-0.2516,-0.0482,0.9821,-0.046,2.000,4.046,-2.81,1.09
95580,-0.2372,-0.0432,0.9806,-0.290,1.863,3.847,-2.52,1.01
95600,-0.2445,-0.0452,0.9828,-0.168,1.573,3.511,-2.63,0.94
95620,-0.2413,-0.0273,0.9565,0.229,1.313,3.374,-1.64,0.89
95640,-0.2279,-0.0175,0.9546,0.656,1.237,3.359,-1.05,0.86
95660,-0.2415,-0.0219,0.9612,0.992,0.947,3.145,-1.30,0.84
95680,-0.2560,-0.0055,0.9637,1.038,0.656,2.748,-0.33,0.84
95701,-0.2506,-0.0023,0.9730,1.023,0.626,2.519,-0.14,0.84
95720,-0.2582,-0.0088,0.9811,1.130,0.672,2.244,-0.51,0.83
95740,-0.2578,-0.0004,0.9878,0.733,0.351,2.000,-0.02,0.83
95760,-0.2587,0.0043,0.9801,0.794,0.031,1.802,0.25,0.83
95780,-0.2679,-0.0062,0.9941,0.901,0.183,1.527,-0.36,0.83
95800,-0.2750,-0.0096,0.9758,0.687,-0.366,1.252,-0.57,0.81
95820,-0.2664,-0.0116,0.9945,0.321,0.000,1.115,-0.67,0.79
95840,-0.2740,-0.0106,0.9767,0.366,-0.351,0.718,-0.62,0.77
95879,-0.2819,0.0006,0.9895,-0.733,-0.137,0.443,0.04,0.74
95884,-0.2797,-0.0060,0.9888,-0.702,-0.076,0.443,-0.35,0.70
95900,-0.2684,0.0018,0.9874,-0.718,0.168,0.321,0.11,0.68
95920,-0.2584,0.0033,1.0134,-0.947,0.504,0.305,0.19,0.65
95940,-0.2773,0.0072,0.9927,-0.763,-0.046,0.366,0.42,0.63
95960,-0.2756,0.0046,0.9922,-0.229,-0.031,0.412,0.27,0.62
95980,-0.2834,0.0012,1.0148,0.443,-0.229,0.153,0.07,0.62
96000,-0.2803,0.0017,0.9924,0.718,-0.626,0.183,0.10,0.62
96021,-0.2813,-0.0052,0.9829,0.565,-0.443,0.061,-0.31,0.61
96040,-0.2727,-0.0077,0.9929,0.489,-0.565,-0.198,-0.44,0.60
96061,-0.2893,0.0010,0.9772,0.550,-0.427,-0.321,0.06,0.60
96080,-0.2803,0.0035,0.9839,0.473,0.031,-0.473,0.21,0.60
96100,-0.2709,0.0173,0.9874,0.153,0.153,-0.580,1.01,0.61
96120,-0.2891,0.0371,1.0051,-0.137,0.382,-0.580,2.11,0.64
96140,-0.2980,0.0449,1.0381,-0.534,0.534,-0.458,2.48,0.67
96160,-0.3003,0.0555,1.0363,-0.885,0.321,-0.458,3.07,0.70
96180,-0.2871,0.0559,1.0391,-1.389,0.336,-0.397,3.08,0.72
96200,-0.2709,0.0466,1.0245,-1.573,0.061,-0.260,2.61,0.72
96220,-0.2551,0.0338,1.0032,-2.107,-0.092,-0.153,1.93,0.71
96240,-0.2438,0.0314,0.9581,-1.969,-0.198,0.046,1.88,0.69
96260,-0.2544,0.0096,0.9293,-1.435,0.198,0.122,0.59,0.66
96280,-0.2701,-0.0046,0.9243,-1.099,0.260,0.290,-0.29,0.62
96300,-0.2899,-0.0254,0.9023,-0.214,0.351,-0.122,-1.61,0.57
96320,-0.2988,-0.0397,0.9272,0.244,0.840,-0.260,-2.45,0.52
96340,-0.2925,-0.0332,0.9695,0.397,0.885,-0.519,-1.96,0.47
96360,-0.2883,-0.0199,0.9670,0.565,0.595,-0.779,-1.18,0.45
96380,-0.2820,-0.0040,0.9772,0.427,0.687,-0.931,-0.24,0.45
96400,-0.2742,0.0165,0.9901,0.229,0.504,-0.962,0.95,0.46
96420,-0.2732,0.0369,0.9749,-0.092,0.473,-0.885,2.17,0.49
96440,-0.2604,0.0526,0.9764,-0.244,0.519,-0.702,3.08,0.54
96460,-0.2527,0.0656,0.9762,-0.366,0.382,-0.397,3.84,0.60
96481,-0.2604,0.0632,0.9706,-0.519,0.183,-0.168,3.73,0.65
96500,-0.2560,0.0580,0.9849,-0.656,0.397,0.168,3.37,0.69
96520,-0.2753,0.0463,0.9728,-0.473,0.092,0.321,2.72,0.73
96540,-0.2822,0.0229,0.9854,-0.550,0.290,0.397,1.33,0.73
96560,-0.2839,-0.0029,0.9994,-0.565,0.137,0.214,-0.17,0.70
96580,-0.2897,-0.0162,0.9873,-0.718,0.031,0.183,-0.94,0.65
96600,-0.2834,-0.0255,0.9894,-1.008,0.351,-0.046,-1.48,0.59
96620,-0.2808,-0.0187,0.9808,-1.115,0.427,-0.107,-1.09,0.53
96640,-0.2754,-0.0121,0.9794,-1.084,0.489,-0.397,-0.71,0.49
96660,-0.2687,-0.0005,0.9780,-0.931,0.427,-0.489,-0.03,0.46
96680,-0.2626,0.0088,0.9790,-0.534,0.473,-0.550,0.51,0.45
96700,-0.2585,0.0188,0.9762,-0.061,0.275,-0.595,1.10,0.46
96720,-0.2499,0.0255,0.9775,0.092,0.321,-0.489,1.50,0.48
96740,-0.2502,0.0281,0.9790,0.168,0.244,-0.168,1.64,0.51
96760,-0.2490,0.0236,0.9835,0.198,0.351,-0.031,1.37,0.53
96780,-0.2494,0.0220,0.9882,0.061,0.397,0.092,1.27,0.55
96800,-0.2559,0.0143,0.9915,-0.076,0.427,0.153,0.83,0.55
96820,-0.2523,0.0110,0.9849,0.122,0.214,0.153,0.64,0.56
96840,-0.2524,0.0077,0.9862,-0.046,0.244,0.000,0.45,0.55
96861,-0.2516,0.0084,0.9851,-0.092,0.153,-0.229,0.49,0.55
96880,-0.2479,0.0094,0.9843,-0.153,0.198,-0.305,0.55,0.55
96900,-0.2418,0.0115,0.9808,-0.366,0.137,-0.611,0.67,0.54
96920,-0.2383,0.0115,0.9784,-0.351,0.137,-0.641,0.67,0.54
96940,-0.2367,0.0160,0.9778,-0.351,0.229,-0.473,0.94,0.54
96960,-0.2324,0.0172,0.9785,-0.366,0.275,-0.504,1.01,0.54
96980,-0.2322,0.0176,0.9797,-0.397,0.366,-0.504,1.03,0.54
97000,-0.2316,0.0133,0.9802,-0.305,0.351,-0.153,0.78,0.54
97020,-0.2360,0.0120,0.9818,-0.504,0.443,-0.061,0.70,0.53
97040,-0.2443,0.0078,0.9818,-0.489,0.550,-0.076,0.46,0.52
97060,-0.2496,0.0067,0.9832,-0.397,0.382,0.046,0.39,0.51
97080,-0.2505,0.0043,0.9847,-0.412,0.458,0.137,0.25,0.50
97100,-0.2303,-0.0018,0.9877,-0.275,0.305,0.107,-0.11,0.48
97120,-0.2234,-0.0032,0.9891,-0.107,0.321,-0.015,-0.18,0.47
97140,-0.1995,-0.0070,0.9905,-0.107,0.122,-0.229,-0.40,0.45
97160,-0.1512,-0.0100,1.0055,-0.046,-0.092,-0.305,-0.57,0.43
97180,-0.0874,-0.0120,1.0208,-0.214,-0.412,-0.275,-0.67,0.40
97200,-0.0408,-0.0134,1.0243,-0.107,-0.641,-0.427,-0.75,0.37
97220,0.0094,-0.0164,1.0317,-0.198,-1.252,-0.519,-0.91,0.35
97240,0.0577,-0.0150,1.0367,-0.229,-1.481,-0.183,-0.83,0.32
97260,0.0754,-0.0193,1.0371,-0.366,-1.679,-0.198,-1.07,0.28
97299,0.0829,-0.0227,1.0081,-0.305,-1.603,-0.168,-1.29,0.24
97303,0.0804,-0.0225,1.0043,-0.183,-1.649,-0.122,-1.28,0.21
97320,0.0699,-0.0256,0.9913,-0.244,-1.527,-0.122,-1.48,0.17
97340,0.0376,-0.0251,0.9727,-0.061,-1.176,-0.092,-1.48,0.14
97360,0.0009,-0.0223,0.9578,-0.061,-0.687,-0.092,-1.34,0.11
97380,-0.0360,-0.0217,0.9438,-0.137,-0.153,-0.305,-1.32,0.08
97400,-0.0667,-0.0164,0.9363,-0.168,0.397,-0.260,-1.00,0.05
97420,-0.0881,-0.0122,0.9336,-0.153,0.824,-0.321,-0.75,0.03
97440,-0.0938,-0.0065,0.9417,0.000,1.282,-0.366,-0.39,0.02
97460,-0.0983,-0.0048,0.9550,-0.031,1.664,-0.351,-0.29,0.02
97480,-0.0940,-0.0022,0.9658,-0.015,1.450,-0.351,-0.13,0.01
97500,-0.0803,-0.0038,0.9779,-0.031,1.527,-0.244,-0.22,0.01
97520,-0.0641,-0.0074,0.9863,-0.046,1.267,-0.153,-0.43,-0.00
97540,-0.0458,-0.0103,0.9972,0.015,1.084,-0.198,-0.59,-0.01
97560,-0.0276,-0.0134,1.0050,-0.183,0.702,-0.122,-0.77,-0.03
97580,-0.0146,-0.0168,1.0132,-0.092,0.351,-0.107,-0.95,-0.05
97600,-0.0033,-0.0198,1.0170,-0.168,-0.015,-0.092,-1.11,-0.08
97620,0.0057,-0.0217,1.0175,-0.244,-0.244,-0.214,-1.22,-0.10
97640,0.0065,-0.0200,1.0116,-0.183,-0.443,-0.229,-1.13,-0.13
97660,0.0038,-0.0206,1.0028,-0.321,-0.427,-0.229,-1.18,-0.16
97680,-0.0050,-0.0200,0.9944,-0.275,-0.336,-0.366,-1.15,-0.18
97700,-0.0171,-0.0175,0.9886,-0.275,-0.153,-0.443,-1.01,-0.20
97720,-0.0282,-0.0125,0.9834,-0.275,-0.031,-0.275,-0.73,-0.22
97740,-0.0431,-0.0101,0.9810,-0.183,0.305,-0.214,-0.59,-0.23
97761,-0.0548,-0.0093,0.9834,-0.137,0.519,-0.168,-0.54,-0.24
97780,-0.0602,-0.0114,0.9888,-0.244,0.748,-0.260,-0.66,-0.25
97800,-0.0616,-0.0114,0.9921,0.015,0.931,-0.031,-0.66,-0.26
97820,-0.0610,-0.0142,0.9968,-0.046,0.885,-0.214,-0.81,-0.27
97840,-0.0549,-0.0129,1.0016,0.107,0.702,-0.198,-0.74,-0.28
97860,-0.0486,-0.0178,1.0010,0.153,0.641,-0.260,-1.02,-0.29
97880,-0.0421,-0.0175,1.0018,-0.046,0.443,-0.244,-1.00,-0.31
97900,-0.0322,-0.0177,0.9996,-0.031,0.305,-0.198,-1.01,-0.32
97920,-0.0259,-0.0172,0.9943,-0.153,0.198,-0.137,-0.99,-0.34
97940,-0.0208,-0.0131,0.9893,-0.275,0.183,-0.290,-0.76,-0.35
97960,-0.0166,-0.0115,0.9849,-0.168,0.107,-0.244,-0.67,-0.36
97980,-0.0172,-0.0115,0.9821,-0.229,0.198,-0.275,-0.67,-0.37
98000,-0.0216,-0.0115,0.9856,-0.168,0.153,-0.168,-0.67,-0.38
98020,-0.0250,-0.0094,0.9852,0.015,0.244,-0.275,-0.55,-0.38
98040,-0.0287,-0.0154,0.9879,-0.046,0.336,-0.122,-0.89,-0.39
98060,-0.0364,-0.0167,0.9926,-0.046,0.412,-0.183,-0.97,-0.41
98080,-0.0399,-0.0173,0.9954,-0.153,0.534,-0.183,-1.00,-0.42
98100,-0.0449,-0.0175,0.9984,-0.198,0.443,-0.229,-1.00,-0.44
98120,-0.0472,-0.0135,0.9978,-0.214,0.382,-0.275,-0.78,-0.45
98140,-0.0431,-0.0110,0.9962,-0.351,0.443,-0.336,-0.63,-0.46
98160,-0.0422,-0.0096,0.9956,-0.183,0.336,-0.397,-0.55,-0.46
98180,-0.0381,-0.0092,0.9933,-0.336,0.336,-0.382,-0.53,-0.47
98200,-0.0352,-0.0099,0.9921,-0.076,0.321,-0.305,-0.57,-0.48
98220,-0.0323,-0.0127,0.9928,-0.229,0.275,-0.275,-0.73,-0.48
98240,-0.0316,-0.0143,0.9918,-0.076,0.290,-0.275,-0.83,-0.49
98260,-0.0291,-0.0148,0.9716,0.534,0.046,-0.122,-0.87,-0.49
98280,-0.0288,-0.0214,0.9919,-0.489,0.748,-0.336,-1.23,-0.51
98300,-0.0287,-0.0148,1.0031,-0.336,-0.092,-0.183,-0.84,-0.53
98320,-0.0339,-0.0167,0.9896,-0.321,0.153,-0.260,-0.97,-0.54
98340,-0.0358,-0.0142,0.9825,-0.290,0.702,-0.168,-0.83,-0.55
98360,-0.0332,-0.0157,0.9890,-0.244,0.473,-0.290,-0.91,-0.57
98380,-0.0343,-0.0134,0.9946,-0.229,0.412,-0.214,-0.77,-0.57
98400,-0.0365,-0.0139,0.9974,-0.092,0.366,-0.305,-0.80,-0.58
98420,-0.0399,-0.0103,0.9961,-0.122,0.275,-0.244,-0.59,-0.58
98440,-0.0386,-0.0121,0.9993,-0.092,0.290,-0.275,-0.69,-0.59
98460,-0.0393,-0.0132,0.9968,-0.244,0.321,-0.168,-0.76,-0.60
98480,-0.0388,-0.0134,0.9944,-0.244,0.397,-0.290,-0.77,-0.60
98500,-0.0389,-0.0116,0.9927,-0.198,0.275,-0.122,-0.67,-0.61
98520,-0.0363,-0.0139,0.9884,-0.321,0.336,-0.260,-0.81,-0.62
98540,-0.0364,-0.0151,0.9868,-0.153,0.244,-0.198,-0.88,-0.63
98560,-0.0347,-0.0160,0.9886,-0.153,0.336,-0.214,-0.93,-0.64
98580,-0.0319,-0.0154,0.9919,-0.198,0.260,-0.198,-0.89,-0.65
98600,-0.0308,-0.0176,0.9913,-0.153,0.305,-0.198,-1.02,-0.66
98639,-0.0316,-0.0156,0.9935,-0.168,0.336,-0.168,-0.90,-0.66
98643,-0.0308,-0.0148,0.9928,-0.198,0.351,-0.198,-0.85,-0.67
98660,-0.0320,-0.0140,0.9930,-0.183,0.305,-0.336,-0.81,-0.68
98680,-0.0344,-0.0122,0.9938,-0.214,0.382,-0.153,-0.70,-0.68
98700,-0.0347,-0.0110,0.9908,-0.168,0.412,-0.168,-0.64,-0.69
98720,-0.0369,-0.0125,0.9921,-0.122,0.412,-0.137,-0.72,-0.69
98740,-0.0375,-0.0128,0.9924,-0.122,0.397,-0.244,-0.74,-0.69
98760,-0.0398,-0.0135,0.9930,-0.122,0.366,-0.244,-0.78,-0.70
98780,-0.0389,-0.0142,0.9944,-0.107,0.336,-0.244,-0.82,-0.70
98800,-0.0385,-0.0146,0.9938,-0.153,0.351,-0.153,-0.84,-0.71
98820,-0.0382,-0.0155,0.9930,-0.107,0.275,-0.290,-0.89,-0.71
98840,-0.0360,-0.0144,0.9913,-0.260,0.260,-0.198,-0.83,-0.72
98860,-0.0333,-0.0164,0.9907,-0.244,0.321,-0.229,-0.95,-0.73
98880,-0.0333,-0.0155,0.9895,-0.214,0.229,-0.305,-0.90,-0.74
98900,-0.0317,-0.0161,0.9906,-0.198,0.397,-0.198,-0.93,-0.74
98920,-0.0304,-0.0145,0.9919,-0.183,0.351,-0.260,-0.84,-0.75
98940,-0.0298,-0.0155,0.9915,-0.122,0.351,-0.107,-0.90,-0.76
98960,-0.0314,-0.0150,0.9922,-0.153,0.473,-0.107,-0.87,-0.76
98980,-0.0341,-0.0137,0.9967,-0.153,0.321,-0.229,-0.79,-0.76
99000,-0.0371,-0.0144,0.9982,-0.107,0.397,-0.183,-0.83,-0.77
99020,-0.0358,-0.0127,0.9961,0.031,0.366,-0.214,-0.73,-0.77
99040,-0.0385,-0.0128,0.9946,-0.137,0.382,-0.122,-0.74,-0.77
99060,-0.0359,-0.0116,0.9935,-0.183,0.382,-0.122,-0.67,-0.77
99080,-0.0367,-0.0128,0.9896,0.397,-0.076,-0.168,-0.74,-0.76
99100,-0.0376,-0.0116,0.9932,-0.137,0.351,-0.244,-0.67,-0.76
99120,-0.0344,-0.0121,0.9916,-0.183,0.305,-0.153,-0.70,-0.76
99140,-0.0344,-0.0129,0.9929,0.015,0.321,-0.168,-0.75,-0.76
99161,-0.0327,-0.0155,0.9891,-0.183,0.336,-0.275,-0.90,-0.77
99180,-0.0303,-0.0157,0.9905,-0.214,0.382,-0.366,-0.91,-0.78
99200,-0.0311,-0.0149,0.9926,-0.107,0.351,-0.107,-0.86,-0.78
99220,-0.0303,-0.0142,0.9861,0.427,0.214,-0.092,-0.82,-0.77
99240,-0.0326,-0.0153,0.9960,0.336,0.183,-0.061,-0.88,-0.77
99260,-0.0353,-0.0134,0.9939,-0.153,0.427,-0.122,-0.77,-0.77
99280,-0.0349,-0.0114,0.9937,-0.092,0.382,-0.275,-0.65,-0.77
99300,-0.0341,-0.0127,0.9938,-0.229,0.702,-0.214,-0.73,-0.78
99320,-0.0380,-0.0161,0.9916,-0.290,0.031,-0.260,-0.93,-0.78
99340,-0.0370,-0.0111,0.9941,-0.137,0.107,-0.321,-0.64,-0.78
99360,-0.0369,-0.0085,0.9923,-0.595,0.809,-0.321,-0.49,-0.79
99380,-0.0334,-0.0134,0.9908,-0.061,0.137,-0.366,-0.78,-0.79
99400,-0.0328,-0.0118,0.9935,0.275,-0.046,-0.229,-0.68,-0.78
99420,-0.0345,-0.0101,0.9963,0.137,0.183,-0.336,-0.58,-0.78
99440,-0.0323,-0.0101,0.9926,-0.321,0.611,-0.336,-0.58,-0.78
99460,-0.0320,-0.0117,0.9927,-0.290,0.534,-0.229,-0.68,-0.78
99480,-0.0334,-0.0154,0.9949,-0.153,0.427,-0.153,-0.89,-0.79
99500,-0.0350,-0.0128,0.9956,-0.687,0.427,-0.260,-0.74,-0.80
99520,-0.0349,-0.0160,0.9924,-0.473,0.275,-0.229,-0.92,-0.81
99540,-0.0344,-0.0148,0.9932,-0.275,0.382,-0.122,-0.85,-0.82
99560,-0.0350,-0.0159,0.9937,-0.183,0.183,-0.214,-0.91,-0.82
99580,-0.0344,-0.0148,0.9908,0.092,0.031,-0.305,-0.85,-0.82
99600,-0.0359,-0.0106,0.9933,-0.153,0.198,-0.198,-0.61,-0.82
99620,-0.0359,-0.0103,0.9918,-0.382,0.198,-0.275,-0.59,-0.82
99640,-0.0356,-0.0123,0.9928,-0.061,0.611,-0.076,-0.71,-0.82
99660,-0.0375,-0.0078,0.9908,-0.198,0.824,-0.122,-0.45,-0.82
99680,-0.0376,-0.0084,0.9921,-0.366,0.504,-0.153,-0.49,-0.82
99700,-0.0314,-0.0121,0.9890,0.382,-0.046,-0.076,-0.70,-0.81
99720,-0.0321,-0.0162,0.9929,0.916,-0.305,-0.061,-0.94,-0.79
99740,-0.0299,-0.0182,0.9906,0.031,-0.092,-0.229,-1.05,-0.80
99760,-0.0280,-0.0214,0.9877,1.603,-0.611,0.183,-1.24,-0.78
99780,-0.0328,-0.0143,0.9882,0.504,-0.687,-0.229,-0.83,-0.77
99801,-0.0254,-0.0105,0.9934,0.336,0.504,-0.183,-0.61,-0.76
99820,-0.0389,-0.0100,1.0016,-0.870,0.870,-0.305,-0.57,-0.77
99840,-0.0303,-0.0159,0.9905,-0.595,-0.443,-0.336,-0.92,-0.79
99860,0.0002,0.0396,0.9711,1.588,0.137,0.901,2.33,-0.69
99880,-0.0381,-0.0184,1.0040,1.252,1.237,0.275,-1.05,-0.67
99900,-0.0343,-0.0117,0.9976,-0.443,0.656,-0.061,-0.67,-0.68
99920,-0.0388,-0.0105,0.9927,-0.611,0.183,-0.137,-0.61,-0.69
99940,-0.0383,-0.0061,0.9940,-0.885,0.046,-0.168,-0.35,-0.70
99979,-0.0293,-0.0157,0.9871,-0.763,0.534,-0.458,-0.91,-0.72
99983,-0.0314,-0.0115,0.9908,-0.794,0.641,-0.473,-0.66,-0.74
100000,-0.0289,-0.0167,0.9899,-0.748,0.550,-0.412,-0.97,-0.76
100020,-0.0266,-0.0192,0.9944,-0.061,-0.351,-0.305,-1.10,-0.77
100040,-0.0306,-0.0112,0.9993,-0.412,0.336,-0.336,-0.64,-0.77
100060,-0.0286,-0.0122,0.9938,-0.214,0.092,-0.275,-0.70,-0.77
100080,-0.0308,-0.0114,0.9949,-0.092,0.412,-0.122,-0.65,-0.77
100100,-0.0355,-0.0134,0.9904,-0.183,-0.092,-0.168,-0.78,-0.78
100120,-0.0348,-0.0087,0.9890,-0.870,-0.046,-0.427,-0.50,-0.79
100140,-0.0344,-0.0150,0.9918,-1.038,-0.183,-0.534,-0.87,-0.81
100160,-0.0330,0.0043,0.9937,-0.916,0.092,-1.023,0.25,-0.81
100180,-0.0396,-0.0314,0.9993,-1.069,0.244,-1.115,-1.80,-0.85
100200,-0.0352,-0.0167,0.9929,-0.580,-0.031,-0.427,-0.96,-0.86
100220,-0.0310,-0.0131,0.9921,0.076,-0.916,-0.214,-0.75,-0.86
100240,-0.0276,-0.0088,0.9978,-1.344,0.931,-0.305,-0.50,-0.88
100261,-0.0370,-0.0085,0.9904,-1.466,0.672,-0.290,-0.49,-0.90
100280,-0.0304,-0.0077,0.9938,-0.840,0.260,-0.427,-0.44,-0.91
100300,-0.0430,0.0143,1.0079,-3.282,1.435,-1.740,0.81,-0.94
100320,-0.0271,0.0061,1.0231,-6.656,3.496,-3.679,0.34,-1.04
100340,-0.0109,-0.0450,1.0032,-10.855,4.336,-0.550,-2.57,-1.28
100360,-0.0469,-0.0309,0.9910,-8.382,4.244,-0.092,-1.79,-1.46
100380,-0.0377,-0.0297,0.9949,-8.656,3.008,-0.504,-1.71,-1.63
100400,-0.0336,-0.0243,1.0088,-9.985,4.122,-0.504,-1.38,-1.82
100420,-0.0504,-0.0138,1.0221,-13.206,5.176,-1.603,-0.77,-2.06
100441,-0.0348,-0.0437,1.0092,-15.939,5.435,-2.519,-2.48,-2.38
100460,-0.0273,-0.0569,0.9729,-14.565,6.015,-0.779,-3.35,-2.69
100480,-0.0184,-0.0433,1.0027,-11.710,7.527,0.687,-2.47,-2.91
100500,-0.0201,-0.0223,1.0226,-15.649,7.145,4.489,-1.25,-3.19
100520,-0.1614,-0.0858,1.0103,-18.504,6.977,0.611,-4.86,-3.58
100540,-0.0886,-0.0649,0.9656,-15.771,7.313,-6.427,-3.85,-3.90
100560,-0.0254,-0.0707,0.9896,-14.183,6.137,-6.427,-4.09,-4.18
100580,0.0032,-0.0775,0.9949,-15.023,8.153,-0.595,-4.46,-4.48
100601,-0.0591,-0.0933,1.0045,-16.305,8.855,2.092,-5.30,-4.81
100620,-0.0314,0.0900,0.9363,-15.756,7.069,3.817,5.49,-4.92
100640,-0.0703,-0.0956,1.1328,-23.985,0.427,6.198,-4.82,-5.39
100660,-0.1273,-0.0795,1.1241,-31.313,-14.397,6.458,-4.04,-5.97
100680,-0.0813,-0.0582,1.0990,-42.733,-34.229,6.366,-3.03,-6.75
100700,-0.0560,-0.1226,1.0533,-50.382,-47.038,7.359,-6.64,-7.74
100720,-0.0006,-0.1407,0.9993,-54.015,-46.550,8.748,-8.02,-8.80
100740,0.0007,-0.1715,0.9358,-51.740,-39.206,9.725,-10.39,-9.85
100760,0.0175,-0.2222,0.8629,-44.351,-28.687,8.015,-14.44,-10.81
100780,0.0856,-0.1919,0.8529,-35.237,-5.725,9.206,-12.68,-11.54
100800,-0.0016,-0.2313,0.9036,-29.298,17.725,7.618,-14.36,-12.17
100820,-0.0247,-0.2108,0.9354,-26.198,38.412,-0.305,-12.70,-12.69
100840,0.0385,-0.2046,0.9807,-26.214,49.527,-1.954,-11.78,-13.19
100860,0.0164,-0.1755,1.0730,-33.115,43.893,5.389,-9.29,-13.76
100880,-0.1584,-0.2939,1.0975,-40.260,17.298,9.053,-14.99,-14.57
100900,-0.1718,-0.2539,1.0183,-45.038,-2.962,1.649,-14.00,-15.44
100920,-0.0361,-0.2634,0.9457,-47.924,-2.504,-4.672,-15.57,-16.38
100940,0.0402,-0.2731,0.9299,-48.107,9.145,-0.763,-16.36,-17.33
100960,-0.0765,-0.3289,0.9127,-45.145,14.122,1.817,-19.81,-18.26
100980,-0.1390,-0.3436,0.8612,-37.252,13.725,-5.817,-21.75,-19.06
101000,-0.0822,-0.3463,0.8649,-29.863,22.794,-13.344,-21.82,-19.70
101020,-0.0244,-0.3314,0.8932,-25.924,36.824,-16.366,-20.36,-20.22
101040,-0.0162,-0.3450,0.9304,-25.878,42.183,-12.489,-20.34,-20.73
101060,-0.0890,-0.3674,0.9498,-26.412,36.656,-7.740,-21.15,-21.26
101080,-0.1226,-0.3718,0.9485,-27.145,29.527,-7.695,-21.41,-21.79
101100,-0.0792,-0.3561,0.9468,-30.153,27.695,-8.000,-20.61,-22.36
101120,-0.0667,-0.3969,0.9421,-33.191,24.672,-2.260,-22.84,-23.02
101140,-0.1449,-0.4230,0.9126,-33.221,18.611,0.840,-24.87,-23.71
101160,-0.1709,-0.4087,0.8878,-31.863,13.557,-1.389,-24.72,-24.35
101180,-0.1606,-0.4225,0.8951,-31.130,12.122,-4.565,-25.27,-24.98
101200,-0.0841,-0.4003,0.9304,-33.435,10.824,-3.740,-23.28,-25.60
101220,-0.0967,-0.4354,0.9493,-39.237,3.649,4.214,-24.64,-26.35
101259,-0.1891,-0.4766,0.8262,-36.718,-11.802,0.107,-29.98,-27.15
101263,-0.1788,-0.4764,0.8230,-35.679,-11.527,-0.977,-30.07,-27.90
101280,-0.1459,-0.4827,0.8260,-32.412,-7.542,-4.076,-30.30,-28.59
101300,-0.0927,-0.4678,0.8556,-30.275,0.183,-4.901,-28.67,-29.18
101320,-0.0784,-0.4767,0.8971,-33.084,5.084,-1.176,-27.98,-29.81
101340,-0.1099,-0.5101,0.9004,-36.397,3.496,2.947,-29.53,-30.51
101360,-0.1464,-0.5305,0.8673,-38.366,-2.076,4.809,-31.45,-31.28
101380,-0.1495,-0.5266,0.8540,-39.053,-5.099,3.176,-31.66,-32.06
101400,-0.1534,-0.5455,0.8285,-39.527,-5.298,0.046,-33.36,-32.86
101420,-0.1128,-0.5505,0.8148,-38.580,-2.718,-0.656,-34.05,-33.64
101440,-0.1073,-0.5702,0.7992,-37.344,1.389,0.992,-35.51,-34.41
101461,-0.1378,-0.5731,0.7865,-34.779,4.031,1.649,-36.08,-35.12
101480,-0.1753,-0.6023,0.7700,-32.305,6.656,-1.008,-38.03,-35.81
101500,-0.1549,-0.6008,0.7638,-28.641,9.710,-4.931,-38.19,-36.42
101520,-0.1162,-0.5928,0.7955,-27.176,13.267,-5.450,-36.69,-36.96
101540,-0.1261,-0.6028,0.8231,-29.893,14.336,-4.046,-36.22,-37.53
101560,-0.1548,-0.6309,0.7928,-31.511,11.115,-3.252,-38.51,-38.17
101580,-0.1702,-0.6267,0.7506,-30.198,8.534,-4.809,-39.86,-38.79
101600,-0.1538,-0.6342,0.7260,-26.977,10.382,-7.344,-41.14,-39.37
101620,-0.1400,-0.6455,0.7273,-23.634,12.702,-7.603,-41.59,-39.88
101640,-0.1406,-0.6493,0.7621,-22.198,11.863,-6.595,-40.43,-40.32
101660,-0.1655,-0.6570,0.7666,-23.206,8.519,-6.427,-40.60,-40.78
101680,-0.1693,-0.6575,0.7534,-24.687,6.031,-7.832,-41.11,-41.27
101700,-0.1425,-0.6705,0.7373,-25.160,5.710,-8.504,-42.28,-41.79
101720,-0.1191,-0.6769,0.7318,-24.870,6.580,-6.290,-42.77,-42.30
101740,-0.1389,-0.6847,0.7166,-24.321,6.748,-3.939,-43.70,-42.80
101760,-0.1783,-0.6941,0.6978,-22.748,5.344,-4.565,-44.85,-43.29
101780,-0.1702,-0.7032,0.6854,-20.046,3.695,-6.931,-45.74,-43.73
101800,-0.1454,-0.6978,0.6956,-17.328,2.809,-6.824,-45.09,-44.10
101820,-0.1508,-0.7053,0.6929,-16.015,2.885,-6.458,-45.51,-44.44
101840,-0.1610,-0.7078,0.7065,-15.389,1.405,-7.069,-45.05,-44.75
101860,-0.1671,-0.7101,0.7161,-16.336,-1.405,-7.985,-44.76,-45.07
101880,-0.1456,-0.7147,0.7084,-17.786,-3.282,-8.702,-45.26,-45.42
101900,-0.1318,-0.7156,0.7026,-19.160,-3.405,-8.092,-45.52,-45.80
101920,-0.1205,-0.7275,0.7010,-20.656,-3.130,-6.794,-46.06,-46.21
101941,-0.1442,-0.7334,0.6914,-21.786,-5.145,-5.924,-46.69,-46.65
101960,-0.1320,-0.7374,0.6703,-21.557,-8.092,-6.000,-47.73,-47.09
101980,-0.1406,-0.7491,0.6659,-20.687,-9.405,-5.405,-48.37,-47.52
102000,-0.1208,-0.7423,0.6429,-19.038,-8.809,-6.672,-49.10,-47.93
102020,-0.0983,-0.7642,0.6257,-16.076,-6.443,-6.061,-50.69,-48.30
102040,-0.0840,-0.7538,0.6228,-12.382,-3.008,-3.786,-50.44,-48.58
102060,-0.1177,-0.7648,0.6277,-9.710,0.519,-2.763,-50.62,-48.81
102080,-0.1028,-0.7693,0.6324,-7.038,1.634,-2.427,-50.58,-48.99
102100,-0.1174,-0.7681,0.6414,-5.145,0.718,-1.069,-50.14,-49.11
102120,-0.1104,-0.7694,0.6238,-3.496,0.046,-0.382,-50.97,-49.22
102141,-0.1171,-0.7714,0.6261,-1.130,2.763,-0.550,-50.93,-49.27
102161,-0.1058,-0.7678,0.6494,0.534,1.527,0.290,-49.78,-49.27
102180,-0.1234,-0.7653,0.6543,0.351,-0.046,1.695,-49.47,-49.27
102200,-0.1261,-0.7584,0.6571,-0.366,-1.099,0.366,-49.09,-49.27
102220,-0.1023,-0.7661,0.6606,-1.038,-1.374,1.053,-49.23,-49.29
102240,-0.1218,-0.7689,0.6461,-1.160,-1.878,2.168,-49.96,-49.33
102260,-0.1271,-0.7633,0.6469,-0.748,-2.794,1.496,-49.72,-49.35
102280,-0.1267,-0.7708,0.6467,-0.550,-2.687,0.809,-50.00,-49.38
102300,-0.1167,-0.7689,0.6429,0.183,-1.542,0.076,-50.10,-49.39
102320,-0.1237,-0.7638,0.6422,0.870,0.275,-0.336,-49.94,-49.38
102340,-0.1112,-0.7695,0.6477,1.557,1.145,-0.580,-49.91,-49.36
102360,-0.1127,-0.7642,0.6532,1.740,1.420,0.061,-49.48,-49.33
102380,-0.1166,-0.7600,0.6570,1.618,1.481,0.427,-49.16,-49.29
102400,-0.1174,-0.7588,0.6676,0.595,1.527,0.672,-48.66,-49.27
102420,-0.1188,-0.7601,0.6688,-1.038,0.443,0.962,-48.66,-49.28
102440,-0.1213,-0.7661,0.6641,-1.985,-1.389,1.282,-49.08,-49.31
102460,-0.1169,-0.7621,0.6522,-2.534,-1.985,1.481,-49.44,-49.36
102480,-0.1193,-0.7646,0.6510,-2.702,-1.756,1.542,-49.59,-49.42
102500,-0.1237,-0.7700,0.6517,-2.855,-2.198,1.359,-49.76,-49.49
102539,-0.1183,-0.7643,0.6403,-2.107,-2.076,0.702,-50.05,-49.54
102543,-0.1188,-0.7661,0.6409,-2.000,-1.969,0.687,-50.09,-49.59
102560,-0.1133,-0.7668,0.6462,-1.603,-1.939,0.992,-49.88,-49.63
102580,-0.1309,-0.7706,0.6421,-1.053,-2.305,0.626,-50.20,-49.66
102600,-0.1188,-0.7698,0.6448,-0.489,-2.550,-0.076,-50.05,-49.67
102620,-0.1129,-0.7672,0.6486,-0.412,-1.939,0.412,-49.79,-49.68
102640,-0.1165,-0.7659,0.6477,-0.534,-0.733,0.153,-49.78,-49.70
102660,-0.1189,-0.7650,0.6570,-0.718,-0.565,0.137,-49.34,-49.70
102680,-0.1198,-0.7668,0.6552,-1.267,-2.092,0.153,-49.49,-49.72
102700,-0.1149,-0.7662,0.6500,-1.405,-3.389,0.290,-49.69,-49.75
102720,-0.1171,-0.7683,0.6475,-1.389,-3.053,-0.168,-49.88,-49.78
102741,-0.1162,-0.7638,0.6475,-1.328,-2.427,-0.076,-49.71,-49.81
102760,-0.1133,-0.7753,0.6412,-0.901,-1.679,0.000,-50.41,-49.84
102780,-0.1104,-0.7682,0.6440,-0.443,-0.718,0.336,-50.02,-49.85
102800,-0.1171,-0.7693,0.6470,-0.229,-0.031,0.107,-49.94,-49.85
102820,-0.1168,-0.7684,0.6509,-0.458,-0.290,-0.519,-49.73,-49.86
102840,-0.1073,-0.7726,0.6497,-0.672,-1.084,-0.061,-49.94,-49.88
102860,-0.1149,-0.7705,0.6448,-0.351,-1.496,0.244,-50.08,-49.89
102880,-0.1183,-0.7679,0.6436,-0.046,-1.405,-0.198,-50.04,-49.89
102900,-0.1097,-0.7676,0.6473,0.015,-0.779,-0.641,-49.86,-49.89
102920,-0.1101,-0.7727,0.6438,0.336,-0.153,-0.489,-50.20,-49.89
102940,-0.1122,-0.7667,0.6412,0.779,-0.076,-0.107,-50.09,-49.88
102960,-0.1105,-0.7714,0.6469,1.115,0.290,-0.229,-50.02,-49.86
102980,-0.1116,-0.7695,0.6555,0.824,0.229,-0.168,-49.57,-49.84
103001,-0.1154,-0.7684,0.6541,0.260,-0.611,-0.153,-49.60,-49.83
103020,-0.1096,-0.7661,0.6552,-0.031,-0.916,-0.275,-49.46,-49.82
103040,-0.1062,-0.7626,0.6537,-0.321,-0.580,0.412,-49.40,-49.82
103060,-0.1234,-0.7728,0.6456,-0.580,-0.916,-0.366,-50.12,-49.84
103080,-0.1041,-0.7611,0.6503,-0.550,-0.748,-0.580,-49.49,-49.84
103100,-0.1080,-0.7698,0.6536,-0.809,0.168,-0.168,-49.67,-49.85
103120,-0.1150,-0.7710,0.6515,-1.344,-0.321,-0.183,-49.80,-49.88
103140,-0.1147,-0.7679,0.6406,-0.947,-1.191,-0.595,-50.16,-49.90
103160,-0.1083,-0.7716,0.6342,0.061,-0.687,-1.069,-50.58,-49.91
103180,-0.1056,-0.7689,0.6455,0.748,-0.260,-0.473,-49.99,-49.90
103201,-0.1106,-0.7687,0.6475,0.947,0.336,-0.534,-49.89,-49.88
103220,-0.1016,-0.7638,0.6516,0.779,1.786,-0.458,-49.53,-49.86
103240,-0.1084,-0.7661,0.6554,0.351,0.977,0.076,-49.45,-49.85
103260,-0.1161,-0.7675,0.6477,0.275,-0.504,0.015,-49.84,-49.84
103280,-0.1163,-0.7682,0.6462,0.580,-0.382,-0.443,-49.93,-49.83
103300,-0.1091,-0.7687,0.6477,0.718,0.397,-0.931,-49.88,-49.82
103320,-0.1073,-0.7646,0.6539,0.443,-0.031,-0.977,-49.46,-49.80
103340,-0.1105,-0.7688,0.6560,-0.107,-0.947,-0.748,-49.53,-49.80
103360,-0.1066,-0.7683,0.6552,-0.489,-1.786,-0.580,-49.55,-49.80
103380,-0.1069,-0.7660,0.6516,-0.733,-1.908,-0.351,-49.61,-49.81
103400,-0.1124,-0.7673,0.6434,-0.397,-1.206,-0.687,-50.02,-49.82
103420,-0.1039,-0.7715,0.6395,0.412,0.382,-1.374,-50.34,-49.83
103440,-0.1025,-0.7699,0.6400,1.282,1.603,-1.145,-50.26,-49.81
103460,-0.1003,-0.7678,0.6454,1.924,1.969,-0.519,-49.95,-49.78
103480,-0.1105,-0.7648,0.6508,1.802,1.313,-0.229,-49.60,-49.74
103500,-0.1138,-0.7621,0.6527,1.664,0.290,-0.489,-49.42,-49.70
103520,-0.1045,-0.7664,0.6520,1.328,-0.580,-0.656,-49.61,-49.67
103540,-0.1040,-0.7679,0.6475,1.588,-0.947,-0.427,-49.87,-49.64
103560,-0.1067,-0.7688,0.6439,2.305,-0.931,-0.183,-50.05,-49.61
103580,-0.1104,-0.7681,0.6414,3.328,-0.275,-0.351,-50.14,-49.55
103600,-0.1066,-0.7661,0.6456,4.321,0.412,-0.870,-49.88,-49.47
103620,-0.1116,-0.7679,0.6443,5.557,0.092,-1.160,-50.00,-49.37
103640,-0.1086,-0.7629,0.6449,6.733,-0.244,-1.649,-49.79,-49.25
103660,-0.1116,-0.7628,0.6467,7.817,-0.779,-1.939,-49.71,-49.11
103680,-0.0996,-0.7560,0.6577,8.489,-1.420,-1.985,-48.98,-48.94
103700,-0.1038,-0.7596,0.6632,9.038,-3.191,-0.977,-48.88,-48.76
103720,-0.0991,-0.7502,0.6664,9.099,-4.000,-0.931,-48.39,-48.57
103740,-0.0944,-0.7542,0.6644,9.435,-4.153,-0.275,-48.62,-48.39
103760,-0.0925,-0.7474,0.6656,9.664,-4.534,0.504,-48.31,-48.20
103780,-0.0961,-0.7439,0.6696,10.351,-5.573,1.023,-48.01,-47.99
103820,-0.0901,-0.7394,0.6788,11.206,-8.046,1.496,-47.44,-47.76
103826,-0.0864,-0.7406,0.6760,11.252,-8.443,1.832,-47.61,-47.54
103840,-0.0839,-0.7389,0.6826,11.557,-9.038,2.534,-47.27,-47.31
103860,-0.0966,-0.7451,0.6748,12.412,-11.099,3.313,-47.83,-47.07
103880,-0.1068,-0.7328,0.6626,14.443,-11.802,2.260,-47.88,-46.81
103900,-0.0815,-0.7369,0.6527,17.588,-9.847,1.160,-48.47,-46.50
103920,-0.0732,-0.7249,0.6573,21.313,-5.679,1.344,-47.80,-46.10
103941,-0.0809,-0.7247,0.6694,24.931,-2.916,1.313,-47.27,-45.64
103960,-0.0718,-0.7120,0.6952,27.588,-2.412,2.290,-45.69,-45.10
103980,-0.0895,-0.6976,0.7238,28.168,-4.168,3.496,-43.95,-44.52
104000,-0.0992,-0.6978,0.7362,27.847,-7.206,2.733,-43.46,-43.96
104020,-0.0809,-0.6873,0.7317,27.725,-8.473,2.595,-43.21,-43.40
104040,-0.0767,-0.6744,0.7279,28.153,-8.015,2.794,-42.82,-42.83
104060,-0.0819,-0.6721,0.7239,29.664,-7.069,2.824,-42.88,-42.25
104080,-0.0719,-0.6625,0.7471,31.328,-7.557,3.252,-41.57,-41.63
104100,-0.0874,-0.6575,0.7603,31.542,-8.427,3.252,-40.85,-40.99
104120,-0.0818,-0.6483,0.7599,32.595,-8.977,2.611,-40.47,-40.34
104140,-0.0610,-0.6306,0.7628,33.588,-6.962,2.107,-39.58,-39.67
104160,-0.0538,-0.6267,0.7722,34.427,-4.015,2.855,-39.06,-38.98
104180,-0.0552,-0.6147,0.7876,35.237,-2.794,4.229,-37.97,-38.27
104200,-0.0773,-0.5985,0.8041,34.977,-3.221,5.008,-36.66,-37.55
104220,-0.0907,-0.5931,0.8140,34.244,-4.702,3.649,-36.08,-36.85
104240,-0.0981,-0.5873,0.8170,33.802,-5.710,1.557,-35.71,-36.17
104260,-0.0875,-0.5728,0.8182,33.542,-4.641,-1.740,-34.99,-35.49
104280,-0.0590,-0.5645,0.8300,33.282,-3.634,-2.412,-34.22,-34.81
104300,-0.0503,-0.5613,0.8336,33.344,-3.695,-0.733,-33.95,-34.14
104320,-0.0785,-0.5408,0.8348,33.710,-3.695,-0.275,-32.93,-33.45
104340,-0.0740,-0.5349,0.8385,34.076,-1.344,-2.580,-32.54,-32.77
104360,-0.0291,-0.5333,0.8558,34.183,1.649,-1.481,-31.93,-32.08
104380,-0.0249,-0.5083,0.8651,33.435,3.542,2.214,-30.44,-31.39
104400,-0.0529,-0.4946,0.8795,31.954,2.382,5.084,-29.35,-30.73
104420,-0.0848,-0.4957,0.8885,30.397,-2.870,5.939,-29.16,-30.10
104440,-0.0913,-0.4863,0.8783,29.496,-7.863,4.702,-28.97,-29.50
104460,-0.0757,-0.4774,0.8593,30.931,-9.496,2.382,-29.06,-28.88
104480,-0.0436,-0.4730,0.8610,32.260,-6.183,1.695,-28.78,-28.25
104500,-0.0247,-0.4515,0.8701,33.908,2.626,2.458,-27.43,-27.57
104520,-0.0322,-0.4521,0.8873,34.733,10.519,4.076,-27.00,-26.88
104540,-0.0675,-0.4408,0.8739,36.198,16.534,4.351,-26.77,-26.16
104560,-0.0934,-0.4399,0.8619,39.191,22.748,2.504,-27.04,-25.41
104580,-0.1031,-0.4075,0.8838,42.412,26.107,0.122,-24.75,-24.57
104600,-0.1044,-0.3856,0.9294,42.748,23.359,-1.099,-22.53,-23.69
104620,-0.0935,-0.3702,0.9441,40.794,17.664,-0.168,-21.41,-22.84
104641,-0.1057,-0.3545,0.9760,37.252,11.206,2.046,-19.96,-22.06
104660,-0.1005,-0.3405,0.9644,33.038,4.046,3.023,-19.44,-21.36
104680,-0.1061,-0.3420,0.9323,31.115,-0.321,4.626,-20.15,-20.72
104700,-0.1125,-0.3378,0.9177,33.053,-1.221,4.092,-20.21,-20.07
104720,-0.1285,-0.3439,0.9086,35.481,0.382,2.901,-20.73,-19.38
104740,-0.1198,-0.3049,0.9219,38.305,1.802,0.244,-18.30,-18.61
104760,-0.1003,-0.3107,0.9253,39.191,3.405,-0.214,-18.56,-17.84
104780,-0.1191,-0.2538,0.9988,37.817,-5.695,1.954,-14.26,-17.03
104800,-0.1442,-0.2727,0.9951,34.382,-18.290,2.321,-15.33,-16.32
104820,-0.1372,-0.2584,0.9833,31.695,-29.740,0.656,-14.73,-15.67
104840,-0.1249,-0.2382,0.9696,29.924,-34.992,-1.145,-13.80,-15.04
104860,-0.0917,-0.2328,0.9445,30.595,-31.389,-4.931,-13.85,-14.42
104880,-0.0305,-0.2441,0.9373,31.878,-19.511,-7.786,-14.60,-13.80
104900,0.0117,-0.2180,0.9440,33.649,-5.878,-5.618,-13.00,-13.12
104920,-0.0291,-0.2100,0.9669,34.305,4.840,-3.160,-12.25,-12.43
104940,-0.0454,-0.1876,1.0057,32.870,8.763,-2.427,-10.57,-11.75
104960,-0.0651,-0.1815,1.0181,29.450,7.344,-0.901,-10.11,-11.14
104980,-0.0858,-0.1730,1.0039,26.779,4.092,-1.405,-9.78,-10.59
105000,-0.0975,-0.1664,0.9799,25.420,2.840,-4.672,-9.64,-10.07
105020,-0.0621,-0.1606,0.9874,25.344,2.901,-6.397,-9.24,-9.56
105040,-0.0133,-0.1392,1.0015,23.954,2.885,-3.679,-7.91,-9.06
105079,-0.0768,-0.1311,1.0057,18.824,0.855,3.237,-7.43,-8.66
105084,-0.0815,-0.1292,1.0035,18.351,0.260,3.069,-7.33,-8.27
105100,-0.0908,-0.1400,0.9825,17.863,-2.000,1.817,-8.11,-7.92
105120,-0.0863,-0.1355,0.9666,19.466,-2.611,-0.366,-7.98,-7.54
105140,-0.0452,-0.1088,0.9622,20.977,1.344,-1.282,-6.45,-7.10
105160,-0.0405,-0.0929,1.0203,20.550,2.076,1.221,-5.20,-6.66
105180,-0.1057,-0.0994,1.0161,16.015,-5.084,2.031,-5.59,-6.33
105200,-0.0765,-0.0956,0.9730,15.756,-7.038,-0.840,-5.61,-6.00
105220,-0.0383,-0.0818,0.9902,16.641,-4.412,-0.076,-4.72,-5.65
105240,-0.0848,-0.1016,0.9830,17.893,-5.328,0.748,-5.90,-5.31
105260,-0.0831,-0.0466,0.9747,18.977,-7.817,-1.710,-2.74,-4.88
105280,-0.0680,-0.0186,0.9904,20.702,-7.115,-5.863,-1.07,-4.40
105300,-0.0375,-0.0326,0.9810,21.344,-8.779,-8.611,-1.90,-3.93
105320,-0.0153,-0.0399,0.9783,25.588,-7.176,-10.565,-2.34,-3.40
105340,-0.0438,-0.0510,0.9656,32.031,-6.550,-12.305,-3.02,-2.76
105360,-0.0490,-0.0807,1.0554,25.832,-7.740,-8.672,-4.37,-2.29
105380,-0.0396,-0.0591,1.0153,24.076,-8.840,-4.733,-3.33,-1.84
105400,0.0048,0.0177,1.0143,23.298,-7.420,-4.565,1.00,-1.32
105420,-0.0474,-0.0608,1.0597,13.008,-6.550,-1.145,-3.28,-1.11
105440,-0.0421,-0.0262,1.0099,4.107,-3.725,0.977,-1.49,-1.04
105460,-0.0314,-0.0120,1.0010,1.634,-1.573,0.229,-0.68,-1.00
105480,-0.0308,-0.0078,0.9984,0.718,-0.198,-0.137,-0.45,-0.97
105500,-0.0332,-0.0096,0.9838,0.244,-0.092,-0.275,-0.56,-0.96
105520,-0.0311,-0.0128,0.9989,1.099,-2.351,-0.183,-0.74,-0.93
105540,-0.0317,-0.0120,0.9907,-0.153,0.489,-0.290,-0.69,-0.93
105560,-0.0253,-0.0043,0.9978,-0.672,1.176,-0.366,-0.25,-0.93
105580,-0.0323,-0.0099,0.9989,-1.649,2.824,-0.260,-0.57,-0.96
105600,-0.0330,-0.0160,0.9940,-1.893,3.405,-0.122,-0.92,-0.99
105620,-0.0291,-0.0010,0.9769,-2.183,2.336,-0.275,-0.06,-1.02
105640,-0.0298,-0.0076,0.9901,-0.412,0.977,-0.137,-0.44,-1.01
105660,-0.0321,-0.0153,0.9879,-0.931,0.779,-0.321,-0.88,-1.03
105681,-0.0298,-0.0125,0.9906,-0.290,0.458,-0.168,-0.72,-1.03
105700,-0.0333,-0.0126,0.9923,-0.214,0.473,-0.198,-0.73,-1.03
105720,-0.0336,-0.0132,0.9921,-0.214,0.290,-0.290,-0.76,-1.02
105740,-0.0350,-0.0142,0.9923,-0.046,0.489,-0.229,-0.82,-1.02
105760,-0.0350,-0.0131,0.9919,-0.183,0.412,-0.107,-0.75,-1.02
105780,-0.0309,-0.0132,0.9940,-0.198,0.458,-0.183,-0.76,-1.02
105800,-0.0319,-0.0143,0.9934,-0.107,0.382,-0.397,-0.82,-1.02
105820,-0.0331,-0.0128,0.9937,-0.031,0.412,-0.244,-0.74,-1.01
105840,-0.0336,-0.0118,0.9927,-0.107,0.458,-0.137,-0.68,-1.01
105860,-0.0332,-0.0115,0.9897,-0.061,0.382,-0.107,-0.66,-1.00
105880,-0.0332,-0.0117,0.9911,-0.198,0.260,-0.214,-0.68,-1.00
105900,-0.0326,-0.0100,0.9907,-0.122,0.229,-0.275,-0.58,-0.99
105920,-0.0341,-0.0087,0.9906,-0.153,0.275,-0.244,-0.50,-0.99
105940,-0.0320,-0.0099,0.9921,-0.092,0.366,-0.244,-0.57,-0.98
105960,-0.0325,-0.0105,0.9924,-0.153,0.366,-0.260,-0.61,-0.98
105980,-0.0343,-0.0092,0.9922,-0.198,0.183,-0.229,-0.53,-0.97
106000,-0.0333,-0.0109,0.9932,-0.214,0.321,-0.275,-0.63,-0.97
106020,-0.0325,-0.0120,0.9921,-0.214,0.412,-0.244,-0.69,-0.97
106040,-0.0327,-0.0123,0.9917,-0.214,0.229,-0.290,-0.71,-0.97
106060,-0.0337,-0.0127,0.9924,-0.260,0.290,-0.168,-0.73,-0.97
106080,-0.0350,-0.0123,0.9940,-0.137,0.290,-0.183,-0.71,-0.96
106100,-0.0334,-0.0135,0.9916,-0.244,0.351,-0.153,-0.78,-0.96
106120,-0.0338,-0.0138,0.9949,-0.122,0.382,-0.076,-0.79,-0.96
106140,-0.0332,-0.0121,0.9928,-0.076,0.321,-0.275,-0.70,-0.96
106160,-0.0326,-0.0118,0.9926,-0.229,0.351,-0.321,-0.68,-0.96
106180,-0.0330,-0.0100,0.9917,-0.275,0.366,-0.290,-0.58,-0.96
106200,-0.0305,-0.0105,0.9912,-0.168,0.305,-0.229,-0.61,-0.95
106220,-0.0327,-0.0094,0.9906,-0.229,0.336,-0.229,-0.54,-0.95
106240,-0.0349,-0.0099,0.9899,-0.229,0.244,-0.336,-0.57,-0.95
106260,-0.0355,-0.0112,0.9900,-0.260,0.412,-0.351,-0.65,-0.95
106280,-0.0322,-0.0109,0.9910,-0.290,0.260,-0.305,-0.63,-0.94
106300,-0.0330,-0.0116,0.9929,-0.168,0.305,-0.183,-0.67,-0.94
106320,-0.0332,-0.0120,0.9949,-0.198,0.351,-0.168,-0.69,-0.94
106340,-0.0300,-0.0140,0.9946,-0.137,0.290,-0.275,-0.81,-0.94
106360,-0.0309,-0.0151,0.9937,-0.290,0.382,-0.275,-0.87,-0.95
106399,-0.0325,-0.0143,0.9924,-0.153,0.260,-0.244,-0.82,-0.95
106403,-0.0302,-0.0149,0.9908,-0.092,0.336,-0.153,-0.86,-0.95
106420,-0.0328,-0.0129,0.9904,-0.153,0.321,-0.305,-0.75,-0.95
106440,-0.0330,-0.0116,0.9906,-0.198,0.382,-0.229,-0.67,-0.94
106460,-0.0338,-0.0125,0.9899,-0.107,0.443,-0.321,-0.72,-0.94
106480,-0.0332,-0.0099,0.9894,-0.183,0.427,-0.137,-0.57,-0.94
106500,-0.0343,-0.0117,0.9895,-0.137,0.290,-0.290,-0.68,-0.93
106520,-0.0331,-0.0101,0.9935,-0.107,0.397,-0.229,-0.58,-0.93
106540,-0.0354,-0.0104,0.9941,-0.153,0.366,-0.244,-0.60,-0.93
106560,-0.0363,-0.0104,0.9940,-0.198,0.305,-0.229,-0.60,-0.92
106580,-0.0349,-0.0111,0.9939,-0.260,0.397,-0.244,-0.64,-0.92
106600,-0.0365,-0.0122,0.9934,-0.153,0.351,-0.321,-0.70,-0.92
106620,-0.0332,-0.0120,0.9927,-0.229,0.321,-0.214,-0.69,-0.92
106640,-0.0342,-0.0115,0.9899,-0.061,0.321,-0.229,-0.66,-0.92
106660,-0.0323,-0.0145,0.9919,-0.107,0.305,-0.153,-0.84,-0.92
106680,-0.0314,-0.0128,0.9928,-0.275,0.290,-0.275,-0.74,-0.92
106700,-0.0298,-0.0135,0.9917,-0.198,0.305,-0.214,-0.78,-0.92
106720,-0.0303,-0.0149,0.9902,-0.122,0.260,-0.137,-0.86,-0.92
106740,-0.0283,-0.0148,0.9875,-0.046,0.382,-0.183,-0.86,-0.92
106760,-0.0305,-0.0132,0.9888,-0.214,0.229,-0.122,-0.76,-0.92
106780,-0.0326,-0.0133,0.9948,-0.275,0.458,-0.214,-0.77,-0.93
106800,-0.0314,-0.0132,0.9922,-0.260,0.305,-0.290,-0.76,-0.93
106820,-0.0326,-0.0126,0.9965,-0.153,0.336,-0.260,-0.72,-0.93
106840,-0.0320,-0.0128,0.9952,-0.214,0.351,-0.168,-0.74,-0.93
106860,-0.0332,-0.0100,0.9957,-0.076,0.290,-0.198,-0.58,-0.92
106880,-0.0348,-0.0117,0.9944,-0.107,0.427,-0.290,-0.68,-0.92
106900,-0.0352,-0.0106,0.9919,-0.168,0.351,-0.183,-0.61,-0.92
106920,-0.0367,-0.0111,0.9929,-0.076,0.397,-0.198,-0.64,-0.91
106940,-0.0354,-0.0093,0.9924,-0.168,0.382,-0.198,-0.54,-0.91
106960,-0.0337,-0.0089,0.9921,-0.198,0.336,-0.168,-0.51,-0.90
106980,-0.0332,-0.0120,0.9927,-0.122,0.275,-0.229,-0.69,-0.90
107000,-0.0322,-0.0116,0.9917,-0.137,0.366,-0.168,-0.67,-0.90
107020,-0.0311,-0.0129,0.9916,-0.168,0.366,-0.107,-0.75,-0.90
107040,-0.0298,-0.0123,0.9926,-0.214,0.183,-0.183,-0.71,-0.90
107060,-0.0280,-0.0099,0.9924,-0.321,0.397,-0.214,-0.57,-0.90
107080,-0.0293,-0.0098,0.9915,-0.290,0.290,-0.214,-0.56,-0.90
107100,-0.0332,-0.0127,0.9917,-0.260,0.336,-0.244,-0.73,-0.90
107120,-0.0341,-0.0114,0.9934,-0.214,0.412,-0.305,-0.65,-0.90
107140,-0.0339,-0.0132,0.9918,-0.275,0.412,-0.244,-0.76,-0.90
107160,-0.0349,-0.0138,0.9940,-0.244,0.443,-0.244,-0.80,-0.90
107180,-0.0358,-0.0156,0.9957,-0.122,0.382,-0.290,-0.90,-0.91
107200,-0.0336,-0.0165,0.9949,-0.092,0.366,-0.168,-0.95,-0.91
107220,-0.0344,-0.0166,0.9946,-0.046,0.382,-0.198,-0.96,-0.91
107240,-0.0342,-0.0161,0.9906,0.000,0.244,-0.260,-0.93,-0.91
107260,-0.0321,-0.0156,0.9916,-0.031,0.214,-0.168,-0.90,-0.91
107280,-0.0320,-0.0120,0.9894,-0.092,0.336,-0.244,-0.69,-0.91
107300,-0.0338,-0.0099,0.9899,-0.092,0.412,-0.260,-0.57,-0.90
107320,-0.0315,-0.0070,0.9913,-0.031,0.275,-0.305,-0.40,-0.90
107340,-0.0322,-0.0066,0.9907,-0.092,0.336,-0.275,-0.38,-0.89
107360,-0.0309,-0.0049,0.9933,-0.198,0.366,-0.153,-0.28,-0.88
107380,-0.0327,-0.0078,0.9944,-0.031,0.397,-0.137,-0.45,-0.87
107400,-0.0328,-0.0090,0.9952,-0.183,0.244,-0.214,-0.52,-0.87
107420,-0.0331,-0.0109,0.9972,-0.183,0.290,-0.198,-0.62,-0.87
107440,-0.0326,-0.0133,0.9960,-0.244,0.397,-0.290,-0.77,-0.87
107460,-0.0343,-0.0138,0.9950,-0.321,0.305,-0.290,-0.79,-0.87
107480,-0.0331,-0.0160,0.9926,-0.214,0.504,-0.183,-0.92,-0.88
107500,-0.0327,-0.0155,0.9917,-0.260,0.305,-0.305,-0.90,-0.88
107520,-0.0332,-0.0160,0.9900,-0.229,0.321,-0.244,-0.93,-0.89
107540,-0.0302,-0.0156,0.9886,-0.015,0.366,-0.351,-0.91,-0.89
107560,-0.0309,-0.0144,0.9911,-0.183,0.305,-0.214,-0.83,-0.89
107580,-0.0300,-0.0131,0.9935,-0.076,0.366,-0.198,-0.75,-0.89
107600,-0.0311,-0.0138,0.9927,-0.137,0.305,-0.275,-0.80,-0.89
107620,-0.0328,-0.0111,0.9937,-0.046,0.458,-0.137,-0.64,-0.89
107640,-0.0321,-0.0121,0.9955,-0.046,0.214,-0.198,-0.70,-0.89
107660,-0.0334,-0.0125,0.9933,-0.122,0.214,-0.229,-0.72,-0.88
107680,-0.0337,-0.0099,0.9937,-0.168,0.382,-0.168,-0.57,-0.88
107719,-0.0330,-0.0096,0.9949,-0.153,0.397,-0.290,-0.56,-0.88
107723,-0.0328,-0.0085,0.9945,-0.214,0.412,-0.397,-0.49,-0.87
107740,-0.0316,-0.0079,0.9933,-0.168,0.351,-0.229,-0.46,-0.87
107760,-0.0331,-0.0103,0.9940,-0.137,0.366,-0.290,-0.59,-0.87
107780,-0.0305,-0.0093,0.9935,-0.107,0.351,-0.214,-0.53,-0.86
107800,-0.0320,-0.0123,0.9938,-0.122,0.214,-0.244,-0.71,-0.86
107820,-0.0313,-0.0126,0.9935,-0.076,0.290,-0.336,-0.73,-0.86
107840,-0.0320,-0.0127,0.9928,-0.061,0.305,-0.305,-0.73,-0.86
107860,-0.0323,-0.0137,0.9924,-0.122,0.183,-0.229,-0.79,-0.86
107880,-0.0333,-0.0154,0.9911,-0.183,0.336,-0.275,-0.89,-0.86
107900,-0.0306,-0.0150,0.9922,-0.137,0.275,-0.168,-0.87,-0.87
107920,-0.0315,-0.0153,0.9926,0.061,0.351,-0.229,-0.88,-0.87
107940,-0.0336,-0.0121,0.9928,-0.137,0.412,-0.336,-0.70,-0.86
107960,-0.0319,-0.0103,0.9939,-0.153,0.382,-0.321,-0.59,-0.86
107980,-0.0310,-0.0094,0.9937,-0.214,0.321,-0.275,-0.54,-0.86
108000,-0.0330,-0.0105,0.9937,-0.198,0.260,-0.275,-0.61,-0.86
108020,-0.0325,-0.0107,0.9930,-0.183,0.366,-0.214,-0.62,-0.86
108040,-0.0326,-0.0107,0.9930,-0.137,0.336,-0.351,-0.62,-0.86
108060,-0.0337,-0.0114,0.9928,-0.183,0.305,-0.214,-0.66,-0.86
108080,-0.0331,-0.0114,0.9930,-0.198,0.244,-0.137,-0.65,-0.86
108100,-0.0352,-0.0134,0.9934,-0.122,0.382,-0.168,-0.77,-0.86
108120,-0.0320,-0.0139,0.9911,-0.153,0.336,-0.260,-0.80,-0.86
108140,-0.0342,-0.0122,0.9922,-0.168,0.321,-0.214,-0.70,-0.86
108160,-0.0326,-0.0138,0.9933,-0.198,0.366,-0.275,-0.80,-0.86
108180,-0.0327,-0.0126,0.9937,-0.305,0.382,-0.427,-0.72,-0.86
108200,-0.0328,-0.0143,0.9937,-0.198,0.244,-0.229,-0.82,-0.87
108220,-0.0333,-0.0114,0.9927,-0.153,0.351,-0.290,-0.66,-0.87
108240,-0.0317,-0.0131,0.9919,-0.183,0.275,-0.305,-0.75,-0.87
108260,-0.0327,-0.0139,0.9906,-0.137,0.290,-0.260,-0.80,-0.87
108280,-0.0313,-0.0133,0.9941,-0.137,0.290,-0.198,-0.77,-0.87
108300,-0.0338,-0.0112,0.9922,-0.290,0.351,-0.137,-0.65,-0.87
108320,-0.0337,-0.0125,0.9940,-0.168,0.366,-0.137,-0.72,-0.87
108340,-0.0330,-0.0115,0.9907,-0.275,0.366,-0.275,-0.66,-0.87
108360,-0.0323,-0.0096,0.9937,-0.107,0.244,-0.198,-0.56,-0.87
108380,-0.0313,-0.0099,0.9938,-0.198,0.244,-0.168,-0.57,-0.87
108400,-0.0299,-0.0110,0.9945,-0.305,0.351,-0.260,-0.63,-0.87
108420,-0.0334,-0.0107,0.9929,-0.183,0.229,-0.198,-0.62,-0.87
108440,-0.0328,-0.0122,0.9927,-0.137,0.305,-0.153,-0.70,-0.87
108460,-0.0332,-0.0099,0.9927,-0.229,0.366,-0.076,-0.57,-0.86
108480,-0.0334,-0.0127,0.9913,-0.198,0.290,-0.214,-0.73,-0.87
108500,-0.0330,-0.0149,0.9908,-0.107,0.382,-0.198,-0.86,-0.87
108520,-0.0325,-0.0133,0.9926,-0.168,0.290,-0.198,-0.77,-0.87
108540,-0.0327,-0.0123,0.9924,-0.198,0.366,-0.290,-0.71,-0.87
108560,-0.0316,-0.0122,0.9927,-0.046,0.412,-0.305,-0.70,-0.87
108580,-0.0319,-0.0121,0.9943,-0.153,0.290,-0.275,-0.70,-0.87
108600,-0.0319,-0.0106,0.9930,0.015,0.321,-0.275,-0.61,-0.86
108620,-0.0328,-0.0112,0.9933,-0.122,0.336,-0.198,-0.65,-0.86
108640,-0.0330,-0.0109,0.9943,-0.076,0.290,-0.275,-0.63,-0.86
108660,-0.0305,-0.0105,0.9939,-0.168,0.321,-0.244,-0.61,-0.85
108680,-0.0305,-0.0127,0.9943,-0.168,0.275,-0.168,-0.73,-0.86
108700,-0.0336,-0.0100,0.9932,-0.290,0.321,-0.244,-0.58,-0.86
108720,-0.0317,-0.0096,0.9937,-0.275,0.336,-0.260,-0.56,-0.85
108740,-0.0328,-0.0105,0.9961,-0.244,0.336,-0.153,-0.60,-0.85
108760,-0.0327,-0.0129,0.9928,-0.168,0.351,-0.137,-0.75,-0.86
108780,-0.0344,-0.0111,0.9946,-0.305,0.397,-0.260,-0.64,-0.86
108800,-0.0341,-0.0129,0.9918,-0.229,0.412,-0.290,-0.75,-0.86
108820,-0.0332,-0.0098,0.9926,-0.214,0.366,-0.305,-0.56,-0.86
108840,-0.0305,-0.0112,0.9921,-0.168,0.290,-0.275,-0.65,-0.86
108860,-0.0302,-0.0137,0.9926,-0.260,0.351,-0.107,-0.79,-0.86
108880,-0.0321,-0.0116,0.9932,-0.168,0.275,-0.198,-0.67,-0.86
108900,-0.0310,-0.0114,0.9927,-0.214,0.305,-0.198,-0.66,-0.86
108920,-0.0325,-0.0125,0.9930,-0.076,0.412,-0.260,-0.72,-0.86
108940,-0.0333,-0.0115,0.9923,-0.076,0.458,-0.198,-0.66,-0.86
108960,-0.0309,-0.0116,0.9927,-0.092,0.244,-0.168,-0.67,-0.85
108980,-0.0322,-0.0132,0.9930,-0.198,0.321,-0.275,-0.76,-0.86
109000,-0.0347,-0.0133,0.9917,0.015,0.397,-0.244,-0.77,-0.85
109042,-0.0334,-0.0110,0.9922,-0.137,0.305,-0.137,-0.63,-0.85
109046,-0.0320,-0.0109,0.9921,-0.107,0.351,-0.137,-0.63,-0.85
109060,-0.0342,-0.0110,0.9905,-0.137,0.275,-0.183,-0.64,-0.85
109081,-0.0337,-0.0112,0.9932,-0.168,0.382,-0.290,-0.65,-0.85
109100,-0.0320,-0.0099,0.9921,-0.137,0.321,-0.214,-0.57,-0.85
109120,-0.0336,-0.0131,0.9930,-0.153,0.382,-0.275,-0.75,-0.85
109140,-0.0322,-0.0123,0.9908,-0.137,0.382,-0.290,-0.71,-0.85
109160,-0.0336,-0.0125,0.9929,-0.214,0.321,-0.214,-0.72,-0.85
109180,-0.0333,-0.0131,0.9932,-0.229,0.260,-0.260,-0.75,-0.85
109200,-0.0338,-0.0140,0.9915,-0.275,0.351,-0.153,-0.81,-0.86
109220,-0.0345,-0.0123,0.9922,-0.153,0.305,-0.198,-0.71,-0.86
109240,-0.0333,-0.0137,0.9932,-0.260,0.473,-0.214,-0.79,-0.86
109260,-0.0342,-0.0123,0.9929,-0.122,0.290,-0.260,-0.71,-0.86
109280,-0.0327,-0.0106,0.9904,-0.183,0.412,-0.168,-0.61,-0.86
109301,-0.0317,-0.0116,0.9918,-0.229,0.290,-0.366,-0.67,-0.86
109320,-0.0309,-0.0110,0.9921,-0.336,0.305,-0.198,-0.63,-0.86
109340,-0.0339,-0.0123,0.9918,-0.198,0.397,-0.137,-0.71,-0.86
109360,-0.0332,-0.0137,0.9926,-0.122,0.305,-0.260,-0.79,-0.86
109380,-0.0339,-0.0112,0.9913,-0.015,0.321,-0.229,-0.65,-0.86
109400,-0.0338,-0.0106,0.9928,-0.092,0.382,-0.153,-0.61,-0.85
109420,-0.0322,-0.0126,0.9955,-0.137,0.412,-0.214,-0.72,-0.85
109440,-0.0333,-0.0133,0.9943,-0.183,0.366,-0.229,-0.77,-0.86
109460,-0.0327,-0.0132,0.9938,-0.183,0.336,-0.260,-0.76,-0.86
109480,-0.0323,-0.0126,0.9940,-0.198,0.412,-0.107,-0.72,-0.86
109500,-0.0325,-0.0098,0.9915,-0.229,0.260,-0.183,-0.56,-0.86
109520,-0.0327,-0.0103,0.9922,-0.122,0.366,-0.275,-0.59,-0.86
109540,-0.0345,-0.0122,0.9933,-0.260,0.397,-0.321,-0.70,-0.86
109560,-0.0342,-0.0117,0.9930,-0.076,0.458,-0.168,-0.68,-0.86
109580,-0.0320,-0.0132,0.9911,-0.321,0.321,-0.153,-0.76,-0.86
109600,-0.0323,-0.0118,0.9928,-0.244,0.336,-0.122,-0.68,-0.86
109620,-0.0308,-0.0120,0.9915,-0.290,0.366,-0.229,-0.69,-0.86
109640,-0.0325,-0.0134,0.9935,-0.046,0.321,-0.168,-0.77,-0.86
109660,-0.0317,-0.0096,0.9943,-0.092,0.305,-0.244,-0.56,-0.86
109680,-0.0319,-0.0116,0.9921,-0.198,0.336,-0.366,-0.67,-0.86
109700,-0.0336,-0.0134,0.9934,-0.107,0.351,-0.321,-0.77,-0.86
109720,-0.0327,-0.0121,0.9943,-0.107,0.336,-0.107,-0.70,-0.86
109740,-0.0336,-0.0133,0.9927,0.000,0.366,-0.214,-0.77,-0.86
109760,-0.0348,-0.0106,0.9921,-0.214,0.336,-0.168,-0.61,-0.85
109780,-0.0325,-0.0118,0.9900,-0.168,0.382,-0.229,-0.69,-0.85
109800,-0.0332,-0.0114,0.9915,-0.046,0.382,-0.153,-0.66,-0.85
109820,-0.0322,-0.0126,0.9935,-0.107,0.397,-0.260,-0.73,-0.85
109840,-0.0332,-0.0122,0.9923,-0.168,0.336,-0.198,-0.70,-0.85
109860,-0.0316,-0.0132,0.9939,0.015,0.397,-0.183,-0.76,-0.85
109880,-0.0321,-0.0116,0.9924,-0.214,0.290,-0.229,-0.67,-0.85
109900,-0.0317,-0.0093,0.9938,-0.137,0.305,-0.198,-0.53,-0.85
109920,-0.0314,-0.0117,0.9924,-0.214,0.290,-0.290,-0.68,-0.85
109940,-0.0300,-0.0114,0.9930,-0.260,0.290,-0.260,-0.65,-0.85
109961,-0.0321,-0.0117,0.9940,-0.214,0.336,-0.214,-0.68,-0.85
109980,-0.0330,-0.0114,0.9928,-0.229,0.351,-0.305,-0.66,-0.85
110000,-0.0334,-0.0139,0.9935,-0.168,0.290,-0.137,-0.80,-0.85
110020,-0.0314,-0.0139,0.9921,-0.260,0.427,-0.305,-0.80,-0.86
110040,-0.0326,-0.0139,0.9921,-0.107,0.412,-0.382,-0.80,-0.86
110060,-0.0328,-0.0132,0.9928,-0.061,0.458,-0.183,-0.76,-0.86
110080,-0.0337,-0.0104,0.9930,-0.092,0.336,-0.244,-0.60,-0.85
110100,-0.0336,-0.0099,0.9912,-0.183,0.229,-0.229,-0.57,-0.85
110120,-0.0319,-0.0123,0.9930,-0.061,0.198,-0.198,-0.71,-0.85
110140,-0.0343,-0.0118,0.9927,-0.137,0.397,-0.168,-0.68,-0.85
110160,-0.0330,-0.0122,0.9918,-0.015,0.275,-0.198,-0.71,-0.85
110180,-0.0345,-0.0112,0.9941,-0.168,0.351,-0.092,-0.65,-0.85
110200,-0.0330,-0.0112,0.9935,-0.137,0.275,-0.244,-0.65,-0.84
110220,-0.0330,-0.0120,0.9935,-0.214,0.275,-0.137,-0.69,-0.85
110240,-0.0323,-0.0111,0.9941,-0.168,0.336,-0.229,-0.64,-0.84
110260,-0.0334,-0.0103,0.9928,-0.153,0.458,-0.260,-0.59,-0.84
110280,-0.0334,-0.0134,0.9910,-0.153,0.351,-0.229,-0.78,-0.84
110300,-0.0306,-0.0135,0.9943,-0.076,0.427,-0.214,-0.78,-0.84
110320,-0.0309,-0.0118,0.9926,-0.183,0.397,-0.244,-0.68,-0.84
110359,-0.0326,-0.0115,0.9916,-0.168,0.382,-0.183,-0.66,-0.84
110363,-0.0348,-0.0131,0.9902,-0.137,0.351,-0.137,-0.76,-0.85
110380,-0.0322,-0.0132,0.9922,-0.153,0.397,-0.153,-0.76,-0.85
110400,-0.0344,-0.0129,0.9916,-0.122,0.382,-0.214,-0.75,-0.85
110420,-0.0334,-0.0098,0.9906,-0.046,0.397,-0.229,-0.56,-0.84
110440,-0.0327,-0.0114,0.9927,-0.183,0.382,-0.198,-0.66,-0.84
110460,-0.0326,-0.0115,0.9922,-0.214,0.290,-0.229,-0.66,-0.84
110480,-0.0343,-0.0106,0.9930,-0.092,0.305,-0.122,-0.61,-0.84
110500,-0.0338,-0.0114,0.9923,-0.183,0.305,-0.260,-0.66,-0.84
110520,-0.0331,-0.0099,0.9933,-0.168,0.305,-0.229,-0.57,-0.84
110540,-0.0328,-0.0111,0.9960,-0.153,0.397,-0.183,-0.64,-0.84
110560,-0.0350,-0.0126,0.9935,-0.092,0.321,-0.183,-0.73,-0.84
110580,-0.0310,-0.0098,0.9940,-0.153,0.290,-0.122,-0.56,-0.83
110600,-0.0319,-0.0116,0.9927,-0.275,0.260,-0.229,-0.67,-0.84
110620,-0.0316,-0.0111,0.9928,-0.290,0.321,-0.260,-0.64,-0.84
110640,-0.0310,-0.0121,0.9927,-0.198,0.366,-0.260,-0.70,-0.84
110660,-0.0331,-0.0115,0.9897,-0.214,0.305,-0.275,-0.66,-0.84
110680,-0.0309,-0.0123,0.9937,-0.092,0.351,-0.244,-0.71,-0.84
110700,-0.0341,-0.0116,0.9932,-0.137,0.321,-0.153,-0.67,-0.84
110720,-0.0325,-0.0128,0.9940,-0.153,0.427,-0.260,-0.74,-0.84
110740,-0.0338,-0.0117,0.9911,-0.061,0.382,-0.290,-0.68,-0.84
110760,-0.0323,-0.0098,0.9930,-0.183,0.336,-0.244,-0.56,-0.84
110780,-0.0336,-0.0094,0.9938,-0.153,0.244,-0.153,-0.54,-0.83
110800,-0.0321,-0.0104,0.9932,-0.168,0.366,-0.275,-0.60,-0.83
110820,-0.0331,-0.0116,0.9926,-0.214,0.336,-0.321,-0.67,-0.83
110840,-0.0336,-0.0115,0.9938,-0.198,0.305,-0.244,-0.66,-0.83
110860,-0.0326,-0.0122,0.9921,-0.244,0.336,-0.244,-0.70,-0.83
110880,-0.0332,-0.0104,0.9933,-0.244,0.351,-0.214,-0.60,-0.83
110900,-0.0338,-0.0110,0.9930,-0.168,0.275,-0.214,-0.63,-0.83
110920,-0.0316,-0.0123,0.9923,-0.168,0.336,-0.290,-0.71,-0.83
110940,-0.0332,-0.0111,0.9930,-0.244,0.321,-0.229,-0.64,-0.84
110961,-0.0336,-0.0115,0.9929,-0.137,0.336,-0.229,-0.66,-0.83
110980,-0.0331,-0.0133,0.9926,-0.137,0.351,-0.137,-0.77,-0.84
111000,-0.0341,-0.0123,0.9922,-0.122,0.305,-0.244,-0.71,-0.84
111020,-0.0331,-0.0125,0.9913,-0.275,0.382,-0.275,-0.72,-0.84
111040,-0.0320,-0.0104,0.9910,-0.046,0.351,-0.260,-0.60,-0.84
111061,-0.0334,-0.0112,0.9910,-0.198,0.382,-0.305,-0.65,-0.84
111080,-0.0336,-0.0122,0.9934,-0.153,0.336,-0.168,-0.70,-0.84
111100,-0.0317,-0.0104,0.9924,-0.076,0.366,-0.168,-0.60,-0.83
111120,-0.0358,-0.0096,0.9918,-0.153,0.229,-0.198,-0.56,-0.83
111140,-0.0328,-0.0105,0.9927,-0.260,0.336,-0.290,-0.61,-0.83
111160,-0.0323,-0.0083,0.9910,-0.122,0.351,-0.137,-0.48,-0.83
111180,-0.0326,-0.0116,0.9930,-0.122,0.321,-0.244,-0.67,-0.83
111200,-0.0315,-0.0117,0.9915,-0.107,0.366,-0.229,-0.68,-0.82
111221,-0.0321,-0.0106,0.9918,-0.122,0.336,-0.260,-0.61,-0.82
111240,-0.0336,-0.0106,0.9926,-0.137,0.351,-0.336,-0.61,-0.82
111260,-0.0323,-0.0120,0.9934,-0.229,0.275,-0.260,-0.69,-0.82
111280,-0.0325,-0.0133,0.9930,-0.122,0.321,-0.260,-0.77,-0.82
111300,-0.0334,-0.0100,0.9921,-0.198,0.366,-0.229,-0.58,-0.82
111320,-0.0326,-0.0131,0.9919,-0.137,0.366,-0.183,-0.75,-0.82
111340,-0.0341,-0.0140,0.9941,-0.137,0.427,-0.137,-0.81,-0.83
111360,-0.0323,-0.0128,0.9911,-0.137,0.305,-0.198,-0.74,-0.83
111380,-0.0321,-0.0125,0.9927,-0.122,0.351,-0.214,-0.72,-0.83
111400,-0.0325,-0.0118,0.9918,-0.076,0.397,-0.214,-0.68,-0.83
111420,-0.0330,-0.0117,0.9937,-0.153,0.427,-0.214,-0.68,-0.83
111440,-0.0334,-0.0128,0.9928,-0.122,0.397,-0.229,-0.74,-0.83
111460,-0.0330,-0.0111,0.9935,-0.153,0.397,-0.137,-0.64,-0.83
111480,-0.0315,-0.0142,0.9919,-0.076,0.351,-0.244,-0.82,-0.83
111500,-0.0317,-0.0118,0.9935,-0.092,0.397,-0.229,-0.68,-0.83
111520,-0.0337,-0.0111,0.9915,-0.229,0.412,-0.198,-0.64,-0.83
111540,-0.0316,-0.0125,0.9919,-0.153,0.290,-0.183,-0.72,-0.83
111560,-0.0337,-0.0117,0.9902,-0.244,0.427,-0.107,-0.68,-0.83
111580,-0.0331,-0.0107,0.9933,-0.198,0.305,-0.183,-0.62,-0.83
111600,-0.0360,-0.0128,0.9922,-0.122,0.458,-0.198,-0.74,-0.83
111620,-0.0342,-0.0107,0.9938,-0.153,0.336,-0.229,-0.62,-0.83
111640,-0.0322,-0.0139,0.9945,-0.168,0.366,-0.214,-0.80,-0.83
111679,-0.0337,-0.0135,0.9939,-0.275,0.290,-0.290,-0.78,-0.84
111683,-0.0328,-0.0128,0.9939,-0.229,0.244,-0.305,-0.74,-0.84
111700,-0.0322,-0.0109,0.9930,-0.076,0.321,-0.290,-0.63,-0.84
111720,-0.0327,-0.0116,0.9911,-0.153,0.382,-0.260,-0.67,-0.84
111740,-0.0333,-0.0142,0.9928,-0.137,0.321,-0.229,-0.82,-0.84
111760,-0.0342,-0.0142,0.9927,-0.168,0.305,-0.290,-0.82,-0.84
111780,-0.0330,-0.0129,0.9923,-0.137,0.366,-0.168,-0.75,-0.84
111800,-0.0337,-0.0137,0.9897,-0.092,0.336,-0.366,-0.79,-0.84
111820,-0.0345,-0.0123,0.9922,-0.137,0.412,-0.198,-0.71,-0.84
111840,-0.0333,-0.0126,0.9919,-0.092,0.336,-0.214,-0.73,-0.84
111860,-0.0355,-0.0134,0.9917,-0.229,0.214,-0.290,-0.78,-0.85
111880,-0.0341,-0.0123,0.9916,-0.122,0.198,-0.290,-0.71,-0.85
111900,-0.0330,-0.0109,0.9912,-0.153,0.397,-0.244,-0.63,-0.84
111920,-0.0327,-0.0118,0.9913,-0.168,0.382,-0.214,-0.68,-0.84
111941,-0.0349,-0.0118,0.9939,-0.137,0.290,-0.168,-0.68,-0.84
111960,-0.0331,-0.0128,0.9926,-0.122,0.351,-0.183,-0.74,-0.84
111980,-0.0339,-0.0122,0.9921,-0.092,0.443,-0.198,-0.70,-0.84
112000,-0.0314,-0.0125,0.9930,-0.153,0.336,-0.107,-0.72,-0.84
112020,-0.0308,-0.0111,0.9938,-0.168,0.305,-0.244,-0.64,-0.84
112040,-0.0310,-0.0103,0.9937,-0.183,0.351,-0.336,-0.59,-0.84
112060,-0.0326,-0.0111,0.9915,-0.107,0.397,-0.092,-0.64,-0.84
112080,-0.0326,-0.0096,0.9923,-0.214,0.397,-0.214,-0.56,-0.84
112100,-0.0347,-0.0111,0.9918,-0.137,0.458,-0.275,-0.64,-0.84
112120,-0.0328,-0.0118,0.9923,-0.260,0.397,-0.229,-0.68,-0.84
112140,-0.0339,-0.0129,0.9922,-0.244,0.305,-0.198,-0.75,-0.84
112160,-0.0342,-0.0140,0.9921,-0.107,0.336,-0.305,-0.81,-0.84
112180,-0.0345,-0.0109,0.9922,-0.137,0.336,-0.168,-0.63,-0.84
112200,-0.0330,-0.0125,0.9908,-0.214,0.305,-0.260,-0.72,-0.84
112220,-0.0336,-0.0122,0.9927,-0.198,0.366,-0.122,-0.70,-0.84
112240,-0.0319,-0.0133,0.9910,-0.168,0.427,-0.290,-0.77,-0.85
112260,-0.0336,-0.0118,0.9912,-0.092,0.397,-0.229,-0.68,-0.84
112280,-0.0320,-0.0129,0.9915,-0.076,0.366,-0.168,-0.75,-0.84
112300,-0.0320,-0.0115,0.9918,-0.168,0.336,-0.229,-0.66,-0.84
112320,-0.0311,-0.0111,0.9912,-0.137,0.489,-0.198,-0.64,-0.84
112340,-0.0337,-0.0133,0.9926,-0.107,0.397,-0.153,-0.77,-0.84
112360,-0.0326,-0.0128,0.9923,-0.168,0.305,-0.183,-0.74,-0.84
112380,-0.0322,-0.0115,0.9930,-0.198,0.366,-0.198,-0.66,-0.84
112400,-0.0311,-0.0112,0.9901,-0.183,0.443,-0.183,-0.65,-0.84
112420,-0.0344,-0.0129,0.9927,-0.168,0.336,-0.168,-0.75,-0.85
112440,-0.0337,-0.0133,0.9928,-0.153,0.275,-0.229,-0.77,-0.85
112460,-0.0332,-0.0106,0.9937,-0.107,0.290,-0.260,-0.61,-0.84
112480,-0.0330,-0.0121,0.9930,-0.168,0.336,-0.260,-0.70,-0.84
112500,-0.0345,-0.0100,0.9927,-0.183,0.305,-0.260,-0.58,-0.84
112520,-0.0327,-0.0110,0.9923,-0.092,0.198,-0.275,-0.63,-0.84
112540,-0.0327,-0.0128,0.9924,-0.153,0.290,-0.305,-0.74,-0.84
112560,-0.0330,-0.0132,0.9916,-0.107,0.366,-0.244,-0.76,-0.84
112581,-0.0332,-0.0107,0.9935,-0.061,0.427,-0.229,-0.62,-0.84
112600,-0.0311,-0.0156,0.9906,-0.137,0.244,-0.122,-0.90,-0.84
112620,-0.0327,-0.0121,0.9921,-0.183,0.504,-0.275,-0.70,-0.84
112640,-0.0309,-0.0125,0.9917,-0.168,0.382,-0.183,-0.72,-0.84
112660,-0.0330,-0.0111,0.9912,-0.153,0.397,-0.214,-0.64,-0.84
112680,-0.0328,-0.0110,0.9934,-0.183,0.382,-0.275,-0.63,-0.84
112700,-0.0298,-0.0114,0.9952,-0.107,0.443,-0.244,-0.65,-0.84
112720,-0.0328,-0.0120,0.9930,-0.183,0.290,-0.183,-0.69,-0.84
112741,-0.0339,-0.0131,0.9930,-0.137,0.366,-0.198,-0.75,-0.84
112760,-0.0337,-0.0138,0.9933,-0.214,0.412,-0.198,-0.80,-0.85
112780,-0.0350,-0.0120,0.9934,-0.244,0.443,-0.214,-0.69,-0.85
112800,-0.0345,-0.0138,0.9917,-0.031,0.412,-0.290,-0.80,-0.85
112820,-0.0339,-0.0138,0.9915,-0.183,0.321,-0.260,-0.80,-0.85
112840,-0.0343,-0.0131,0.9897,-0.183,0.397,-0.229,-0.76,-0.85
112860,-0.0308,-0.0133,0.9899,-0.168,0.366,-0.137,-0.77,-0.85
112880,-0.0356,-0.0121,0.9904,-0.229,0.260,-0.122,-0.70,-0.85
112900,-0.0325,-0.0120,0.9910,-0.153,0.397,-0.260,-0.69,-0.85
112920,-0.0323,-0.0129,0.9908,-0.183,0.275,-0.229,-0.75,-0.86
112940,-0.0331,-0.0121,0.9923,-0.168,0.275,-0.168,-0.70,-0.86
112960,-0.0322,-0.0133,0.9918,-0.092,0.366,-0.229,-0.77,-0.86
112999,-0.0326,-0.0134,0.9927,-0.183,0.351,-0.305,-0.77,-0.86
113003,-0.0333,-0.0133,0.9919,-0.107,0.290,-0.244,-0.77,-0.86
113020,-0.0337,-0.0127,0.9943,-0.076,0.366,-0.214,-0.73,-0.86
113040,-0.0345,-0.0132,0.9918,-0.076,0.351,-0.229,-0.76,-0.86
113060,-0.0350,-0.0112,0.9923,-0.122,0.366,-0.214,-0.65,-0.85
113080,-0.0332,-0.0133,0.9911,-0.168,0.305,-0.183,-0.77,-0.86
113100,-0.0345,-0.0111,0.9918,-0.137,0.427,-0.275,-0.64,-0.85
113120,-0.0338,-0.0115,0.9913,-0.122,0.305,-0.244,-0.66,-0.85
113140,-0.0336,-0.0107,0.9899,-0.214,0.290,-0.290,-0.62,-0.85
113160,-0.0347,-0.0120,0.9933,-0.122,0.336,-0.198,-0.69,-0.85
113180,-0.0322,-0.0126,0.9927,-0.275,0.305,-0.107,-0.73,-0.85
113200,-0.0337,-0.0125,0.9917,-0.183,0.366,-0.351,-0.72,-0.86
113220,-0.0316,-0.0117,0.9924,-0.137,0.290,-0.244,-0.68,-0.85
113240,-0.0317,-0.0138,0.9917,-0.183,0.275,-0.214,-0.80,-0.86
113260,-0.0333,-0.0139,0.9929,-0.153,0.290,-0.198,-0.80,-0.86
113280,-0.0319,-0.0135,0.9917,-0.107,0.504,-0.107,-0.78,-0.86
113300,-0.0313,-0.0134,0.9913,-0.137,0.580,-0.260,-0.78,-0.86
113320,-0.0311,-0.0131,0.9917,-0.198,0.305,-0.122,-0.75,-0.86
113340,-0.0304,-0.0126,0.9940,-0.061,0.229,-0.198,-0.72,-0.86
113360,-0.0320,-0.0118,0.9917,0.015,0.336,-0.260,-0.68,-0.86
113380,-0.0330,-0.0138,0.9917,-0.198,0.321,-0.122,-0.80,-0.86
113400,-0.0338,-0.0107,0.9911,-0.137,0.336,-0.107,-0.62,-0.86
113420,-0.0325,-0.0104,0.9924,-0.153,0.336,-0.229,-0.60,-0.86
113440,-0.0325,-0.0103,0.9941,-0.153,0.214,-0.321,-0.59,-0.85
113460,-0.0345,-0.0118,0.9952,-0.122,0.321,-0.168,-0.68,-0.85
113480,-0.0342,-0.0104,0.9948,-0.137,0.336,-0.275,-0.60,-0.85
113500,-0.0331,-0.0117,0.9961,-0.046,0.336,-0.168,-0.67,-0.85
113520,-0.0319,-0.0111,0.9944,-0.168,0.412,-0.198,-0.64,-0.85
113540,-0.0316,-0.0115,0.9924,-0.290,0.336,-0.290,-0.66,-0.85
113560,-0.0333,-0.0117,0.9928,-0.214,0.336,-0.214,-0.68,-0.85
113580,-0.0311,-0.0125,0.9927,-0.168,0.290,-0.153,-0.72,-0.85
113600,-0.0316,-0.0122,0.9923,-0.229,0.351,-0.229,-0.70,-0.85
113620,-0.0327,-0.0115,0.9924,-0.214,0.427,-0.229,-0.66,-0.85
113640,-0.0316,-0.0128,0.9922,-0.107,0.336,-0.321,-0.74,-0.85
113660,-0.0322,-0.0129,0.9912,-0.153,0.290,-0.214,-0.75,-0.85
113680,-0.0344,-0.0107,0.9938,-0.153,0.351,-0.244,-0.62,-0.85
113700,-0.0328,-0.0111,0.9932,-0.183,0.397,-0.305,-0.64,-0.85
113720,-0.0339,-0.0098,0.9951,-0.153,0.275,-0.137,-0.56,-0.85
113740,-0.0331,-0.0098,0.9927,-0.183,0.412,-0.153,-0.56,-0.85
113760,-0.0322,-0.0114,0.9937,-0.198,0.305,-0.336,-0.65,-0.85
113780,-0.0321,-0.0111,0.9937,-0.168,0.397,-0.244,-0.64,-0.84
113800,-0.0332,-0.0103,0.9933,-0.183,0.382,-0.244,-0.59,-0.84
113820,-0.0311,-0.0123,0.9944,-0.137,0.321,-0.244,-0.71,-0.84
113841,-0.0314,-0.0122,0.9923,-0.076,0.290,-0.305,-0.70,-0.84
113860,-0.0295,-0.0125,0.9897,-0.137,0.366,-0.275,-0.72,-0.84
113880,-0.0321,-0.0112,0.9933,-0.183,0.366,-0.229,-0.65,-0.84
113900,-0.0323,-0.0131,0.9917,-0.153,0.412,-0.321,-0.75,-0.84
113920,-0.0326,-0.0121,0.9912,-0.198,0.290,-0.229,-0.70,-0.84
113940,-0.0345,-0.0114,0.9939,-0.183,0.321,-0.198,-0.65,-0.84
113961,-0.0325,-0.0121,0.9935,-0.214,0.275,-0.305,-0.70,-0.85
113980,-0.0325,-0.0099,0.9923,-0.198,0.412,-0.290,-0.57,-0.84
114000,-0.0342,-0.0104,0.9926,-0.107,0.198,-0.275,-0.60,-0.84
114020,-0.0337,-0.0093,0.9928,-0.198,0.351,-0.137,-0.54,-0.84
114040,-0.0327,-0.0109,0.9930,-0.183,0.305,-0.198,-0.63,-0.84
114060,-0.0338,-0.0132,0.9921,-0.229,0.382,-0.275,-0.76,-0.84
114080,-0.0311,-0.0103,0.9930,-0.183,0.290,-0.260,-0.59,-0.84
114100,-0.0326,-0.0117,0.9927,-0.137,0.321,-0.244,-0.68,-0.84
114120,-0.0326,-0.0126,0.9923,-0.183,0.336,-0.198,-0.73,-0.84
114140,-0.0299,-0.0120,0.9929,-0.137,0.397,-0.229,-0.69,-0.84
114160,-0.0331,-0.0135,0.9922,-0.107,0.427,-0.153,-0.78,-0.84
114180,-0.0319,-0.0128,0.9930,-0.107,0.382,-0.198,-0.74,-0.84
114200,-0.0327,-0.0103,0.9938,-0.031,0.305,-0.260,-0.59,-0.84
114220,-0.0333,-0.0103,0.9932,-0.122,0.336,-0.183,-0.59,-0.83
114240,-0.0341,-0.0101,0.9927,-0.092,0.382,-0.168,-0.58,-0.83
114260,-0.0321,-0.0128,0.9919,-0.153,0.366,-0.214,-0.74,-0.83
114280,-0.0326,-0.0115,0.9924,-0.153,0.275,-0.305,-0.66,-0.83
114319,-0.0319,-0.0111,0.9916,-0.122,0.336,-0.305,-0.64,-0.83
114323,-0.0319,-0.0111,0.9923,-0.244,0.305,-0.229,-0.64,-0.83
114340,-0.0330,-0.0115,0.9921,-0.183,0.366,-0.198,-0.66,-0.83
114360,-0.0316,-0.0105,0.9911,-0.122,0.260,-0.244,-0.61,-0.83
114380,-0.0348,-0.0101,0.9917,-0.137,0.397,-0.290,-0.59,-0.83
114400,-0.0327,-0.0101,0.9913,-0.137,0.366,-0.214,-0.59,-0.83
114420,-0.0317,-0.0107,0.9930,-0.092,0.305,-0.260,-0.62,-0.82
114440,-0.0333,-0.0110,0.9924,-0.092,0.366,-0.275,-0.63,-0.82
114461,-0.0327,-0.0120,0.9910,-0.153,0.443,-0.260,-0.69,-0.82
114480,-0.0310,-0.0121,0.9929,-0.092,0.397,-0.260,-0.70,-0.82
114500,-0.0337,-0.0127,0.9939,-0.198,0.290,-0.183,-0.73,-0.82
114520,-0.0328,-0.0128,0.9895,-0.214,0.412,-0.183,-0.74,-0.83
114540,-0.0330,-0.0131,0.9911,-0.137,0.321,-0.198,-0.76,-0.83
114560,-0.0336,-0.0123,0.9922,-0.229,0.382,-0.260,-0.71,-0.83
114580,-0.0322,-0.0122,0.9924,-0.122,0.305,-0.153,-0.70,-0.83
114600,-0.0316,-0.0111,0.9917,-0.214,0.366,-0.168,-0.64,-0.83
114621,-0.0314,-0.0132,0.9940,-0.122,0.366,-0.290,-0.76,-0.83
114640,-0.0315,-0.0111,0.9944,-0.214,0.305,-0.153,-0.64,-0.83
114660,-0.0308,-0.0104,0.9926,-0.198,0.321,-0.260,-0.60,-0.83
114680,-0.0308,-0.0095,0.9943,-0.260,0.366,-0.214,-0.55,-0.83
114700,-0.0294,-0.0110,0.9930,-0.198,0.275,-0.183,-0.63,-0.83
114720,-0.0314,-0.0081,0.9930,-0.153,0.412,-0.183,-0.46,-0.82
114740,-0.0332,-0.0096,0.9932,-0.092,0.412,-0.198,-0.56,-0.82
114760,-0.0316,-0.0116,0.9930,-0.214,0.260,-0.382,-0.67,-0.82
114780,-0.0327,-0.0107,0.9943,-0.214,0.351,-0.290,-0.62,-0.82
114800,-0.0321,-0.0111,0.9950,-0.229,0.382,-0.290,-0.64,-0.82
114821,-0.0306,-0.0116,0.9933,-0.183,0.458,-0.137,-0.67,-0.82
114840,-0.0311,-0.0129,0.9946,-0.168,0.382,-0.229,-0.75,-0.83
114860,-0.0332,-0.0115,0.9939,-0.260,0.382,-0.046,-0.66,-0.83
114880,-0.0330,-0.0107,0.9917,-0.260,0.412,-0.229,-0.62,-0.83
114900,-0.0321,-0.0118,0.9921,-0.153,0.366,-0.061,-0.68,-0.83
114920,-0.0319,-0.0116,0.9917,-0.061,0.397,-0.153,-0.67,-0.83
114940,-0.0333,-0.0131,0.9922,-0.153,0.290,-0.092,-0.75,-0.83
114960,-0.0334,-0.0115,0.9919,-0.137,0.351,-0.214,-0.66,-0.83
114980,-0.0334,-0.0116,0.9951,-0.198,0.290,-0.275,-0.67,-0.83
115000,-0.0343,-0.0112,0.9934,-0.153,0.397,-0.214,-0.65,-0.83
115020,-0.0313,-0.0120,0.9932,-0.198,0.244,-0.153,-0.69,-0.83
115040,-0.0323,-0.0101,0.9926,-0.183,0.443,-0.183,-0.58,-0.83
115060,-0.0316,-0.0115,0.9935,-0.092,0.321,-0.275,-0.66,-0.83
115080,-0.0304,-0.0101,0.9932,-0.336,0.351,-0.275,-0.58,-0.83
115100,-0.0322,-0.0101,0.9935,-0.229,0.290,-0.107,-0.58,-0.83
115120,-0.0323,-0.0125,0.9906,-0.092,0.351,-0.229,-0.72,-0.83
115140,-0.0305,-0.0116,0.9913,-0.183,0.427,-0.153,-0.67,-0.83
115160,-0.0317,-0.0122,0.9927,-0.122,0.244,-0.183,-0.70,-0.83
115180,-0.0319,-0.0104,0.9929,-0.168,0.382,-0.137,-0.60,-0.83
115200,-0.0336,-0.0126,0.9922,-0.076,0.351,-0.229,-0.73,-0.83
115220,-0.0327,-0.0133,0.9910,-0.122,0.336,-0.153,-0.77,-0.83
115240,-0.0347,-0.0122,0.9900,-0.107,0.321,-0.290,-0.71,-0.83
115260,-0.0341,-0.0126,0.9919,-0.107,0.366,-0.336,-0.73,-0.83
115280,-0.0355,-0.0120,0.9922,-0.183,0.412,-0.183,-0.69,-0.83
115300,-0.0331,-0.0100,0.9928,-0.183,0.305,-0.214,-0.58,-0.83
115320,-0.0321,-0.0118,0.9924,-0.061,0.336,-0.229,-0.68,-0.82
115340,-0.0313,-0.0116,0.9932,-0.168,0.275,-0.183,-0.67,-0.82
115360,-0.0304,-0.0116,0.9938,-0.122,0.321,-0.153,-0.67,-0.82
115380,-0.0326,-0.0100,0.9935,-0.214,0.412,-0.244,-0.58,-0.82
115400,-0.0316,-0.0112,0.9913,-0.076,0.351,-0.168,-0.65,-0.82
115420,-0.0297,-0.0128,0.9928,-0.168,0.382,-0.229,-0.74,-0.82
115440,-0.0315,-0.0103,0.9921,-0.046,0.366,-0.260,-0.59,-0.82
115460,-0.0315,-0.0129,0.9918,-0.046,0.290,-0.290,-0.75,-0.82
115480,-0.0337,-0.0103,0.9933,-0.214,0.351,-0.244,-0.59,-0.82
115500,-0.0327,-0.0103,0.9924,-0.153,0.290,-0.290,-0.59,-0.82
115520,-0.0330,-0.0110,0.9918,-0.061,0.443,-0.214,-0.63,-0.81
115540,-0.0322,-0.0116,0.9928,-0.137,0.336,-0.260,-0.67,-0.81
115560,-0.0328,-0.0114,0.9901,-0.183,0.229,-0.229,-0.66,-0.81
115580,-0.0321,-0.0122,0.9916,-0.214,0.397,-0.183,-0.71,-0.82
115600,-0.0309,-0.0122,0.9921,-0.214,0.321,-0.229,-0.70,-0.82
115640,-0.0326,-0.0107,0.9916,-0.061,0.458,-0.153,-0.62,-0.82
115644,-0.0322,-0.0127,0.9939,-0.137,0.336,-0.107,-0.73,-0.82
115660,-0.0319,-0.0116,0.9926,-0.183,0.321,-0.290,-0.67,-0.82
115680,-0.0341,-0.0115,0.9929,-0.137,0.412,-0.031,-0.66,-0.82
115700,-0.0321,-0.0107,0.9912,-0.229,0.321,-0.244,-0.62,-0.82
115720,-0.0332,-0.0115,0.9918,-0.198,0.305,-0.198,-0.66,-0.82
115740,-0.0313,-0.0122,0.9938,-0.137,0.260,-0.137,-0.70,-0.82
115760,-0.0323,-0.0101,0.9924,-0.198,0.366,-0.260,-0.58,-0.82
115780,-0.0317,-0.0120,0.9932,-0.290,0.321,-0.244,-0.69,-0.82
115800,-0.0330,-0.0129,0.9929,-0.107,0.244,-0.321,-0.75,-0.82
115820,-0.0338,-0.0110,0.9934,-0.198,0.305,-0.183,-0.63,-0.82
115840,-0.0330,-0.0128,0.9905,-0.168,0.198,-0.198,-0.74,-0.82
115860,-0.0319,-0.0126,0.9913,-0.198,0.366,-0.244,-0.73,-0.83
115880,-0.0309,-0.0125,0.9923,-0.137,0.427,-0.214,-0.72,-0.83
115900,-0.0311,-0.0118,0.9913,-0.076,0.412,-0.107,-0.68,-0.82
115920,-0.0330,-0.0094,0.9927,-0.046,0.412,-0.153,-0.54,-0.82
115940,-0.0310,-0.0116,0.9917,-0.153,0.351,-0.137,-0.67,-0.82
115960,-0.0309,-0.0107,0.9922,-0.153,0.351,-0.168,-0.62,-0.82
115980,-0.0317,-0.0118,0.9910,-0.229,0.412,-0.214,-0.68,-0.82
116000,-0.0330,-0.0123,0.9934,-0.137,0.321,-0.214,-0.71,-0.82
116020,-0.0334,-0.0111,0.9924,-0.183,0.427,-0.183,-0.64,-0.82
116040,-0.0332,-0.0103,0.9932,-0.198,0.321,-0.198,-0.59,-0.82
116060,-0.0328,-0.0117,0.9926,-0.198,0.412,-0.107,-0.68,-0.82
116080,-0.0330,-0.0110,0.9919,-0.153,0.427,-0.244,-0.63,-0.82
116100,-0.0343,-0.0123,0.9937,-0.137,0.321,-0.183,-0.71,-0.82
116120,-0.0349,-0.0104,0.9930,-0.214,0.382,-0.321,-0.60,-0.82
116140,-0.0332,-0.0128,0.9926,-0.137,0.336,-0.183,-0.74,-0.82
116161,-0.0333,-0.0120,0.9932,-0.137,0.366,-0.183,-0.69,-0.82
116180,-0.0316,-0.0109,0.9927,-0.229,0.229,-0.153,-0.63,-0.82
116200,-0.0330,-0.0110,0.9932,-0.107,0.336,-0.198,-0.63,-0.82
116220,-0.0322,-0.0118,0.9929,-0.198,0.427,-0.198,-0.68,-0.82
116240,-0.0338,-0.0105,0.9917,-0.198,0.427,-0.198,-0.61,-0.82
116260,-0.0319,-0.0111,0.9923,-0.137,0.290,-0.137,-0.64,-0.82
116280,-0.0337,-0.0117,0.9926,-0.168,0.366,-0.229,-0.68,-0.82
116300,-0.0323,-0.0126,0.9929,-0.092,0.275,-0.260,-0.73,-0.82
116320,-0.0321,-0.0129,0.9910,-0.183,0.321,-0.290,-0.75,-0.82
116340,-0.0327,-0.0128,0.9926,-0.153,0.260,-0.031,-0.74,-0.82
116360,-0.0317,-0.0092,0.9912,-0.168,0.168,-0.290,-0.53,-0.82
116380,-0.0315,-0.0094,0.9926,-0.046,0.351,-0.168,-0.54,-0.82
116400,-0.0308,-0.0116,0.9927,-0.183,0.275,-0.244,-0.67,-0.82
116420,-0.0334,-0.0118,0.9926,-0.183,0.305,-0.321,-0.68,-0.82
116440,-0.0320,-0.0132,0.9913,-0.137,0.366,-0.229,-0.76,-0.82
116460,-0.0325,-0.0129,0.9916,-0.198,0.336,-0.244,-0.75,-0.82
116480,-0.0309,-0.0121,0.9895,-0.229,0.351,-0.183,-0.70,-0.82
116500,-0.0311,-0.0121,0.9911,-0.260,0.321,-0.321,-0.70,-0.83
116520,-0.0330,-0.0096,0.9926,-0.107,0.290,-0.260,-0.56,-0.82
116540,-0.0316,-0.0112,0.9924,-0.183,0.321,-0.153,-0.65,-0.82
116560,-0.0323,-0.0131,0.9921,-0.198,0.366,-0.229,-0.75,-0.83
116580,-0.0327,-0.0131,0.9927,-0.107,0.321,-0.244,-0.75,-0.83
116600,-0.0339,-0.0126,0.9939,-0.168,0.351,-0.183,-0.72,-0.83
116620,-0.0314,-0.0114,0.9930,-0.137,0.321,-0.168,-0.65,-0.83
116640,-0.0319,-0.0126,0.9929,-0.183,0.366,-0.305,-0.73,-0.83
116660,-0.0322,-0.0121,0.9938,-0.214,0.351,-0.183,-0.70,-0.83
116680,-0.0315,-0.0111,0.9922,-0.107,0.351,-0.214,-0.64,-0.83
116700,-0.0331,-0.0100,0.9929,-0.168,0.321,-0.214,-0.58,-0.83
116720,-0.0345,-0.0107,0.9912,-0.168,0.321,-0.183,-0.62,-0.83
116740,-0.0321,-0.0133,0.9930,-0.122,0.305,-0.336,-0.77,-0.83
116760,-0.0336,-0.0105,0.9905,-0.153,0.412,-0.198,-0.61,-0.83
116780,-0.0322,-0.0126,0.9911,-0.092,0.366,-0.412,-0.73,-0.83
116800,-0.0333,-0.0112,0.9919,-0.183,0.351,-0.229,-0.65,-0.83
116820,-0.0328,-0.0109,0.9944,-0.137,0.366,-0.122,-0.63,-0.82
116840,-0.0326,-0.0106,0.9921,-0.137,0.321,-0.244,-0.61,-0.82
116860,-0.0322,-0.0106,0.9924,-0.214,0.397,-0.153,-0.61,-0.82
116880,-0.0334,-0.0127,0.9912,-0.092,0.275,-0.244,-0.73,-0.82
116900,-0.0325,-0.0101,0.9937,-0.153,0.397,-0.168,-0.58,-0.82
116920,-0.0325,-0.0101,0.9923,-0.076,0.260,-0.260,-0.58,-0.82
116959,-0.0330,-0.0105,0.9943,-0.183,0.336,-0.321,-0.60,-0.82
116963,-0.0326,-0.0121,0.9932,-0.168,0.305,-0.321,-0.70,-0.82
116980,-0.0325,-0.0144,0.9923,-0.015,0.305,-0.168,-0.83,-0.82
117000,-0.0316,-0.0128,0.9921,-0.153,0.382,-0.168,-0.74,-0.82
117020,-0.0344,-0.0122,0.9952,-0.198,0.321,-0.214,-0.70,-0.82
117040,-0.0331,-0.0123,0.9924,-0.122,0.275,-0.198,-0.71,-0.82
117060,-0.0319,-0.0116,0.9913,-0.198,0.412,-0.183,-0.67,-0.82
117080,-0.0339,-0.0127,0.9921,-0.168,0.336,-0.275,-0.73,-0.82
117100,-0.0332,-0.0103,0.9937,-0.122,0.305,-0.290,-0.59,-0.82
117120,-0.0317,-0.0115,0.9935,-0.183,0.321,-0.275,-0.66,-0.82
117140,-0.0328,-0.0112,0.9932,-0.168,0.336,-0.305,-0.65,-0.82
117160,-0.0320,-0.0103,0.9938,-0.076,0.427,-0.198,-0.59,-0.82
117180,-0.0316,-0.0126,0.9911,-0.137,0.336,-0.260,-0.73,-0.82
117200,-0.0316,-0.0109,0.9919,-0.107,0.305,-0.244,-0.63,-0.82
117220,-0.0319,-0.0101,0.9918,-0.076,0.443,-0.198,-0.59,-0.82
117240,-0.0323,-0.0121,0.9923,-0.153,0.366,-0.305,-0.70,-0.82
117260,-0.0313,-0.0121,0.9938,-0.153,0.321,-0.198,-0.70,-0.82
117280,-0.0325,-0.0123,0.9918,-0.168,0.397,-0.229,-0.71,-0.82
117300,-0.0331,-0.0109,0.9919,-0.137,0.427,-0.183,-0.63,-0.82
117320,-0.0322,-0.0109,0.9916,-0.168,0.427,-0.214,-0.63,-0.82
117340,-0.0319,-0.0101,0.9926,-0.198,0.412,-0.260,-0.58,-0.82
117360,-0.0323,-0.0107,0.9946,-0.137,0.366,-0.229,-0.62,-0.81
117381,-0.0314,-0.0109,0.9932,-0.061,0.366,-0.153,-0.63,-0.81
117400,-0.0330,-0.0114,0.9934,-0.137,0.321,-0.214,-0.65,-0.81
117420,-0.0325,-0.0135,0.9929,-0.168,0.305,-0.229,-0.78,-0.81
117440,-0.0331,-0.0111,0.9932,-0.198,0.321,-0.214,-0.64,-0.81
117460,-0.0325,-0.0134,0.9933,-0.076,0.351,-0.183,-0.77,-0.81
117480,-0.0313,-0.0120,0.9911,-0.107,0.382,-0.168,-0.69,-0.81
117500,-0.0327,-0.0114,0.9908,-0.092,0.351,-0.198,-0.66,-0.81
117520,-0.0345,-0.0125,0.9929,-0.092,0.412,-0.198,-0.72,-0.81
117540,-0.0338,-0.0111,0.9937,-0.168,0.290,-0.229,-0.64,-0.81
117560,-0.0331,-0.0100,0.9935,-0.137,0.397,-0.183,-0.58,-0.81
117581,-0.0332,-0.0096,0.9929,-0.107,0.290,-0.214,-0.56,-0.81
117600,-0.0320,-0.0092,0.9923,-0.076,0.321,-0.305,-0.53,-0.80
117620,-0.0303,-0.0116,0.9935,-0.107,0.336,-0.229,-0.67,-0.80
117640,-0.0343,-0.0112,0.9938,-0.092,0.366,-0.198,-0.65,-0.80
117660,-0.0310,-0.0120,0.9926,-0.153,0.443,-0.260,-0.69,-0.80
117680,-0.0330,-0.0126,0.9919,-0.092,0.382,-0.183,-0.73,-0.80
117700,-0.0343,-0.0116,0.9922,-0.183,0.351,-0.229,-0.67,-0.80
117720,-0.0317,-0.0109,0.9918,-0.137,0.305,-0.198,-0.63,-0.80
117741,-0.0306,-0.0133,0.9911,-0.076,0.412,-0.183,-0.77,-0.80
117760,-0.0328,-0.0105,0.9926,-0.137,0.336,-0.183,-0.61,-0.80
117780,-0.0311,-0.0106,0.9906,-0.031,0.351,-0.122,-0.61,-0.80
117800,-0.0316,-0.0106,0.9938,-0.122,0.275,-0.168,-0.61,-0.80
117820,-0.0330,-0.0115,0.9927,-0.168,0.321,-0.122,-0.66,-0.80
117840,-0.0327,-0.0120,0.9926,-0.076,0.443,-0.137,-0.69,-0.80
117860,-0.0325,-0.0117,0.9934,-0.214,0.336,-0.260,-0.68,-0.80
117880,-0.0344,-0.0111,0.9946,-0.244,0.427,-0.214,-0.64,-0.80
117901,-0.0328,-0.0123,0.9943,-0.214,0.366,-0.260,-0.71,-0.80
117920,-0.0305,-0.0134,0.9928,-0.153,0.458,-0.168,-0.77,-0.81
117940,-0.0334,-0.0125,0.9908,-0.183,0.336,-0.076,-0.72,-0.81
117960,-0.0337,-0.0116,0.9919,-0.122,0.397,-0.137,-0.67,-0.81
117980,-0.0327,-0.0114,0.9932,-0.198,0.290,-0.321,-0.65,-0.81
118000,-0.0328,-0.0132,0.9929,-0.107,0.321,-0.244,-0.76,-0.81
118020,-0.0326,-0.0112,0.9905,-0.198,0.382,-0.290,-0.65,-0.81
118040,-0.0325,-0.0100,0.9927,-0.183,0.351,-0.305,-0.58,-0.81
118060,-0.0323,-0.0118,0.9921,-0.198,0.382,-0.168,-0.68,-0.81
118080,-0.0328,-0.0098,0.9919,-0.229,0.366,-0.275,-0.56,-0.81
118101,-0.0355,-0.0117,0.9933,-0.168,0.443,-0.107,-0.68,-0.81
118120,-0.0330,-0.0140,0.9933,-0.076,0.321,-0.412,-0.81,-0.81
118140,-0.0323,-0.0114,0.9913,-0.198,0.443,-0.244,-0.66,-0.81
118160,-0.0326,-0.0117,0.9923,-0.107,0.366,-0.290,-0.68,-0.81
118180,-0.0326,-0.0135,0.9919,-0.076,0.397,-0.351,-0.78,-0.81
118200,-0.0333,-0.0112,0.9921,-0.183,0.260,-0.290,-0.65,-0.81
118220,-0.0331,-0.0107,0.9926,-0.244,0.427,-0.168,-0.62,-0.81
118240,-0.0314,-0.0122,0.9916,-0.260,0.443,-0.244,-0.71,-0.82
118278,-0.0352,-0.0121,0.9907,-0.153,0.351,-0.214,-0.70,-0.82
118282,-0.0354,-0.0126,0.9910,-0.168,0.382,-0.214,-0.73,-0.82
118300,-0.0332,-0.0112,0.9934,-0.122,0.305,-0.198,-0.65,-0.82
118320,-0.0331,-0.0127,0.9919,-0.214,0.366,-0.229,-0.73,-0.82
118340,-0.0342,-0.0112,0.9928,-0.214,0.382,-0.275,-0.65,-0.82
118360,-0.0339,-0.0129,0.9918,-0.076,0.305,-0.198,-0.75,-0.82
118380,-0.0322,-0.0132,0.9921,-0.183,0.351,-0.198,-0.76,-0.82
118400,-0.0310,-0.0110,0.9937,-0.153,0.351,-0.183,-0.63,-0.82
118420,-0.0320,-0.0123,0.9912,-0.137,0.366,-0.198,-0.71,-0.82
118440,-0.0315,-0.0123,0.9937,-0.153,0.412,-0.198,-0.71,-0.82
118460,-0.0325,-0.0115,0.9940,-0.244,0.382,-0.137,-0.66,-0.83
118480,-0.0321,-0.0126,0.9924,-0.168,0.290,-0.137,-0.73,-0.83
118500,-0.0333,-0.0125,0.9935,-0.198,0.321,-0.336,-0.72,-0.83
118520,-0.0338,-0.0116,0.9926,-0.198,0.351,-0.229,-0.67,-0.83
118540,-0.0315,-0.0121,0.9912,-0.137,0.366,-0.229,-0.70,-0.83
118560,-0.0328,-0.0117,0.9927,-0.168,0.382,-0.183,-0.68,-0.83
118580,-0.0322,-0.0120,0.9932,-0.122,0.321,-0.229,-0.69,-0.83
118600,-0.0320,-0.0125,0.9933,-0.107,0.336,-0.214,-0.72,-0.83
118620,-0.0336,-0.0120,0.9912,-0.137,0.443,-0.244,-0.69,-0.83
118640,-0.0356,-0.0126,0.9934,-0.092,0.305,-0.168,-0.73,-0.83
118660,-0.0330,-0.0129,0.9922,-0.137,0.427,-0.137,-0.75,-0.83
118680,-0.0322,-0.0123,0.9921,-0.122,0.427,-0.198,-0.71,-0.83
118700,-0.0321,-0.0118,0.9917,-0.046,0.427,-0.244,-0.68,-0.83
118720,-0.0334,-0.0118,0.9913,-0.107,0.214,-0.366,-0.68,-0.83
118740,-0.0337,-0.0104,0.9926,-0.061,0.336,-0.229,-0.60,-0.82
118760,-0.0326,-0.0125,0.9912,-0.137,0.321,-0.244,-0.72,-0.82
118780,-0.0323,-0.0122,0.9923,-0.168,0.336,-0.183,-0.70,-0.83
118800,-0.0321,-0.0114,0.9924,-0.122,0.321,-0.168,-0.66,-0.82
118820,-0.0323,-0.0118,0.9926,-0.244,0.412,-0.198,-0.68,-0.83
118840,-0.0314,-0.0129,0.9928,-0.168,0.366,-0.168,-0.75,-0.83
118860,-0.0345,-0.0131,0.9917,-0.168,0.183,-0.382,-0.75,-0.83
118880,-0.0343,-0.0115,0.9927,-0.122,0.351,-0.214,-0.66,-0.83
118900,-0.0334,-0.0143,0.9918,-0.137,0.321,-0.183,-0.83,-0.83
118920,-0.0343,-0.0135,0.9923,-0.031,0.458,-0.214,-0.78,-0.83
118940,-0.0350,-0.0115,0.9913,-0.137,0.366,-0.351,-0.66,-0.83
118960,-0.0331,-0.0125,0.9923,-0.183,0.336,-0.275,-0.72,-0.83
118980,-0.0322,-0.0139,0.9915,0.000,0.351,-0.244,-0.80,-0.83
119000,-0.0344,-0.0135,0.9924,-0.107,0.427,-0.198,-0.78,-0.83
119020,-0.0309,-0.0114,0.9922,-0.214,0.244,-0.153,-0.66,-0.83
119040,-0.0327,-0.0111,0.9916,-0.198,0.336,-0.107,-0.64,-0.83
119060,-0.0316,-0.0129,0.9923,-0.137,0.305,-0.229,-0.75,-0.83
119080,-0.0326,-0.0099,0.9917,-0.137,0.336,-0.183,-0.57,-0.83
119100,-0.0323,-0.0105,0.9930,-0.260,0.290,-0.244,-0.61,-0.83
119120,-0.0328,-0.0109,0.9926,-0.092,0.260,-0.198,-0.63,-0.83
119140,-0.0315,-0.0128,0.9911,-0.137,0.366,-0.168,-0.74,-0.83
119160,-0.0322,-0.0105,0.9921,-0.107,0.351,-0.198,-0.61,-0.83
119180,-0.0327,-0.0133,0.9927,-0.153,0.397,-0.244,-0.77,-0.83
119200,-0.0332,-0.0114,0.9933,-0.183,0.336,-0.366,-0.65,-0.83
119220,-0.0326,-0.0089,0.9913,-0.107,0.290,-0.244,-0.52,-0.83
119240,-0.0336,-0.0122,0.9910,-0.153,0.275,-0.275,-0.71,-0.83
119260,-0.0341,-0.0128,0.9922,-0.122,0.397,-0.214,-0.74,-0.83
119280,-0.0330,-0.0115,0.9923,-0.229,0.427,-0.351,-0.66,-0.83
119300,-0.0331,-0.0139,0.9918,-0.183,0.290,-0.244,-0.80,-0.83
119320,-0.0336,-0.0123,0.9937,-0.168,0.260,-0.382,-0.71,-0.83
119340,-0.0334,-0.0132,0.9910,-0.107,0.366,-0.214,-0.76,-0.83
119360,-0.0323,-0.0122,0.9922,-0.076,0.351,-0.183,-0.70,-0.83
119380,-0.0331,-0.0122,0.9924,-0.244,0.382,-0.198,-0.70,-0.83
119400,-0.0320,-0.0111,0.9915,-0.198,0.275,-0.275,-0.64,-0.83
119420,-0.0326,-0.0114,0.9926,-0.198,0.336,-0.183,-0.66,-0.83
119440,-0.0319,-0.0125,0.9902,-0.198,0.382,-0.153,-0.72,-0.84
119460,-0.0316,-0.0131,0.9927,-0.183,0.382,-0.214,-0.75,-0.84
119480,-0.0322,-0.0122,0.9912,-0.076,0.351,-0.183,-0.71,-0.84
119500,-0.0338,-0.0103,0.9927,-0.198,0.275,-0.229,-0.59,-0.84
119520,-0.0333,-0.0111,0.9923,-0.031,0.305,-0.183,-0.64,-0.83
119540,-0.0319,-0.0110,0.9916,-0.244,0.321,-0.229,-0.63,-0.83
119560,-0.0332,-0.0101,0.9932,-0.107,0.412,-0.168,-0.58,-0.83
119600,-0.0326,-0.0121,0.9923,-0.122,0.397,-0.168,-0.70,-0.83
119604,-0.0342,-0.0128,0.9917,-0.229,0.336,-0.244,-0.74,-0.83
119620,-0.0333,-0.0114,0.9933,-0.183,0.305,-0.198,-0.65,-0.83
119640,-0.0321,-0.0110,0.9923,-0.092,0.412,-0.107,-0.63,-0.83
119660,-0.0317,-0.0122,0.9929,-0.214,0.427,-0.168,-0.70,-0.83
119680,-0.0316,-0.0138,0.9926,-0.229,0.366,-0.260,-0.80,-0.84
119700,-0.0316,-0.0111,0.9912,-0.137,0.427,-0.214,-0.64,-0.84
119720,-0.0345,-0.0117,0.9895,-0.229,0.366,-0.260,-0.68,-0.84
119740,-0.0319,-0.0115,0.9932,-0.198,0.260,-0.214,-0.66,-0.84
119760,-0.0309,-0.0114,0.9930,-0.107,0.351,-0.183,-0.65,-0.84
119780,-0.0313,-0.0120,0.9937,-0.107,0.321,-0.260,-0.69,-0.83
119800,-0.0326,-0.0149,0.9930,-0.168,0.351,-0.275,-0.86,-0.84
119820,-0.0323,-0.0123,0.9929,-0.153,0.305,-0.214,-0.71,-0.84
119840,-0.0337,-0.0106,0.9908,-0.229,0.321,-0.153,-0.61,-0.84
119861,-0.0319,-0.0107,0.9913,-0.183,0.229,-0.290,-0.62,-0.84
119880,-0.0338,-0.0116,0.9905,-0.183,0.382,-0.214,-0.67,-0.84
119900,-0.0314,-0.0112,0.9933,-0.229,0.351,-0.229,-0.65,-0.84
119920,-0.0314,-0.0115,0.9911,-0.183,0.397,-0.153,-0.66,-0.84
119940,-0.0319,-0.0118,0.9930,-0.168,0.412,-0.275,-0.68,-0.84
119960,-0.0332,-0.0120,0.9922,-0.153,0.290,-0.183,-0.69,-0.84
119980,-0.0328,-0.0131,0.9934,-0.137,0.366,-0.305,-0.75,-0.84
